timestamp,cams_ghi,cams_bhi,cams_dhi,cams_bni,cams_reliability
2024-05-14T00:00:00.0,0.0,0.0,0.0,0.0,1.0
2024-05-14T01:00:00.0,0.0,0.0,0.0,0.0,1.0
2024-05-14T02:00:00.0,0.0,0.0,0.0,0.0,1.0
2024-05-14T03:00:00.0,0.0,0.0,0.0,0.0,1.0
2024-05-14T04:00:00.0,0.1283,0.0,0.1283,0.0,0.9
2024-05-14T05:00:00.0,8.0755,0.0,8.0755,0.0,0.7167
2024-05-14T06:00:00.0,32.14,0.0001,32.1399,0.0003,1.0
2024-05-14T07:00:00.0,35.8609,0.0,35.8609,0.0,1.0
2024-05-14T08:00:00.0,76.26,0.0006,76.2594,0.0012,1.0
2024-05-14T09:00:00.0,104.3332,0.0016,104.3317,0.0023,1.0
2024-05-14T10:00:00.0,158.6327,0.023,158.6097,0.0302,1.0
2024-05-14T11:00:00.0,268.5424,2.5386,266.0038,3.0749,1.0
2024-05-14T12:00:00.0,426.813,39.0189,387.7941,46.6682,1.0
2024-05-14T13:00:00.0,357.6969,26.0664,331.6305,31.5659,1.0
2024-05-14T14:00:00.0,320.3404,23.4894,296.851,30.8997,1.0
2024-05-14T15:00:00.0,372.6305,97.4263,275.2042,148.7373,1.0
2024-05-14T16:00:00.0,235.896,9.7919,226.1041,17.6159,1.0
2024-05-14T17:00:00.0,153.3228,9.8164,143.5064,23.2369,1.0
2024-05-14T18:00:00.0,88.4512,18.2499,70.2014,80.5772,1.0
2024-05-14T19:00:00.0,55.712,16.584,39.128,136.6428,0.9083
2024-05-14T20:00:00.0,1.1724,0.0421,1.1303,1.2666,0.8833
2024-05-14T21:00:00.0,0.0,0.0,0.0,0.0,1.0
2024-05-14T22:00:00.0,0.0,0.0,0.0,0.0,1.0
2024-05-14T23:00:00.0,0.0,0.0,0.0,0.0,1.0
2024-05-15T00:00:00.0,0.0,0.0,0.0,0.0,1.0
2024-05-15T01:00:00.0,0.0,0.0,0.0,0.0,1.0
2024-05-15T02:00:00.0,0.0,0.0,0.0,0.0,1.0
2024-05-15T03:00:00.0,0.0,0.0,0.0,0.0,1.0
2024-05-15T04:00:00.0,0.1614,0.0,0.1614,0.0,0.8917
2024-05-15T05:00:00.0,8.3799,0.0,8.3799,0.0,0.7167
2024-05-15T06:00:00.0,20.359,0.0,20.359,0.0,1.0
2024-05-15T07:00:00.0,58.979,0.0,58.979,0.0,1.0
2024-05-15T08:00:00.0,159.303,0.8724,158.4306,1.5416,1.0
2024-05-15T09:00:00.0,234.9915,5.7517,229.2398,8.6866,1.0
2024-05-15T10:00:00.0,257.8866,6.065,251.8216,8.193,1.0
2024-05-15T11:00:00.0,341.6952,15.0041,326.691,18.486,1.0
2024-05-15T12:00:00.0,417.594,31.8869,385.7071,38.0163,1.0
2024-05-15T13:00:00.0,352.2841,59.8396,292.4444,72.4156,1.0
2024-05-15T14:00:00.0,353.5801,31.7993,321.7808,42.2492,1.0
2024-05-15T15:00:00.0,296.6913,19.0515,277.6398,29.6159,1.0
2024-05-15T16:00:00.0,399.9089,167.4284,232.4805,305.672,1.0
2024-05-15T17:00:00.0,303.0272,150.4099,152.6174,368.289,1.0
2024-05-15T18:00:00.0,163.1299,59.3375,103.7923,222.5982,1.0
2024-05-15T19:00:00.0,54.6762,13.8159,40.8603,137.8538,0.9083
2024-05-15T20:00:00.0,1.5847,0.1232,1.4615,3.6584,0.8667
2024-05-15T21:00:00.0,0.0,0.0,0.0,0.0,1.0
2024-05-15T22:00:00.0,0.0,0.0,0.0,0.0,1.0
2024-05-15T23:00:00.0,0.0,0.0,0.0,0.0,1.0
2024-05-16T00:00:00.0,0.0,0.0,0.0,0.0,1.0
2024-05-16T01:00:00.0,0.0,0.0,0.0,0.0,1.0
2024-05-16T02:00:00.0,0.0,0.0,0.0,0.0,1.0
2024-05-16T03:00:00.0,0.0,0.0,0.0,0.0,1.0
2024-05-16T04:00:00.0,0.2048,0.0,0.2048,0.0,0.8833
2024-05-16T05:00:00.0,9.0934,0.0,9.0933,0.0002,0.7167
2024-05-16T06:00:00.0,148.8753,61.3225,87.5528,208.9478,1.0
2024-05-16T07:00:00.0,343.4771,224.5701,118.9069,556.2714,1.0
2024-05-16T08:00:00.0,418.4634,198.6602,219.8032,363.9445,1.0
2024-05-16T09:00:00.0,518.5936,182.215,336.3785,270.2285,1.0
2024-05-16T10:00:00.0,623.9575,235.1474,388.8101,309.2635,1.0
2024-05-16T11:00:00.0,588.5887,166.9642,421.6245,204.2418,1.0
2024-05-16T12:00:00.0,273.3186,6.2088,267.1098,7.3998,1.0
2024-05-16T13:00:00.0,213.2961,8.3436,204.9525,10.3924,1.0
2024-05-16T14:00:00.0,643.5148,318.29,325.2248,411.7789,1.0
2024-05-16T15:00:00.0,268.5386,12.441,256.0976,17.9761,1.0
2024-05-16T16:00:00.0,227.2454,11.4995,215.7459,19.5782,1.0
2024-05-16T17:00:00.0,76.3438,0.0052,76.3386,0.0113,1.0
2024-05-16T18:00:00.0,76.3812,1.1889,75.1923,5.2188,1.0
2024-05-16T19:00:00.0,49.7079,6.0024,43.7055,59.0906,0.9083
2024-05-16T20:00:00.0,1.7156,0.0927,1.6229,2.6446,0.8583
2024-05-16T21:00:00.0,0.0,0.0,0.0,0.0,1.0
2024-05-16T22:00:00.0,0.0,0.0,0.0,0.0,1.0
2024-05-16T23:00:00.0,0.0,0.0,0.0,0.0,1.0
2024-05-17T00:00:00.0,0.0,0.0,0.0,0.0,1.0
2024-05-17T01:00:00.0,0.0,0.0,0.0,0.0,1.0
2024-05-17T02:00:00.0,0.0,0.0,0.0,0.0,1.0
2024-05-17T03:00:00.0,0.0,0.0,0.0,0.0,1.0
2024-05-17T04:00:00.0,0.2135,0.0,0.2135,0.0,0.8667
2024-05-17T05:00:00.0,7.3265,0.0,7.3265,0.0,0.7167
2024-05-17T06:00:00.0,17.8774,0.0,17.8774,0.0,1.0
2024-05-17T07:00:00.0,28.3188,0.0,28.3188,0.0,1.0
2024-05-17T08:00:00.0,51.1807,0.0,51.1807,0.0,1.0
2024-05-17T09:00:00.0,100.4307,0.0029,100.4278,0.0042,1.0
2024-05-17T10:00:00.0,56.9165,0.0041,56.9124,0.0052,1.0
2024-05-17T11:00:00.0,227.2034,0.6743,226.5292,0.8169,1.0
2024-05-17T12:00:00.0,332.3897,8.7283,323.6614,10.3482,1.0
2024-05-17T13:00:00.0,204.3174,2.7893,201.528,3.3595,1.0
2024-05-17T14:00:00.0,72.6515,0.0,72.6515,0.0,1.0
2024-05-17T15:00:00.0,177.0709,8.1459,168.925,12.4923,1.0
2024-05-17T16:00:00.0,161.3114,0.4674,160.8439,0.7892,1.0
2024-05-17T17:00:00.0,95.1995,0.0219,95.1776,0.0555,1.0
2024-05-17T18:00:00.0,74.7739,0.1808,74.5931,0.5802,1.0
2024-05-17T19:00:00.0,39.7316,5.1518,34.5798,54.0332,0.9083
2024-05-17T20:00:00.0,2.0542,0.1344,1.9197,3.8597,0.8417
2024-05-17T21:00:00.0,0.0,0.0,0.0,0.0,1.0
2024-05-17T22:00:00.0,0.0,0.0,0.0,0.0,1.0
2024-05-17T23:00:00.0,0.0,0.0,0.0,0.0,1.0
2024-05-18T00:00:00.0,0.0,0.0,0.0,0.0,1.0
2024-05-18T01:00:00.0,0.0,0.0,0.0,0.0,1.0
2024-05-18T02:00:00.0,0.0,0.0,0.0,0.0,1.0
2024-05-18T03:00:00.0,0.0,0.0,0.0,0.0,1.0
2024-05-18T04:00:00.0,0.2464,0.0,0.2464,0.0,0.8583
2024-05-18T05:00:00.0,7.9478,0.0,7.9478,0.0,0.7167
2024-05-18T06:00:00.0,22.7319,0.0,22.7319,0.0,1.0
2024-05-18T07:00:00.0,37.8429,0.0,37.8429,0.0,1.0
2024-05-18T08:00:00.0,75.3165,0.0002,75.3163,0.0003,1.0
2024-05-18T09:00:00.0,198.4403,3.8765,194.5638,5.729,1.0
2024-05-18T10:00:00.0,226.3041,1.0349,225.2692,1.3746,1.0
2024-05-18T11:00:00.0,355.0853,17.2551,337.8303,20.7271,1.0
2024-05-18T12:00:00.0,457.486,48.3063,409.1797,57.168,1.0
2024-05-18T13:00:00.0,237.1082,9.4357,227.6725,11.2851,1.0
2024-05-18T14:00:00.0,185.9364,0.9096,185.0268,1.1936,1.0
2024-05-18T15:00:00.0,120.7179,0.0363,120.6816,0.0535,1.0
2024-05-18T16:00:00.0,180.923,1.3043,179.6187,2.4115,1.0
2024-05-18T17:00:00.0,188.3444,14.7315,173.6129,36.7472,1.0
2024-05-18T18:00:00.0,110.983,8.5981,102.3849,34.8916,1.0
2024-05-18T19:00:00.0,49.5005,7.5181,41.9824,67.9519,0.9083
2024-05-18T20:00:00.0,2.3851,0.1479,2.2372,3.9826,0.8333
2024-05-18T21:00:00.0,0.0,0.0,0.0,0.0,1.0
2024-05-18T22:00:00.0,0.0,0.0,0.0,0.0,1.0
2024-05-18T23:00:00.0,0.0,0.0,0.0,0.0,1.0
2024-05-19T00:00:00.0,0.0,0.0,0.0,0.0,1.0
2024-05-19T01:00:00.0,0.0,0.0,0.0,0.0,1.0
2024-05-19T02:00:00.0,0.0,0.0,0.0,0.0,1.0
2024-05-19T03:00:00.0,0.0,0.0,0.0,0.0,1.0
2024-05-19T04:00:00.0,2.2506,0.1678,2.0828,4.5693,0.8417
2024-05-19T05:00:00.0,60.0732,18.0005,42.0728,138.6359,0.7167
2024-05-19T06:00:00.0,193.3794,98.3839,94.9954,359.0508,1.0
2024-05-19T07:00:00.0,355.6184,221.2564,134.362,527.9768,1.0
2024-05-19T08:00:00.0,516.691,356.7592,159.9317,640.1006,1.0
2024-05-19T09:00:00.0,659.6926,485.609,174.0836,717.5137,1.0
2024-05-19T10:00:00.0,771.3553,591.4813,179.874,769.4976,1.0
2024-05-19T11:00:00.0,735.2522,391.9404,343.3118,475.1889,1.0
2024-05-19T12:00:00.0,813.0698,568.0636,245.0063,670.8113,1.0
2024-05-19T13:00:00.0,843.9017,662.501,181.4008,800.3666,1.0
2024-05-19T14:00:00.0,774.0514,594.3156,179.7357,771.1896,1.0
2024-05-19T15:00:00.0,665.3171,496.4095,168.9077,730.6861,1.0
2024-05-19T16:00:00.0,420.0893,190.3531,229.7362,323.7186,1.0
2024-05-19T17:00:00.0,260.7099,95.9384,164.7715,246.5525,1.0
2024-05-19T18:00:00.0,97.0355,10.1301,86.9054,30.1284,1.0
2024-05-19T19:00:00.0,45.4349,4.8744,40.5606,53.7404,1.0
2024-05-19T20:00:00.0,2.8876,0.271,2.6166,6.8832,0.8583
2024-05-19T21:00:00.0,0.0,0.0,0.0,0.0,1.0
2024-05-19T22:00:00.0,0.0,0.0,0.0,0.0,1.0
2024-05-19T23:00:00.0,0.0,0.0,0.0,0.0,1.0
2024-05-20T00:00:00.0,0.0,0.0,0.0,0.0,1.0
2024-05-20T01:00:00.0,0.0,0.0,0.0,0.0,1.0
2024-05-20T02:00:00.0,0.0,0.0,0.0,0.0,1.0
2024-05-20T03:00:00.0,0.0,0.0,0.0,0.0,1.0
2024-05-20T04:00:00.0,2.9475,0.5141,2.4335,13.9095,0.8333
2024-05-20T05:00:00.0,65.5288,25.5,40.0287,215.8565,0.7167
2024-05-20T06:00:00.0,189.7831,98.5859,91.1972,371.9424,1.0
2024-05-20T07:00:00.0,381.1954,279.1654,102.03,660.6246,1.0
2024-05-20T08:00:00.0,547.1032,429.4633,117.6399,768.4315,1.0
2024-05-20T09:00:00.0,687.8037,557.5758,130.2279,821.7883,1.0
2024-05-20T10:00:00.0,796.5054,659.4085,137.0969,855.817,1.0
2024-05-20T11:00:00.0,864.699,724.7192,139.9799,874.6374,1.0
2024-05-20T12:00:00.0,888.0335,747.5411,140.4924,880.7287,1.0
2024-05-20T13:00:00.0,864.8647,725.9999,138.8648,875.0468,1.0
2024-05-20T14:00:00.0,796.3326,662.0922,134.2404,856.9649,1.0
2024-05-20T15:00:00.0,688.2381,562.7219,125.5162,825.7449,1.0
2024-05-20T16:00:00.0,549.0316,436.6705,112.361,776.0697,1.0
2024-05-20T17:00:00.0,389.7384,295.1251,94.6133,695.1773,1.0
2024-05-20T18:00:00.0,224.9508,153.3288,71.622,551.9796,1.0
2024-05-20T19:00:00.0,79.0111,40.7657,38.2454,296.828,1.0
2024-05-20T20:00:00.0,3.6933,0.706,2.9874,17.598,0.8417
2024-05-20T21:00:00.0,0.0,0.0,0.0,0.0,1.0
2024-05-20T22:00:00.0,0.0,0.0,0.0,0.0,1.0
2024-05-20T23:00:00.0,0.0,0.0,0.0,0.0,1.0
2024-05-21T00:00:00.0,0.0,0.0,0.0,0.0,1.0
2024-05-21T01:00:00.0,0.0,0.0,0.0,0.0,1.0
2024-05-21T02:00:00.0,0.0,0.0,0.0,0.0,1.0
2024-05-21T03:00:00.0,0.0,0.0,0.0,0.0,1.0
2024-05-21T04:00:00.0,1.5226,0.0,1.5226,0.0,0.825
2024-05-21T05:00:00.0,26.3752,0.0,26.3752,0.0001,0.7167
2024-05-21T06:00:00.0,58.3371,4.5469,53.7902,13.767,1.0
2024-05-21T07:00:00.0,104.0949,2.2447,101.8502,6.2781,1.0
2024-05-21T08:00:00.0,126.6905,0.0236,126.6669,0.0399,1.0
2024-05-21T09:00:00.0,260.0101,12.8767,247.1334,18.6814,1.0
2024-05-21T10:00:00.0,354.5631,18.731,335.8321,24.0453,1.0
2024-05-21T11:00:00.0,482.928,70.112,412.816,84.0476,1.0
2024-05-21T12:00:00.0,686.0951,233.8689,452.2262,274.9857,1.0
2024-05-21T13:00:00.0,810.7281,510.765,299.9631,614.4054,1.0
2024-05-21T14:00:00.0,644.1429,261.551,382.5919,339.3834,1.0
2024-05-21T15:00:00.0,385.2414,140.8007,244.4407,196.7218,1.0
2024-05-21T16:00:00.0,327.4761,71.8708,255.6053,134.9578,1.0
2024-05-21T17:00:00.0,273.3937,66.5168,206.8769,152.6646,1.0
2024-05-21T18:00:00.0,134.2441,21.5803,112.6638,69.0212,1.0
2024-05-21T19:00:00.0,52.5201,7.7856,44.7344,67.6315,1.0
2024-05-21T20:00:00.0,3.6477,0.2648,3.383,6.2299,0.825
2024-05-21T21:00:00.0,0.0,0.0,0.0,0.0,1.0
2024-05-21T22:00:00.0,0.0,0.0,0.0,0.0,1.0
2024-05-21T23:00:00.0,0.0,0.0,0.0,0.0,1.0
2024-05-22T00:00:00.0,0.0,0.0,0.0,0.0,1.0
2024-05-22T01:00:00.0,0.0,0.0,0.0,0.0,1.0
2024-05-22T02:00:00.0,0.0,0.0,0.0,0.0,1.0
2024-05-22T03:00:00.0,0.0,0.0,0.0,0.0,1.0
2024-05-22T04:00:00.0,3.3964,0.3101,3.0863,7.629,0.8167
2024-05-22T05:00:00.0,69.8481,23.8584,45.9897,169.2733,0.7167
2024-05-22T06:00:00.0,207.0076,110.8775,96.1302,396.2867,1.0
2024-05-22T07:00:00.0,299.1828,130.8177,168.3651,316.3362,1.0
2024-05-22T08:00:00.0,356.3933,90.2025,266.1908,159.6689,1.0
2024-05-22T09:00:00.0,463.2805,144.9268,318.3537,208.4391,1.0
2024-05-22T10:00:00.0,487.8891,120.8373,367.0518,157.7157,1.0
2024-05-22T11:00:00.0,650.7253,216.3708,434.3546,260.9244,1.0
2024-05-22T12:00:00.0,548.8478,121.2547,427.5931,142.2714,1.0
2024-05-22T13:00:00.0,414.8874,32.898,381.9894,39.453,1.0
2024-05-22T14:00:00.0,249.1065,5.9937,243.1127,7.5124,1.0
2024-05-22T15:00:00.0,290.4059,19.863,270.5429,30.2741,1.0
2024-05-22T16:00:00.0,361.9244,94.335,267.5894,164.2913,1.0
2024-05-22T17:00:00.0,308.1982,144.2872,163.911,345.2103,1.0
2024-05-22T18:00:00.0,86.7672,6.0087,80.7585,18.4792,1.0
2024-05-22T19:00:00.0,53.2394,6.4971,46.7423,52.7762,1.0
2024-05-22T20:00:00.0,3.8333,0.0353,3.798,0.7887,0.8167
2024-05-22T21:00:00.0,0.0,0.0,0.0,0.0,1.0
2024-05-22T22:00:00.0,0.0,0.0,0.0,0.0,1.0
2024-05-22T23:00:00.0,0.0,0.0,0.0,0.0,1.0
2024-05-23T00:00:00.0,0.0,0.0,0.0,0.0,1.0
2024-05-23T01:00:00.0,0.0,0.0,0.0,0.0,1.0
2024-05-23T02:00:00.0,0.0,0.0,0.0,0.0,1.0
2024-05-23T03:00:00.0,0.0,0.0,0.0,0.0,1.0
2024-05-23T04:00:00.0,2.5742,0.0034,2.5708,0.0797,0.8
2024-05-23T05:00:00.0,39.2366,0.1078,39.1287,0.8777,0.7167
2024-05-23T06:00:00.0,97.0107,1.8414,95.1693,5.6075,1.0
2024-05-23T07:00:00.0,259.3594,63.9304,195.429,145.3583,1.0
2024-05-23T08:00:00.0,331.3441,61.0469,270.2972,110.8867,1.0
2024-05-23T09:00:00.0,381.8406,49.2019,332.6388,72.5268,1.0
2024-05-23T10:00:00.0,399.1104,42.5818,356.5286,53.7602,1.0
2024-05-23T11:00:00.0,484.7174,71.8544,412.863,86.7062,1.0
2024-05-23T12:00:00.0,477.7485,61.826,415.9225,72.3366,1.0
2024-05-23T13:00:00.0,484.8993,77.7029,407.1965,92.9827,1.0
2024-05-23T14:00:00.0,293.9707,6.6378,287.3329,8.5841,1.0
2024-05-23T15:00:00.0,338.0314,38.2375,299.7939,55.9167,1.0
2024-05-23T16:00:00.0,227.7672,6.8563,220.9109,11.9708,1.0
2024-05-23T17:00:00.0,224.8766,26.3654,198.5112,63.7071,1.0
2024-05-23T18:00:00.0,110.4539,2.1483,108.3056,6.4105,1.0
2024-05-23T19:00:00.0,60.7676,5.6588,55.1088,44.8118,1.0
2024-05-23T20:00:00.0,5.0178,0.2599,4.7579,5.6538,0.8083
2024-05-23T21:00:00.0,0.0,0.0,0.0,0.0,1.0
2024-05-23T22:00:00.0,0.0,0.0,0.0,0.0,1.0
2024-05-23T23:00:00.0,0.0,0.0,0.0,0.0,1.0
2024-05-24T00:00:00.0,0.0,0.0,0.0,0.0,1.0
2024-05-24T01:00:00.0,0.0,0.0,0.0,0.0,1.0
2024-05-24T02:00:00.0,0.0,0.0,0.0,0.0,1.0
2024-05-24T03:00:00.0,0.0,0.0,0.0,0.0,1.0
2024-05-24T04:00:00.0,4.8664,1.0069,3.8595,22.7306,0.7917
2024-05-24T05:00:00.0,87.1109,46.8091,40.3019,331.4099,0.7167
2024-05-24T06:00:00.0,234.6454,163.1462,71.4991,578.5584,1.0
2024-05-24T07:00:00.0,387.661,284.7281,102.9329,657.0153,1.0
2024-05-24T08:00:00.0,422.7006,197.3252,225.3754,365.1569,1.0
2024-05-24T09:00:00.0,369.8939,46.3209,323.573,68.7019,1.0
2024-05-24T10:00:00.0,324.7509,10.9984,313.7524,13.8675,1.0
2024-05-24T11:00:00.0,591.9554,177.4016,414.5538,211.2977,1.0
2024-05-24T12:00:00.0,692.812,294.4756,398.3363,344.0518,1.0
2024-05-24T13:00:00.0,450.7031,59.6698,391.0333,70.6462,1.0
2024-05-24T14:00:00.0,416.2408,61.0714,355.1693,79.5468,1.0
2024-05-24T15:00:00.0,550.2244,286.5706,263.6537,410.8752,1.0
2024-05-24T16:00:00.0,538.0611,401.2903,136.7708,710.5046,1.0
2024-05-24T17:00:00.0,410.5691,324.46,86.1091,747.4706,1.0
2024-05-24T18:00:00.0,245.8373,180.4352,65.4022,628.4683,1.0
2024-05-24T19:00:00.0,95.718,58.4963,37.2216,404.1887,1.0
2024-05-24T20:00:00.0,6.6174,2.1451,4.4724,45.5734,0.7917
2024-05-24T21:00:00.0,0.0,0.0,0.0,0.0,1.0
2024-05-24T22:00:00.0,0.0,0.0,0.0,0.0,1.0
2024-05-24T23:00:00.0,0.0,0.0,0.0,0.0,1.0
2024-05-25T00:00:00.0,0.0,0.0,0.0,0.0,1.0
2024-05-25T01:00:00.0,0.0,0.0,0.0,0.0,1.0
2024-05-25T02:00:00.0,0.0,0.0,0.0,0.0,1.0
2024-05-25T03:00:00.0,0.0,0.0,0.0,0.0,1.0
2024-05-25T04:00:00.0,0.6263,0.0,0.6263,0.0,0.7833
2024-05-25T05:00:00.0,10.0568,0.0,10.0568,0.0,0.7167
2024-05-25T06:00:00.0,41.8698,0.0013,41.8686,0.0036,1.0
2024-05-25T07:00:00.0,144.623,1.1679,143.455,2.7166,1.0
2024-05-25T08:00:00.0,108.0533,0.0956,107.9576,0.1872,1.0
2024-05-25T09:00:00.0,88.4689,0.0006,88.4683,0.0009,1.0
2024-05-25T10:00:00.0,116.9267,0.0209,116.9058,0.0259,1.0
2024-05-25T11:00:00.0,266.0197,2.1731,263.8466,2.5828,1.0
2024-05-25T12:00:00.0,279.373,2.0677,277.3052,2.4118,1.0
2024-05-25T13:00:00.0,157.1959,0.1432,157.0527,0.1681,1.0
2024-05-25T14:00:00.0,169.7644,0.1383,169.6261,0.1749,1.0
2024-05-25T15:00:00.0,111.8022,0.007,111.7952,0.0096,1.0
2024-05-25T16:00:00.0,73.233,0.0013,73.2317,0.002,1.0
2024-05-25T17:00:00.0,37.7405,0.0,37.7405,0.0,1.0
2024-05-25T18:00:00.0,61.3125,0.7294,60.5831,2.8212,1.0
2024-05-25T19:00:00.0,50.4743,11.079,39.3953,89.6987,1.0
2024-05-25T20:00:00.0,6.4268,1.2027,5.2241,23.9572,0.7833
2024-05-25T21:00:00.0,0.0,0.0,0.0,0.0,1.0
2024-05-25T22:00:00.0,0.0,0.0,0.0,0.0,1.0
2024-05-25T23:00:00.0,0.0,0.0,0.0,0.0,1.0
2024-05-26T00:00:00.0,0.0,0.0,0.0,0.0,1.0
2024-05-26T01:00:00.0,0.0,0.0,0.0,0.0,1.0
2024-05-26T02:00:00.0,0.0,0.0,0.0,0.0,1.0
2024-05-26T03:00:00.0,0.0,0.0,0.0,0.0,1.0
2024-05-26T04:00:00.0,0.8156,0.0,0.8156,0.0,0.775
2024-05-26T05:00:00.0,11.3705,0.0,11.3705,0.0,0.8417
2024-05-26T06:00:00.0,140.7483,33.6061,107.1422,106.7141,1.0
2024-05-26T07:00:00.0,299.6494,80.2448,219.4047,190.0969,1.0
2024-05-26T08:00:00.0,388.6094,73.5709,315.0385,129.3684,1.0
2024-05-26T09:00:00.0,476.0359,96.3922,379.6438,140.7339,1.0
2024-05-26T10:00:00.0,512.4713,97.2656,415.2058,125.4115,1.0
2024-05-26T11:00:00.0,404.6605,29.2632,375.3973,34.8002,1.0
2024-05-26T12:00:00.0,404.3901,33.3061,371.084,38.7841,1.0
2024-05-26T13:00:00.0,340.3274,34.2639,306.0636,40.331,1.0
2024-05-26T14:00:00.0,274.5332,16.438,258.0952,21.0396,1.0
2024-05-26T15:00:00.0,210.1198,8.6582,201.4616,13.138,1.0
2024-05-26T16:00:00.0,330.2668,36.6837,293.5831,61.8534,1.0
2024-05-26T17:00:00.0,224.7029,28.6085,196.0944,66.3269,1.0
2024-05-26T18:00:00.0,133.8266,4.726,129.1006,17.7651,1.0
2024-05-26T19:00:00.0,82.5224,25.2261,57.2963,198.8749,1.0
2024-05-26T20:00:00.0,7.3929,1.6088,5.7841,30.6062,0.775
2024-05-26T21:00:00.0,0.0,0.0,0.0,0.0,1.0
2024-05-26T22:00:00.0,0.0,0.0,0.0,0.0,1.0
2024-05-26T23:00:00.0,0.0,0.0,0.0,0.0,1.0
2024-05-27T00:00:00.0,0.0,0.0,0.0,0.0,1.0
2024-05-27T01:00:00.0,0.0,0.0,0.0,0.0,1.0
2024-05-27T02:00:00.0,0.0,0.0,0.0,0.0,1.0
2024-05-27T03:00:00.0,0.0,0.0,0.0,0.0,1.0
2024-05-27T04:00:00.0,0.8933,0.0,0.8933,0.0,0.7667
2024-05-27T05:00:00.0,11.8845,0.0,11.8845,0.0,0.8417
2024-05-27T06:00:00.0,35.6751,0.0012,35.6739,0.0035,1.0
2024-05-27T07:00:00.0,153.5329,0.7142,152.8186,1.5674,0.9083
2024-05-27T08:00:00.0,220.9759,5.8777,215.0982,9.856,0.8417
2024-05-27T09:00:00.0,331.6655,86.6585,245.007,124.7183,1.0
2024-05-27T10:00:00.0,338.6283,12.87,325.7582,16.4273,1.0
2024-05-27T11:00:00.0,477.6772,122.6403,355.0368,144.562,1.0
2024-05-27T12:00:00.0,744.0436,447.2262,296.8174,519.3638,1.0
2024-05-27T13:00:00.0,440.179,47.3004,392.8786,56.0026,1.0
2024-05-27T14:00:00.0,387.1473,37.7866,349.3607,48.492,1.0
2024-05-27T15:00:00.0,454.4315,194.3357,260.0958,288.7208,1.0
2024-05-27T16:00:00.0,555.5046,423.5321,131.9725,735.8803,1.0
2024-05-27T17:00:00.0,319.4695,138.159,181.3105,295.9587,1.0
2024-05-27T18:00:00.0,154.3536,18.0,136.3536,62.4787,1.0
2024-05-27T19:00:00.0,77.0778,13.8338,63.2439,99.655,1.0
2024-05-27T20:00:00.0,7.8389,1.9348,5.9041,36.9118,0.7667
2024-05-27T21:00:00.0,0.0,0.0,0.0,0.0,1.0
2024-05-27T22:00:00.0,0.0,0.0,0.0,0.0,1.0
2024-05-27T23:00:00.0,0.0,0.0,0.0,0.0,1.0
2024-05-28T00:00:00.0,0.0,0.0,0.0,0.0,1.0
2024-05-28T01:00:00.0,0.0,0.0,0.0,0.0,1.0
2024-05-28T02:00:00.0,0.0,0.0,0.0,0.0,1.0
2024-05-28T03:00:00.0,0.0,0.0,0.0,0.0,1.0
2024-05-28T04:00:00.0,0.9942,0.0,0.9942,0.0,0.7583
2024-05-28T05:00:00.0,11.9784,0.0,11.9784,0.0,0.8417
2024-05-28T06:00:00.0,43.7744,0.1017,43.6728,0.2846,1.0
2024-05-28T07:00:00.0,203.8667,12.1503,191.7165,27.8556,1.0
2024-05-28T08:00:00.0,200.0578,12.1499,187.9078,22.7775,1.0
2024-05-28T09:00:00.0,245.0396,2.443,242.5965,3.5785,1.0
2024-05-28T10:00:00.0,367.627,29.5172,338.1099,36.951,1.0
2024-05-28T11:00:00.0,553.4461,125.5159,427.9302,148.3387,1.0
2024-05-28T12:00:00.0,664.7853,220.2659,444.5194,255.5932,1.0
2024-05-28T13:00:00.0,556.1293,126.4051,429.7242,149.5045,1.0
2024-05-28T14:00:00.0,264.2504,9.3022,254.9482,11.4317,1.0
2024-05-28T15:00:00.0,95.4123,0.0011,95.4112,0.0014,1.0
2024-05-28T16:00:00.0,99.701,0.0998,99.6012,0.1925,1.0
2024-05-28T17:00:00.0,208.878,28.2503,180.6277,62.4729,1.0
2024-05-28T18:00:00.0,114.3916,1.9964,112.3952,7.9569,1.0
2024-05-28T19:00:00.0,81.8242,26.243,55.5812,197.1128,1.0
2024-05-28T20:00:00.0,8.6011,1.88,6.7211,34.174,0.75
2024-05-28T21:00:00.0,0.0,0.0,0.0,0.0,1.0
2024-05-28T22:00:00.0,0.0,0.0,0.0,0.0,1.0
2024-05-28T23:00:00.0,0.0,0.0,0.0,0.0,1.0
2024-05-29T00:00:00.0,0.0,0.0,0.0,0.0,1.0
2024-05-29T01:00:00.0,0.0,0.0,0.0,0.0,1.0
2024-05-29T02:00:00.0,0.0,0.0,0.0,0.0,1.0
2024-05-29T03:00:00.0,0.0,0.0,0.0,0.0,1.0
2024-05-29T04:00:00.0,1.0359,0.0,1.0359,0.0,0.75
2024-05-29T05:00:00.0,12.184,0.0,12.184,0.0,0.8417
2024-05-29T06:00:00.0,28.2466,0.0,28.2466,0.0,1.0
2024-05-29T07:00:00.0,138.2725,7.9372,130.3353,16.2616,1.0
2024-05-29T08:00:00.0,264.6807,19.2542,245.4265,35.4516,1.0
2024-05-29T09:00:00.0,278.3847,14.4871,263.8976,20.4569,1.0
2024-05-29T10:00:00.0,353.8991,18.8606,335.0385,24.3079,1.0
2024-05-29T11:00:00.0,452.1544,58.643,393.5114,69.8127,1.0
2024-05-29T12:00:00.0,655.5499,263.7756,391.7743,305.4438,1.0
2024-05-29T13:00:00.0,825.6296,624.0443,201.5853,740.905,1.0
2024-05-29T14:00:00.0,584.2513,233.3047,350.9466,291.9502,1.0
2024-05-29T15:00:00.0,355.1203,46.4249,308.6954,65.8751,1.0
2024-05-29T16:00:00.0,435.2159,200.9844,234.2314,351.6475,1.0
2024-05-29T17:00:00.0,388.9309,271.7499,117.181,601.0191,1.0
2024-05-29T18:00:00.0,230.5891,140.9814,89.6078,491.0206,1.0
2024-05-29T19:00:00.0,105.3368,63.1762,42.1606,403.818,1.0
2024-05-29T20:00:00.0,10.0518,3.3924,6.6594,61.5148,0.7417
2024-05-29T21:00:00.0,0.0,0.0,0.0,0.0,1.0
2024-05-29T22:00:00.0,0.0,0.0,0.0,0.0,1.0
2024-05-29T23:00:00.0,0.0,0.0,0.0,0.0,1.0
2024-05-30T00:00:00.0,0.0,0.0,0.0,0.0,1.0
2024-05-30T01:00:00.0,0.0,0.0,0.0,0.0,1.0
2024-05-30T02:00:00.0,0.0,0.0,0.0,0.0,1.0
2024-05-30T03:00:00.0,0.0,0.0,0.0,0.0,1.0
2024-05-30T04:00:00.0,5.9667,0.3566,5.6101,6.8761,0.7417
2024-05-30T05:00:00.0,59.2626,3.7775,55.4851,31.3551,0.8417
2024-05-30T06:00:00.0,147.5416,41.4417,106.0998,155.9752,1.0
2024-05-30T07:00:00.0,137.8018,7.8909,129.911,17.2066,1.0
2024-05-30T08:00:00.0,211.0542,13.8137,197.2405,24.3212,1.0
2024-05-30T09:00:00.0,262.7477,24.6593,238.0884,34.5426,1.0
2024-05-30T10:00:00.0,243.0773,2.3718,240.7055,3.0273,1.0
2024-05-30T11:00:00.0,431.0354,49.6959,381.3395,58.4503,1.0
2024-05-30T12:00:00.0,483.7042,62.2545,421.4496,72.0197,1.0
2024-05-30T13:00:00.0,382.9288,51.3346,331.5942,60.0849,1.0
2024-05-30T14:00:00.0,469.039,140.3893,328.6497,179.0735,1.0
2024-05-30T15:00:00.0,528.5193,291.1465,237.3729,429.5528,1.0
2024-05-30T16:00:00.0,459.7635,245.5058,214.2577,417.974,1.0
2024-05-30T17:00:00.0,180.1215,5.4092,174.7123,11.039,1.0
2024-05-30T18:00:00.0,106.753,9.9072,96.8458,36.6419,1.0
2024-05-30T19:00:00.0,78.5418,26.4119,52.1299,196.0838,1.0
2024-05-30T20:00:00.0,9.9644,2.4301,7.5343,42.4087,0.7333
2024-05-30T21:00:00.0,0.0,0.0,0.0,0.0,1.0
2024-05-30T22:00:00.0,0.0,0.0,0.0,0.0,1.0
2024-05-30T23:00:00.0,0.0,0.0,0.0,0.0,1.0
2024-05-31T00:00:00.0,0.0,0.0,0.0,0.0,1.0
2024-05-31T01:00:00.0,0.0,0.0,0.0,0.0,1.0
2024-05-31T02:00:00.0,0.0,0.0,0.0,0.0,1.0
2024-05-31T03:00:00.0,0.0,0.0,0.0,0.0,1.0
2024-05-31T04:00:00.0,6.1017,0.4556,5.6462,8.77,0.7417
2024-05-31T05:00:00.0,86.4228,37.9399,48.483,219.0277,0.8417
2024-05-31T06:00:00.0,242.2725,167.5427,74.7298,570.7385,1.0
2024-05-31T07:00:00.0,404.8264,306.9511,97.8753,698.3282,1.0
2024-05-31T08:00:00.0,543.0091,408.1593,134.8498,706.8165,1.0
2024-05-31T09:00:00.0,661.4774,462.6924,198.785,663.457,1.0
2024-05-31T10:00:00.0,777.898,566.1498,211.7481,720.8892,1.0
2024-05-31T11:00:00.0,804.0146,490.5362,313.4784,580.0312,1.0
2024-05-31T12:00:00.0,900.3592,754.9478,145.4114,872.1741,1.0
2024-05-31T13:00:00.0,848.8953,642.0349,206.8603,755.7963,1.0
2024-05-31T14:00:00.0,662.6252,370.0474,292.5778,467.6017,1.0
2024-05-31T15:00:00.0,697.9825,538.0446,159.9379,765.935,1.0
2024-05-31T16:00:00.0,538.3032,377.4461,160.857,637.4873,1.0
2024-05-31T17:00:00.0,313.2684,132.2345,181.0338,296.1065,1.0
2024-05-31T18:00:00.0,228.2324,130.3806,97.8518,433.5452,1.0
2024-05-31T19:00:00.0,99.6809,48.8068,50.8741,299.4946,1.0
2024-05-31T20:00:00.0,10.3983,2.4406,7.9577,41.6536,0.725
2024-05-31T21:00:00.0,0.0,0.0,0.0,0.0,1.0
2024-05-31T22:00:00.0,0.0,0.0,0.0,0.0,1.0
2024-05-31T23:00:00.0,0.0,0.0,0.0,0.0,1.0
2024-06-01T00:00:00.0,0.0,0.0,0.0,0.0,1.0
2024-06-01T01:00:00.0,0.0,0.0,0.0,0.0,1.0
2024-06-01T02:00:00.0,0.0,0.0,0.0,0.0,1.0
2024-06-01T03:00:00.0,0.0,0.0,0.0,0.0,1.0
2024-06-01T04:00:00.0,8.3166,2.0132,6.3034,38.1313,0.7333
2024-06-01T05:00:00.0,90.7296,43.541,47.1886,290.3237,0.8417
2024-06-01T06:00:00.0,239.4883,158.1355,81.3528,532.7071,1.0
2024-06-01T07:00:00.0,389.1815,274.1437,115.0378,617.9504,1.0
2024-06-01T08:00:00.0,566.6204,444.9168,121.7035,769.6298,1.0
2024-06-01T09:00:00.0,709.2052,580.8745,128.3307,833.7375,1.0
2024-06-01T10:00:00.0,822.3106,697.463,124.8476,885.0533,1.0
2024-06-01T11:00:00.0,895.6802,778.7016,116.9785,920.3747,1.0
2024-06-01T12:00:00.0,921.3159,806.2728,115.0431,930.2222,1.0
2024-06-01T13:00:00.0,897.5288,777.2156,120.3132,915.6937,1.0
2024-06-01T14:00:00.0,828.8643,706.2526,122.6117,890.2962,1.0
2024-06-01T15:00:00.0,692.7921,543.914,148.8781,767.214,1.0
2024-06-01T16:00:00.0,449.5511,199.6223,249.9288,349.2055,1.0
2024-06-01T17:00:00.0,406.2215,299.3122,106.9093,664.3116,1.0
2024-06-01T18:00:00.0,217.9686,115.7175,102.2512,364.2462,1.0
2024-06-01T19:00:00.0,106.4883,59.6511,46.8372,373.9184,1.0
2024-06-01T20:00:00.0,12.0941,4.0006,8.0934,67.156,0.7167
2024-06-01T21:00:00.0,0.0,0.0,0.0,0.0,1.0
2024-06-01T22:00:00.0,0.0,0.0,0.0,0.0,1.0
2024-06-01T23:00:00.0,0.0,0.0,0.0,0.0,1.0
2024-06-02T00:00:00.0,0.0,0.0,0.0,0.0,1.0
2024-06-02T01:00:00.0,0.0,0.0,0.0,0.0,1.0
2024-06-02T02:00:00.0,0.0,0.0,0.0,0.0,1.0
2024-06-02T03:00:00.0,0.0,0.0,0.0,0.0,1.0
2024-06-02T04:00:00.0,9.4467,3.0949,6.3518,57.5088,0.725
2024-06-02T05:00:00.0,102.6742,62.1261,40.548,402.7781,0.8417
2024-06-02T06:00:00.0,252.083,185.89,66.193,628.4573,1.0
2024-06-02T07:00:00.0,415.3355,333.0613,82.2743,754.0094,1.0
2024-06-02T08:00:00.0,572.3749,479.9071,92.4679,828.9562,1.0
2024-06-02T09:00:00.0,690.5042,543.8563,146.6479,783.116,1.0
2024-06-02T10:00:00.0,768.6342,551.0497,217.5844,702.8412,1.0
2024-06-02T11:00:00.0,739.4919,372.5405,366.9514,440.7267,1.0
2024-06-02T12:00:00.0,695.3565,281.6315,413.7249,324.4164,1.0
2024-06-02T13:00:00.0,545.3104,137.975,407.3354,161.3138,1.0
2024-06-02T14:00:00.0,574.6031,238.0013,336.6018,305.5697,1.0
2024-06-02T15:00:00.0,481.0558,167.6577,313.398,234.1209,1.0
2024-06-02T16:00:00.0,455.6109,242.5166,213.0942,428.243,1.0
2024-06-02T17:00:00.0,269.9554,68.491,201.4644,147.3241,1.0
2024-06-02T18:00:00.0,216.3891,98.1285,118.2606,330.1897,1.0
2024-06-02T19:00:00.0,89.4932,21.6429,67.8503,142.5141,1.0
2024-06-02T20:00:00.0,12.5863,4.2268,8.3595,69.3628,0.7083
2024-06-02T21:00:00.0,0.0,0.0,0.0,0.0,1.0
2024-06-02T22:00:00.0,0.0,0.0,0.0,0.0,1.0
2024-06-02T23:00:00.0,0.0,0.0,0.0,0.0,1.0
2024-06-03T00:00:00.0,0.0,0.0,0.0,0.0,1.0
2024-06-03T01:00:00.0,0.0,0.0,0.0,0.0,1.0
2024-06-03T02:00:00.0,0.0,0.0,0.0,0.0,1.0
2024-06-03T03:00:00.0,0.0,0.0,0.0,0.0,1.0
2024-06-03T04:00:00.0,4.2433,0.0,4.2433,0.0,0.7167
2024-06-03T05:00:00.0,58.3138,3.1336,55.1802,17.537,0.8417
2024-06-03T06:00:00.0,29.2094,0.2392,28.9702,1.0455,1.0
2024-06-03T07:00:00.0,154.3166,4.3653,149.9513,9.662,1.0
2024-06-03T08:00:00.0,278.7987,19.2038,259.5949,33.3052,1.0
2024-06-03T09:00:00.0,449.8492,83.7196,366.1295,120.5513,1.0
2024-06-03T10:00:00.0,484.5807,104.0126,380.5681,132.1183,1.0
2024-06-03T11:00:00.0,445.1761,63.7796,381.3964,74.8796,1.0
2024-06-03T12:00:00.0,519.1154,117.8937,401.2218,135.6514,1.0
2024-06-03T13:00:00.0,512.0327,96.1832,415.8495,112.5095,1.0
2024-06-03T14:00:00.0,500.3835,128.6821,371.7014,164.9825,1.0
2024-06-03T15:00:00.0,626.8831,364.5207,262.3624,519.4373,1.0
2024-06-03T16:00:00.0,541.0532,393.9393,147.1139,666.3049,1.0
2024-06-03T17:00:00.0,362.1695,220.4941,141.6754,472.2408,1.0
2024-06-03T18:00:00.0,156.5151,48.469,108.0462,165.378,1.0
2024-06-03T19:00:00.0,88.8408,32.0215,56.8193,221.8985,1.0
2024-06-03T20:00:00.0,12.8575,3.7461,9.1114,59.585,0.825
2024-06-03T21:00:00.0,0.0,0.0,0.0,0.0,1.0
2024-06-03T22:00:00.0,0.0,0.0,0.0,0.0,1.0
2024-06-03T23:00:00.0,0.0,0.0,0.0,0.0,1.0
2024-06-04T00:00:00.0,0.0,0.0,0.0,0.0,1.0
2024-06-04T01:00:00.0,0.0,0.0,0.0,0.0,1.0
2024-06-04T02:00:00.0,0.0,0.0,0.0,0.0,1.0
2024-06-04T03:00:00.0,0.0,0.0,0.0,0.0,1.0
2024-06-04T04:00:00.0,1.2643,0.0,1.2643,0.0,0.7167
2024-06-04T05:00:00.0,11.9919,0.0,11.9919,0.0,0.8417
2024-06-04T06:00:00.0,23.1387,0.0,23.1387,0.0,1.0
2024-06-04T07:00:00.0,50.1765,0.0,50.1765,0.0,1.0
2024-06-04T08:00:00.0,83.9853,0.0011,83.9841,0.0018,1.0
2024-06-04T09:00:00.0,219.8781,11.1052,208.7729,15.4,1.0
2024-06-04T10:00:00.0,289.145,8.3134,280.8316,10.4834,1.0
2024-06-04T11:00:00.0,625.1066,232.7939,392.3127,273.1505,1.0
2024-06-04T12:00:00.0,747.7684,396.7984,350.97,456.266,1.0
2024-06-04T13:00:00.0,829.3035,589.8931,239.4105,694.4201,1.0
2024-06-04T14:00:00.0,831.428,669.9027,161.5253,840.3685,1.0
2024-06-04T15:00:00.0,728.1453,577.8032,150.3421,815.7848,1.0
2024-06-04T16:00:00.0,592.5709,462.3785,130.1925,781.0595,1.0
2024-06-04T17:00:00.0,435.6506,328.6713,106.9793,720.3388,1.0
2024-06-04T18:00:00.0,270.5271,189.5607,80.9664,609.0604,1.0
2024-06-04T19:00:00.0,117.1156,67.7266,49.389,400.123,1.0
2024-06-04T20:00:00.0,14.5575,4.6751,9.8824,73.156,0.8167
2024-06-04T21:00:00.0,0.0,0.0,0.0,0.0,1.0
2024-06-04T22:00:00.0,0.0,0.0,0.0,0.0,1.0
2024-06-04T23:00:00.0,0.0,0.0,0.0,0.0,1.0
2024-06-05T00:00:00.0,0.0,0.0,0.0,0.0,1.0
2024-06-05T01:00:00.0,0.0,0.0,0.0,0.0,1.0
2024-06-05T02:00:00.0,0.0,0.0,0.0,0.0,1.0
2024-06-05T03:00:00.0,0.0,0.0,0.0,0.0,1.0
2024-06-05T04:00:00.0,1.2944,0.0,1.2944,0.0,0.7083
2024-06-05T05:00:00.0,34.2805,1.7132,32.5673,8.1366,0.8417
2024-06-05T06:00:00.0,165.7579,70.358,95.3998,260.4444,1.0
2024-06-05T07:00:00.0,290.316,95.5753,194.7407,203.8801,1.0
2024-06-05T08:00:00.0,512.2717,353.0037,159.268,615.7708,1.0
2024-06-05T09:00:00.0,470.9987,179.2565,291.7422,248.5946,1.0
2024-06-05T10:00:00.0,634.8666,270.1368,364.7297,338.6342,1.0
2024-06-05T11:00:00.0,698.1157,341.8001,356.3156,405.3678,1.0
2024-06-05T12:00:00.0,552.6035,98.3533,454.2502,112.9111,1.0
2024-06-05T13:00:00.0,408.7025,39.8347,368.8677,46.1555,1.0
2024-06-05T14:00:00.0,450.6418,60.9077,389.7341,77.541,1.0
2024-06-05T15:00:00.0,405.742,57.806,347.9361,79.2035,1.0
2024-06-05T16:00:00.0,143.5807,0.8501,142.7305,1.4051,1.0
2024-06-05T17:00:00.0,142.9266,0.2404,142.6862,0.5233,1.0
2024-06-05T18:00:00.0,66.4776,0.0671,66.4105,0.2685,1.0
2024-06-05T19:00:00.0,67.4067,0.9735,66.4332,6.1683,1.0
2024-06-05T20:00:00.0,10.8313,0.0465,10.7848,0.5628,0.8083
2024-06-05T21:00:00.0,0.0,0.0,0.0,0.0,1.0
2024-06-05T22:00:00.0,0.0,0.0,0.0,0.0,1.0
2024-06-05T23:00:00.0,0.0,0.0,0.0,0.0,1.0
2024-06-06T00:00:00.0,0.0,0.0,0.0,0.0,1.0
2024-06-06T01:00:00.0,0.0,0.0,0.0,0.0,1.0
2024-06-06T02:00:00.0,0.0,0.0,0.0,0.0,1.0
2024-06-06T03:00:00.0,0.0,0.0,0.0,0.0,1.0
2024-06-06T04:00:00.0,1.2814,0.0,1.2814,0.0,0.7
2024-06-06T05:00:00.0,11.8953,0.0,11.8953,0.0,0.8417
2024-06-06T06:00:00.0,139.2337,38.0992,101.1345,111.8604,1.0
2024-06-06T07:00:00.0,306.6042,109.5081,197.0961,251.8161,1.0
2024-06-06T08:00:00.0,454.5438,203.2225,251.3213,347.4956,1.0
2024-06-06T09:00:00.0,639.7371,408.7649,230.9722,588.1107,1.0
2024-06-06T10:00:00.0,356.6921,88.0258,268.6663,114.8702,1.0
2024-06-06T11:00:00.0,388.0511,29.3499,358.7012,34.1225,1.0
2024-06-06T12:00:00.0,506.9195,78.7945,428.125,90.3578,1.0
2024-06-06T13:00:00.0,290.4448,37.2076,253.2371,43.3207,1.0
2024-06-06T14:00:00.0,220.4307,9.2437,211.1869,11.7583,1.0
2024-06-06T15:00:00.0,160.6653,0.0919,160.5734,0.1369,1.0
2024-06-06T16:00:00.0,341.7633,106.9382,234.8251,190.0929,1.0
2024-06-06T17:00:00.0,276.589,91.6383,184.9506,191.7608,1.0
2024-06-06T18:00:00.0,162.2424,28.285,133.9574,85.1469,1.0
2024-06-06T19:00:00.0,78.4393,14.9368,63.5025,106.7491,1.0
2024-06-06T20:00:00.0,14.6718,3.6373,11.0344,54.1199,0.8
2024-06-06T21:00:00.0,0.0,0.0,0.0,0.0,1.0
2024-06-06T22:00:00.0,0.0,0.0,0.0,0.0,1.0
2024-06-06T23:00:00.0,0.0,0.0,0.0,0.0,1.0
2024-06-07T00:00:00.0,0.0,0.0,0.0,0.0,1.0
2024-06-07T01:00:00.0,0.0,0.0,0.0,0.0,1.0
2024-06-07T02:00:00.0,0.0,0.0,0.0,0.0,1.0
2024-06-07T03:00:00.0,0.0,0.0,0.0,0.0,1.0
2024-06-07T04:00:00.0,9.955,1.9161,8.0389,32.9565,0.7
2024-06-07T05:00:00.0,87.6971,30.4663,57.2308,203.489,0.8417
2024-06-07T06:00:00.0,177.4069,64.2772,113.1297,197.7977,1.0
2024-06-07T07:00:00.0,155.9974,48.3078,107.6897,122.5341,1.0
2024-06-07T08:00:00.0,113.5706,3.517,110.0536,5.4724,1.0
2024-06-07T09:00:00.0,410.5739,146.7294,263.8445,218.1091,1.0
2024-06-07T10:00:00.0,310.1213,8.3427,301.7786,10.5178,1.0
2024-06-07T11:00:00.0,430.6766,66.9886,363.688,78.129,1.0
2024-06-07T12:00:00.0,550.7742,117.3248,433.4494,134.4382,1.0
2024-06-07T13:00:00.0,404.4242,88.2328,316.1914,102.1311,1.0
2024-06-07T14:00:00.0,209.7992,1.2751,208.5241,1.6275,1.0
2024-06-07T15:00:00.0,285.0871,11.405,273.6821,16.6638,1.0
2024-06-07T16:00:00.0,358.7207,75.2376,283.483,129.8023,1.0
2024-06-07T17:00:00.0,334.5281,159.381,175.1471,331.1146,1.0
2024-06-07T18:00:00.0,168.4147,26.5809,141.8338,86.565,1.0
2024-06-07T19:00:00.0,90.5359,23.2335,67.3024,162.0386,1.0
2024-06-07T20:00:00.0,15.8342,4.6096,11.2246,67.8183,0.7917
2024-06-07T21:00:00.0,0.0,0.0,0.0,0.0,1.0
2024-06-07T22:00:00.0,0.0,0.0,0.0,0.0,1.0
2024-06-07T23:00:00.0,0.0,0.0,0.0,0.0,1.0
2024-06-08T00:00:00.0,0.0,0.0,0.0,0.0,1.0
2024-06-08T01:00:00.0,0.0,0.0,0.0,0.0,1.0
2024-06-08T02:00:00.0,0.0,0.0,0.0,0.0,1.0
2024-06-08T03:00:00.0,0.0,0.0,0.0,0.0,1.0
2024-06-08T04:00:00.0,1.3312,0.0,1.3312,0.0,0.7
2024-06-08T05:00:00.0,43.3298,1.2646,42.0652,6.773,0.8417
2024-06-08T06:00:00.0,133.4628,15.3089,118.1539,56.2309,1.0
2024-06-08T07:00:00.0,168.8889,4.2112,164.6777,9.4412,1.0
2024-06-08T08:00:00.0,437.3428,174.319,263.0238,288.5928,1.0
2024-06-08T09:00:00.0,579.2183,310.658,268.5603,450.8141,1.0
2024-06-08T10:00:00.0,524.7314,128.0848,396.6467,162.2099,1.0
2024-06-08T11:00:00.0,560.7208,139.9921,420.7287,163.1519,1.0
2024-06-08T12:00:00.0,894.9989,711.4595,183.5394,814.5492,1.0
2024-06-08T13:00:00.0,914.4618,797.1099,117.3519,931.1486,1.0
2024-06-08T14:00:00.0,848.3218,733.1894,115.1324,914.7128,1.0
2024-06-08T15:00:00.0,742.5635,633.0599,109.5036,887.3915,1.0
2024-06-08T16:00:00.0,605.2338,504.9628,100.271,844.8212,1.0
2024-06-08T17:00:00.0,446.7005,359.0703,87.6302,776.2899,1.0
2024-06-08T18:00:00.0,281.0797,211.1978,69.8818,665.1682,1.0
2024-06-08T19:00:00.0,126.7189,81.5756,45.1433,466.3936,1.0
2024-06-08T20:00:00.0,18.1222,7.3396,10.7826,109.1777,0.7917
2024-06-08T21:00:00.0,0.0,0.0,0.0,0.0,1.0
2024-06-08T22:00:00.0,0.0,0.0,0.0,0.0,1.0
2024-06-08T23:00:00.0,0.0,0.0,0.0,0.0,1.0
2024-06-09T00:00:00.0,0.0,0.0,0.0,0.0,1.0
2024-06-09T01:00:00.0,0.0,0.0,0.0,0.0,1.0
2024-06-09T02:00:00.0,0.0,0.0,0.0,0.0,1.0
2024-06-09T03:00:00.0,0.0,0.0,0.0,0.0,1.0
2024-06-09T04:00:00.0,3.4758,0.0,3.4758,0.0,0.6917
2024-06-09T05:00:00.0,54.9648,10.6166,44.3482,50.8236,0.8417
2024-06-09T06:00:00.0,227.7235,128.4801,99.2433,423.6436,1.0
2024-06-09T07:00:00.0,340.6242,164.0748,176.5494,372.3757,1.0
2024-06-09T08:00:00.0,422.1275,168.498,253.6296,288.5659,1.0
2024-06-09T09:00:00.0,540.0589,200.3626,339.6962,282.6642,1.0
2024-06-09T10:00:00.0,634.8976,242.6843,392.2133,305.1894,1.0
2024-06-09T11:00:00.0,702.5437,358.7213,343.8223,423.4479,1.0
2024-06-09T12:00:00.0,703.7106,249.3845,454.3261,285.3331,1.0
2024-06-09T13:00:00.0,713.7935,257.7614,456.032,300.0738,1.0
2024-06-09T14:00:00.0,613.465,181.1986,432.2664,224.6824,1.0
2024-06-09T15:00:00.0,341.6705,43.6428,298.0278,61.9341,1.0
2024-06-09T16:00:00.0,313.5108,30.2762,283.2347,48.9286,1.0
2024-06-09T17:00:00.0,202.3338,7.6018,194.732,15.782,1.0
2024-06-09T18:00:00.0,133.6034,5.3067,128.2967,15.191,1.0
2024-06-09T19:00:00.0,77.8249,3.4409,74.384,22.0623,1.0
2024-06-09T20:00:00.0,10.5708,0.2591,10.3117,2.8698,0.7917
2024-06-09T21:00:00.0,0.0,0.0,0.0,0.0,1.0
2024-06-09T22:00:00.0,0.0,0.0,0.0,0.0,1.0
2024-06-09T23:00:00.0,0.0,0.0,0.0,0.0,1.0
2024-06-10T00:00:00.0,0.0,0.0,0.0,0.0,1.0
2024-06-10T01:00:00.0,0.0,0.0,0.0,0.0,1.0
2024-06-10T02:00:00.0,0.0,0.0,0.0,0.0,1.0
2024-06-10T03:00:00.0,0.0,0.0,0.0,0.0,1.0
2024-06-10T04:00:00.0,12.5882,5.0508,7.5374,86.385,0.6917
2024-06-10T05:00:00.0,113.4968,75.2837,38.2131,469.4369,0.8417
2024-06-10T06:00:00.0,265.1828,204.3173,60.8655,677.9858,1.0
2024-06-10T07:00:00.0,368.1332,202.4678,165.6655,458.1,1.0
2024-06-10T08:00:00.0,580.6065,473.2158,107.3907,808.8809,1.0
2024-06-10T09:00:00.0,532.2498,206.3668,325.883,302.6624,1.0
2024-06-10T10:00:00.0,517.6522,125.5327,392.1194,157.9531,1.0
2024-06-10T11:00:00.0,523.5168,116.3551,407.1617,135.1746,1.0
2024-06-10T12:00:00.0,722.0897,358.5772,363.5125,409.7781,1.0
2024-06-10T13:00:00.0,565.7185,164.7213,400.9972,191.1643,1.0
2024-06-10T14:00:00.0,468.6874,94.5905,374.097,117.2244,1.0
2024-06-10T15:00:00.0,309.1104,15.2923,293.8181,21.8194,1.0
2024-06-10T16:00:00.0,473.4082,255.0659,218.3423,438.5406,1.0
2024-06-10T17:00:00.0,359.7455,191.824,167.9215,416.8264,1.0
2024-06-10T18:00:00.0,256.3374,160.568,95.7694,510.4604,1.0
2024-06-10T19:00:00.0,121.7176,68.7618,52.9558,384.5461,1.0
2024-06-10T20:00:00.0,17.9776,5.9869,11.9907,85.6498,0.775
2024-06-10T21:00:00.0,0.0,0.0,0.0,0.0,1.0
2024-06-10T22:00:00.0,0.0,0.0,0.0,0.0,1.0
2024-06-10T23:00:00.0,0.0,0.0,0.0,0.0,1.0
2024-06-11T00:00:00.0,0.0,0.0,0.0,0.0,1.0
2024-06-11T01:00:00.0,0.0,0.0,0.0,0.0,1.0
2024-06-11T02:00:00.0,0.0,0.0,0.0,0.0,1.0
2024-06-11T03:00:00.0,0.0,0.0,0.0,0.0,1.0
2024-06-11T04:00:00.0,13.1592,5.7345,7.4247,97.8748,0.6917
2024-06-11T05:00:00.0,116.0619,79.4829,36.579,495.7903,0.8417
2024-06-11T06:00:00.0,269.4012,212.7462,56.655,704.8341,1.0
2024-06-11T07:00:00.0,434.5205,363.1864,71.334,811.8107,1.0
2024-06-11T08:00:00.0,592.8668,509.2699,83.5969,871.928,1.0
2024-06-11T09:00:00.0,592.9417,324.4334,268.5082,463.9969,1.0
2024-06-11T10:00:00.0,738.2361,494.5327,243.7034,623.1286,1.0
2024-06-11T11:00:00.0,660.8151,264.8218,395.9933,310.9101,1.0
2024-06-11T12:00:00.0,673.4153,248.6338,424.7815,284.224,1.0
2024-06-11T13:00:00.0,350.4731,37.7478,312.7253,43.4513,1.0
2024-06-11T14:00:00.0,468.7952,76.5495,392.2456,95.3583,1.0
2024-06-11T15:00:00.0,236.686,6.7831,229.9029,8.9785,1.0
2024-06-11T16:00:00.0,283.8751,18.497,265.3781,31.7977,1.0
2024-06-11T17:00:00.0,353.0129,163.6343,189.3786,352.6637,1.0
2024-06-11T18:00:00.0,219.5815,103.8571,115.7244,313.7888,1.0
2024-06-11T19:00:00.0,87.3921,14.4774,72.9147,94.7951,1.0
2024-06-11T20:00:00.0,11.9853,0.5604,11.4249,6.0249,0.7667
2024-06-11T21:00:00.0,0.0,0.0,0.0,0.0,1.0
2024-06-11T22:00:00.0,0.0,0.0,0.0,0.0,1.0
2024-06-11T23:00:00.0,0.0,0.0,0.0,0.0,1.0
2024-06-12T00:00:00.0,0.0,0.0,0.0,0.0,1.0
2024-06-12T01:00:00.0,0.0,0.0,0.0,0.0,1.0
2024-06-12T02:00:00.0,0.0,0.0,0.0,0.0,1.0
2024-06-12T03:00:00.0,0.0,0.0,0.0,0.0,1.0
2024-06-12T04:00:00.0,12.7172,4.6041,8.1131,77.9789,0.6833
2024-06-12T05:00:00.0,112.5386,70.7795,41.7592,437.6646,0.8417
2024-06-12T06:00:00.0,255.4793,183.3982,72.0811,614.3127,1.0
2024-06-12T07:00:00.0,414.101,320.726,93.375,708.0754,1.0
2024-06-12T08:00:00.0,574.2056,462.279,111.9266,795.6676,1.0
2024-06-12T09:00:00.0,644.2557,440.1961,204.0597,634.8983,1.0
2024-06-12T10:00:00.0,570.8779,179.2404,391.6375,224.5223,1.0
2024-06-12T11:00:00.0,626.6313,202.4289,424.2023,236.4335,1.0
2024-06-12T12:00:00.0,841.1724,607.3718,233.8007,693.3282,1.0
2024-06-12T13:00:00.0,868.9456,639.311,229.6346,744.4009,1.0
2024-06-12T14:00:00.0,835.8828,681.084,154.7987,844.428,1.0
2024-06-12T15:00:00.0,625.6832,289.1596,336.5236,402.8368,1.0
2024-06-12T16:00:00.0,501.1366,227.6951,273.4415,372.3572,1.0
2024-06-12T17:00:00.0,372.7971,181.4834,191.3137,392.269,1.0
2024-06-12T18:00:00.0,217.27,70.845,146.425,218.2474,1.0
2024-06-12T19:00:00.0,92.2264,11.6014,80.6251,66.7802,1.0
2024-06-12T20:00:00.0,17.4611,3.7269,13.7342,52.41,0.7667
2024-06-12T21:00:00.0,0.0,0.0,0.0,0.0,1.0
2024-06-12T22:00:00.0,0.0,0.0,0.0,0.0,1.0
2024-06-12T23:00:00.0,0.0,0.0,0.0,0.0,1.0
2024-06-13T00:00:00.0,0.0,0.0,0.0,0.0,1.0
2024-06-13T01:00:00.0,0.0,0.0,0.0,0.0,1.0
2024-06-13T02:00:00.0,0.0,0.0,0.0,0.0,1.0
2024-06-13T03:00:00.0,0.0,0.0,0.0,0.0,1.0
2024-06-13T04:00:00.0,1.4088,0.0,1.4088,0.0,0.6833
2024-06-13T05:00:00.0,28.5052,1.3382,27.167,6.1617,0.8417
2024-06-13T06:00:00.0,114.5031,35.156,79.3471,136.6111,1.0
2024-06-13T07:00:00.0,61.9221,0.0,61.9221,0.0,1.0
2024-06-13T08:00:00.0,107.2535,0.0115,107.242,0.0188,1.0
2024-06-13T09:00:00.0,325.0878,162.6905,162.3974,224.6162,1.0
2024-06-13T10:00:00.0,511.4511,225.2199,286.2312,279.7102,1.0
2024-06-13T11:00:00.0,724.7325,545.8372,178.8954,634.3914,1.0
2024-06-13T12:00:00.0,750.521,479.0875,271.4334,547.4201,1.0
2024-06-13T13:00:00.0,651.2761,335.7663,315.5099,390.7003,1.0
2024-06-13T14:00:00.0,434.715,58.1987,376.5163,72.3305,1.0
2024-06-13T15:00:00.0,348.2745,29.5006,318.7739,40.9847,1.0
2024-06-13T16:00:00.0,420.0231,190.9426,229.0805,308.6579,1.0
2024-06-13T17:00:00.0,251.8228,69.9449,181.8779,157.6583,1.0
2024-06-13T18:00:00.0,140.6096,20.4539,120.1557,55.6205,1.0
2024-06-13T19:00:00.0,98.4689,28.8519,69.617,190.9565,1.0
2024-06-13T20:00:00.0,20.132,7.0079,13.1241,94.45,0.7583
2024-06-13T21:00:00.0,0.0,0.0,0.0,0.0,1.0
2024-06-13T22:00:00.0,0.0,0.0,0.0,0.0,1.0
2024-06-13T23:00:00.0,0.0,0.0,0.0,0.0,1.0
2024-06-14T00:00:00.0,0.0,0.0,0.0,0.0,1.0
2024-06-14T01:00:00.0,0.0,0.0,0.0,0.0,1.0
2024-06-14T02:00:00.0,0.0,0.0,0.0,0.0,1.0
2024-06-14T03:00:00.0,0.0,0.0,0.0,0.0,1.0
2024-06-14T04:00:00.0,11.8145,2.7875,9.0271,45.4579,0.6833
2024-06-14T05:00:00.0,98.1914,42.6267,55.5648,275.1685,0.8417
2024-06-14T06:00:00.0,222.4128,119.5692,102.8436,385.0985,1.0
2024-06-14T07:00:00.0,367.824,199.1033,168.7207,450.5273,1.0
2024-06-14T08:00:00.0,479.5324,259.1439,220.3886,440.1621,1.0
2024-06-14T09:00:00.0,433.265,82.1799,351.0852,119.5049,1.0
2024-06-14T10:00:00.0,476.599,114.5429,362.0561,140.81,1.0
2024-06-14T11:00:00.0,687.8326,349.8764,337.9562,409.5732,1.0
2024-06-14T12:00:00.0,454.8671,119.7989,335.0682,136.5269,1.0
2024-06-14T13:00:00.0,446.6726,78.952,367.7206,92.9174,1.0
2024-06-14T14:00:00.0,457.8064,87.2919,370.5145,107.9765,1.0
2024-06-14T15:00:00.0,443.3061,112.4753,330.8308,159.2419,1.0
2024-06-14T16:00:00.0,478.2508,251.7261,226.5247,411.17,1.0
2024-06-14T17:00:00.0,333.377,147.1234,186.2536,325.6875,1.0
2024-06-14T18:00:00.0,260.4236,168.2185,92.2051,538.1967,1.0
2024-06-14T19:00:00.0,135.1617,89.3003,45.8614,488.7791,1.0
2024-06-14T20:00:00.0,21.8466,9.036,12.8106,122.7457,0.7583
2024-06-14T21:00:00.0,0.0,0.0,0.0,0.0,1.0
2024-06-14T22:00:00.0,0.0,0.0,0.0,0.0,1.0
2024-06-14T23:00:00.0,0.0,0.0,0.0,0.0,1.0
2024-06-15T00:00:00.0,0.0,0.0,0.0,0.0,1.0
2024-06-15T01:00:00.0,0.0,0.0,0.0,0.0,1.0
2024-06-15T02:00:00.0,0.0,0.0,0.0,0.0,1.0
2024-06-15T03:00:00.0,0.0,0.0,0.0,0.0,1.0
2024-06-15T04:00:00.0,7.9698,0.0086,7.9612,0.1396,0.6833
2024-06-15T05:00:00.0,74.2829,2.3526,71.9303,12.2093,0.8417
2024-06-15T06:00:00.0,144.3851,28.7023,115.6829,85.5967,1.0
2024-06-15T07:00:00.0,297.4199,80.2401,217.1798,178.8069,1.0
2024-06-15T08:00:00.0,278.3448,33.3748,244.97,55.0981,1.0
2024-06-15T09:00:00.0,321.4049,15.2991,306.1058,21.8037,1.0
2024-06-15T10:00:00.0,404.6602,34.0861,370.574,42.6873,1.0
2024-06-15T11:00:00.0,463.2809,59.1176,404.1634,68.7652,1.0
2024-06-15T12:00:00.0,580.8347,145.3871,435.4476,165.8629,1.0
2024-06-15T13:00:00.0,515.8818,141.8186,374.0632,163.1612,1.0
2024-06-15T14:00:00.0,291.3354,11.2812,280.0542,14.1868,1.0
2024-06-15T15:00:00.0,188.5523,6.8172,181.7351,9.5562,1.0
2024-06-15T16:00:00.0,266.0945,60.8176,205.2768,108.4607,1.0
2024-06-15T17:00:00.0,442.5373,347.162,95.3753,740.2479,1.0
2024-06-15T18:00:00.0,286.3513,214.2155,72.1357,656.9558,1.0
2024-06-15T19:00:00.0,134.05,87.1416,46.9084,475.3865,1.0
2024-06-15T20:00:00.0,22.1938,9.4692,12.7246,129.2144,0.75
2024-06-15T21:00:00.0,0.0,0.0,0.0,0.0,1.0
2024-06-15T22:00:00.0,0.0,0.0,0.0,0.0,1.0
2024-06-15T23:00:00.0,0.0,0.0,0.0,0.0,1.0
2024-06-16T00:00:00.0,0.0,0.0,0.0,0.0,1.0
2024-06-16T01:00:00.0,0.0,0.0,0.0,0.0,1.0
2024-06-16T02:00:00.0,0.0,0.0,0.0,0.0,1.0
2024-06-16T03:00:00.0,0.0,0.0,0.0,0.0,1.0
2024-06-16T04:00:00.0,10.2789,1.3426,8.9363,22.6511,0.6833
2024-06-16T05:00:00.0,104.5162,55.3124,49.2038,304.1574,0.8417
2024-06-16T06:00:00.0,208.4601,99.0,109.4602,339.0422,1.0
2024-06-16T07:00:00.0,410.7786,320.5526,90.226,703.3853,1.0
2024-06-16T08:00:00.0,593.1441,513.9431,79.201,879.2126,1.0
2024-06-16T09:00:00.0,595.9324,347.1699,248.7625,503.5278,1.0
2024-06-16T10:00:00.0,488.4118,99.1199,389.292,124.4415,1.0
2024-06-16T11:00:00.0,522.6851,120.182,402.5031,139.3236,1.0
2024-06-16T12:00:00.0,612.9156,185.7898,427.1258,211.9678,1.0
2024-06-16T13:00:00.0,569.2824,151.515,417.7674,175.7443,1.0
2024-06-16T14:00:00.0,414.4232,55.4564,358.9667,68.8014,1.0
2024-06-16T15:00:00.0,306.0927,15.3717,290.7209,21.3373,1.0
2024-06-16T16:00:00.0,441.0396,185.1372,255.9024,307.9176,1.0
2024-06-16T17:00:00.0,348.8809,158.8382,190.0427,339.6171,1.0
2024-06-16T18:00:00.0,210.9747,84.2095,126.7652,249.7463,1.0
2024-06-16T19:00:00.0,96.4826,21.2668,75.2158,116.4606,1.0
2024-06-16T20:00:00.0,21.0891,7.4304,13.6587,104.7202,0.75
2024-06-16T21:00:00.0,0.0,0.0,0.0,0.0,1.0
2024-06-16T22:00:00.0,0.0,0.0,0.0,0.0,1.0
2024-06-16T23:00:00.0,0.0,0.0,0.0,0.0,1.0
2024-06-17T00:00:00.0,0.0,0.0,0.0,0.0,1.0
2024-06-17T01:00:00.0,0.0,0.0,0.0,0.0,1.0
2024-06-17T02:00:00.0,0.0,0.0,0.0,0.0,1.0
2024-06-17T03:00:00.0,0.0,0.0,0.0,0.0,1.0
2024-06-17T04:00:00.0,11.9948,3.6341,8.3606,60.4696,0.6833
2024-06-17T05:00:00.0,105.3659,59.572,45.7939,365.9398,0.8417
2024-06-17T06:00:00.0,229.4326,140.6812,88.7514,457.6754,1.0
2024-06-17T07:00:00.0,378.205,257.0786,121.1264,573.5602,1.0
2024-06-17T08:00:00.0,395.1617,137.84,257.3217,241.8534,1.0
2024-06-17T09:00:00.0,362.8139,47.1953,315.6186,65.8414,1.0
2024-06-17T10:00:00.0,338.11,20.6696,317.4404,26.5555,1.0
2024-06-17T11:00:00.0,435.7442,58.9845,376.7596,68.5185,1.0
2024-06-17T12:00:00.0,518.9019,87.2424,431.6594,99.4526,1.0
2024-06-17T13:00:00.0,237.7571,10.9392,226.8179,12.5399,1.0
2024-06-17T14:00:00.0,226.0196,1.1323,224.8873,1.4315,1.0
2024-06-17T15:00:00.0,421.9233,93.2634,328.6599,129.1263,1.0
2024-06-17T16:00:00.0,280.5093,14.7525,265.7568,23.9458,1.0
2024-06-17T17:00:00.0,233.7238,17.9155,215.8083,39.1724,1.0
2024-06-17T18:00:00.0,146.4145,5.5323,140.8822,15.5764,1.0
2024-06-17T19:00:00.0,86.2292,8.6004,77.6288,53.9403,1.0
2024-06-17T20:00:00.0,17.828,1.1855,16.6425,15.2606,0.7417
2024-06-17T21:00:00.0,0.0,0.0,0.0,0.0,1.0
2024-06-17T22:00:00.0,0.0,0.0,0.0,0.0,1.0
2024-06-17T23:00:00.0,0.0,0.0,0.0,0.0,1.0
2024-06-18T00:00:00.0,0.0,0.0,0.0,0.0,1.0
2024-06-18T01:00:00.0,0.0,0.0,0.0,0.0,1.0
2024-06-18T02:00:00.0,0.0,0.0,0.0,0.0,1.0
2024-06-18T03:00:00.0,0.0,0.0,0.0,0.0,1.0
2024-06-18T04:00:00.0,13.0289,5.4307,7.5982,91.9422,0.6833
2024-06-18T05:00:00.0,112.911,75.8001,37.1108,470.5462,0.8417
2024-06-18T06:00:00.0,261.981,204.1154,57.8656,676.2097,1.0
2024-06-18T07:00:00.0,322.842,157.3178,165.5241,366.6888,1.0
2024-06-18T08:00:00.0,398.9317,153.4899,245.4417,268.0752,1.0
2024-06-18T09:00:00.0,274.849,6.4696,268.3794,9.2224,1.0
2024-06-18T10:00:00.0,392.5836,38.9188,353.6648,47.7097,1.0
2024-06-18T11:00:00.0,490.3589,96.8176,393.5414,112.6088,1.0
2024-06-18T12:00:00.0,665.9221,237.9341,427.9879,271.2089,1.0
2024-06-18T13:00:00.0,535.5199,131.8026,403.7173,152.9434,1.0
2024-06-18T14:00:00.0,504.0826,101.7257,402.3569,125.873,1.0
2024-06-18T15:00:00.0,436.1506,82.7539,353.3967,116.9737,1.0
2024-06-18T16:00:00.0,315.875,32.9853,282.8897,54.5088,1.0
2024-06-18T17:00:00.0,277.1655,65.8474,211.3181,147.3783,1.0
2024-06-18T18:00:00.0,212.2724,84.8135,127.4589,252.634,1.0
2024-06-18T19:00:00.0,103.9394,34.792,69.1474,198.4508,1.0
2024-06-18T20:00:00.0,22.213,8.0872,14.1258,106.7481,0.7417
2024-06-18T21:00:00.0,0.0,0.0,0.0,0.0,1.0
2024-06-18T22:00:00.0,0.0,0.0,0.0,0.0,1.0
2024-06-18T23:00:00.0,0.0,0.0,0.0,0.0,1.0
2024-06-19T00:00:00.0,0.0,0.0,0.0,0.0,1.0
2024-06-19T01:00:00.0,0.0,0.0,0.0,0.0,1.0
2024-06-19T02:00:00.0,0.0,0.0,0.0,0.0,1.0
2024-06-19T03:00:00.0,0.0,0.0,0.0,0.0,1.0
2024-06-19T04:00:00.0,12.1473,3.9419,8.2055,66.8518,0.6833
2024-06-19T05:00:00.0,107.9797,62.0749,45.9048,381.9029,0.8417
2024-06-19T06:00:00.0,241.1657,145.7204,95.4453,483.1294,1.0
2024-06-19T07:00:00.0,395.2074,268.2056,127.0018,605.3806,1.0
2024-06-19T08:00:00.0,505.7913,274.3203,231.471,471.7683,1.0
2024-06-19T09:00:00.0,622.9805,326.3683,296.6121,463.2682,1.0
2024-06-19T10:00:00.0,783.5623,565.767,217.7952,713.5859,1.0
2024-06-19T11:00:00.0,800.311,450.0777,350.2333,527.2416,1.0
2024-06-19T12:00:00.0,836.5632,497.6881,338.8751,567.208,1.0
2024-06-19T13:00:00.0,801.9267,441.9894,359.9373,512.7751,1.0
2024-06-19T14:00:00.0,738.2819,401.2629,337.019,496.637,1.0
2024-06-19T15:00:00.0,673.4897,436.4059,237.0838,607.9561,1.0
2024-06-19T16:00:00.0,555.1425,380.8944,174.248,627.1345,1.0
2024-06-19T17:00:00.0,390.9731,231.4213,159.5518,496.9343,1.0
2024-06-19T18:00:00.0,269.297,191.3918,77.9052,571.8881,1.0
2024-06-19T19:00:00.0,111.4449,50.1798,61.2651,259.7854,1.0
2024-06-19T20:00:00.0,21.8086,7.6694,14.1392,106.3745,0.7417
2024-06-19T21:00:00.0,0.0,0.0,0.0,0.0,1.0
2024-06-19T22:00:00.0,0.0,0.0,0.0,0.0,1.0
2024-06-19T23:00:00.0,0.0,0.0,0.0,0.0,1.0
2024-06-20T00:00:00.0,0.0,0.0,0.0,0.0,1.0
2024-06-20T01:00:00.0,0.0,0.0,0.0,0.0,1.0
2024-06-20T02:00:00.0,0.0,0.0,0.0,0.0,1.0
2024-06-20T03:00:00.0,0.0,0.0,0.0,0.0,1.0
2024-06-20T04:00:00.0,12.1413,4.2755,7.8658,72.4767,0.6833
2024-06-20T05:00:00.0,107.0445,65.671,41.3735,407.4992,0.8417
2024-06-20T06:00:00.0,241.2537,159.3146,81.9391,541.8614,1.0
2024-06-20T07:00:00.0,234.2736,39.6467,194.6269,94.8158,1.0
2024-06-20T08:00:00.0,387.1925,110.2297,276.9628,182.0872,1.0
2024-06-20T09:00:00.0,655.6954,455.1691,200.5263,645.0626,1.0
2024-06-20T10:00:00.0,746.8381,502.7345,244.1036,636.5948,1.0
2024-06-20T11:00:00.0,799.1718,506.5133,292.6584,594.232,1.0
2024-06-20T12:00:00.0,883.806,726.3965,157.4094,827.6817,1.0
2024-06-20T13:00:00.0,885.9611,773.1736,112.7875,896.9731,1.0
2024-06-20T14:00:00.0,752.6417,518.5811,234.0606,636.2648,1.0
2024-06-20T15:00:00.0,533.2479,208.7046,324.5433,284.781,1.0
2024-06-20T16:00:00.0,438.4565,128.6643,309.7922,211.7119,1.0
2024-06-20T17:00:00.0,330.3548,96.6655,233.6893,207.1777,1.0
2024-06-20T18:00:00.0,260.8122,160.7265,100.0857,486.0328,1.0
2024-06-20T19:00:00.0,120.7892,58.4594,62.3297,321.6721,1.0
2024-06-20T20:00:00.0,21.3726,6.4295,14.9431,82.3292,0.7333
2024-06-20T21:00:00.0,0.0,0.0,0.0,0.0,1.0
2024-06-20T22:00:00.0,0.0,0.0,0.0,0.0,1.0
2024-06-20T23:00:00.0,0.0,0.0,0.0,0.0,1.0
2024-06-21T00:00:00.0,0.0,0.0,0.0,0.0,1.0
2024-06-21T01:00:00.0,0.0,0.0,0.0,0.0,1.0
2024-06-21T02:00:00.0,0.0,0.0,0.0,0.0,1.0
2024-06-21T03:00:00.0,0.0,0.0,0.0,0.0,1.0
2024-06-21T04:00:00.0,1.3478,0.0,1.3478,0.0,0.6833
2024-06-21T05:00:00.0,44.7445,2.7347,42.0098,15.0338,0.8417
2024-06-21T06:00:00.0,99.5514,16.5858,82.9656,57.2232,1.0
2024-06-21T07:00:00.0,33.9878,0.0,33.9878,0.0,1.0
2024-06-21T08:00:00.0,65.3267,0.0,65.3267,0.0,1.0
2024-06-21T09:00:00.0,88.7083,0.0022,88.7061,0.003,1.0
2024-06-21T10:00:00.0,172.4722,0.0585,172.4137,0.0728,1.0
2024-06-21T11:00:00.0,192.018,0.5111,191.5069,0.5915,1.0
2024-06-21T12:00:00.0,280.6358,2.8662,277.7696,3.2653,1.0
2024-06-21T13:00:00.0,283.6207,6.6043,277.0163,7.6475,1.0
2024-06-21T14:00:00.0,352.5721,36.265,316.3071,44.4367,1.0
2024-06-21T15:00:00.0,440.5333,188.7213,251.8121,252.869,1.0
2024-06-21T16:00:00.0,367.1368,159.8306,207.3062,272.5821,1.0
2024-06-21T17:00:00.0,371.2212,215.2097,156.0115,462.893,1.0
2024-06-21T18:00:00.0,290.6461,223.9877,66.6585,677.8331,1.0
2024-06-21T19:00:00.0,131.5936,82.0079,49.5857,441.5802,1.0
2024-06-21T20:00:00.0,24.2987,10.4497,13.8489,136.3969,0.7333
2024-06-21T21:00:00.0,0.0,0.0,0.0,0.0,1.0
2024-06-21T22:00:00.0,0.0,0.0,0.0,0.0,1.0
2024-06-21T23:00:00.0,0.0,0.0,0.0,0.0,1.0
2024-06-22T00:00:00.0,0.0,0.0,0.0,0.0,1.0
2024-06-22T01:00:00.0,0.0,0.0,0.0,0.0,1.0
2024-06-22T02:00:00.0,0.0,0.0,0.0,0.0,1.0
2024-06-22T03:00:00.0,0.0,0.0,0.0,0.0,1.0
2024-06-22T04:00:00.0,7.9294,0.214,7.7154,3.5551,0.6917
2024-06-22T05:00:00.0,69.489,4.5525,64.9365,26.7608,0.8417
2024-06-22T06:00:00.0,123.0251,11.0033,112.0218,41.6504,1.0
2024-06-22T07:00:00.0,94.1485,0.0422,94.1062,0.088,1.0
2024-06-22T08:00:00.0,180.0241,0.7645,179.2596,1.33,1.0
2024-06-22T09:00:00.0,191.1815,1.2418,189.9397,1.7366,1.0
2024-06-22T10:00:00.0,209.1131,1.1462,207.9669,1.4777,1.0
2024-06-22T11:00:00.0,293.8595,12.3453,281.5142,14.3631,1.0
2024-06-22T12:00:00.0,400.3783,23.3575,377.0208,26.6158,1.0
2024-06-22T13:00:00.0,141.3286,2.2123,139.1164,2.5321,1.0
2024-06-22T14:00:00.0,93.9287,0.0002,93.9286,0.0002,1.0
2024-06-22T15:00:00.0,66.4115,0.0001,66.4114,0.0001,1.0
2024-06-22T16:00:00.0,150.3692,0.3622,150.007,0.6222,1.0
2024-06-22T17:00:00.0,114.9731,0.026,114.9471,0.0502,1.0
2024-06-22T18:00:00.0,60.6723,0.0005,60.6719,0.0016,1.0
2024-06-22T19:00:00.0,60.2052,0.6103,59.5948,4.4018,1.0
2024-06-22T20:00:00.0,16.3317,0.3611,15.9706,4.6275,0.7333
2024-06-22T21:00:00.0,0.0,0.0,0.0,0.0,1.0
2024-06-22T22:00:00.0,0.0,0.0,0.0,0.0,1.0
2024-06-22T23:00:00.0,0.0,0.0,0.0,0.0,1.0
2024-06-23T00:00:00.0,0.0,0.0,0.0,0.0,1.0
2024-06-23T01:00:00.0,0.0,0.0,0.0,0.0,1.0
2024-06-23T02:00:00.0,0.0,0.0,0.0,0.0,1.0
2024-06-23T03:00:00.0,0.0,0.0,0.0,0.0,1.0
2024-06-23T04:00:00.0,5.7866,0.0026,5.7841,0.0435,0.6917
2024-06-23T05:00:00.0,72.4067,21.1009,51.3058,112.5082,0.8417
2024-06-23T06:00:00.0,222.0293,126.9595,95.0698,416.722,1.0
2024-06-23T07:00:00.0,354.3023,213.5545,140.7477,476.9057,1.0
2024-06-23T08:00:00.0,506.8965,336.2254,170.6711,571.7689,1.0
2024-06-23T09:00:00.0,682.0153,532.1841,149.8311,758.7685,1.0
2024-06-23T10:00:00.0,669.0352,410.9713,258.0638,525.2581,1.0
2024-06-23T11:00:00.0,761.9442,495.9029,266.0414,577.1444,1.0
2024-06-23T12:00:00.0,898.3673,762.4615,135.9058,869.1942,1.0
2024-06-23T13:00:00.0,881.23,746.5728,134.6572,865.9636,1.0
2024-06-23T14:00:00.0,820.4496,689.5203,130.9293,851.5735,1.0
2024-06-23T15:00:00.0,719.7885,594.3962,125.3923,821.4676,1.0
2024-06-23T16:00:00.0,587.0948,469.7659,117.3289,770.5606,1.0
2024-06-23T17:00:00.0,361.9394,205.9119,156.0275,414.458,1.0
2024-06-23T18:00:00.0,142.3404,7.6647,134.6757,21.6771,1.0
2024-06-23T19:00:00.0,112.0347,52.1431,59.8916,296.5809,1.0
2024-06-23T20:00:00.0,21.9691,7.3308,14.6383,93.7619,0.7333
2024-06-23T21:00:00.0,0.0,0.0,0.0,0.0,1.0
2024-06-23T22:00:00.0,0.0,0.0,0.0,0.0,1.0
2024-06-23T23:00:00.0,0.0,0.0,0.0,0.0,1.0
2024-06-24T00:00:00.0,0.0,0.0,0.0,0.0,1.0
2024-06-24T01:00:00.0,0.0,0.0,0.0,0.0,1.0
2024-06-24T02:00:00.0,0.0,0.0,0.0,0.0,1.0
2024-06-24T03:00:00.0,0.0,0.0,0.0,0.0,1.0
2024-06-24T04:00:00.0,1.2778,0.0,1.2778,0.0,0.6917
2024-06-24T05:00:00.0,11.2903,0.0,11.2903,0.0,0.8417
2024-06-24T06:00:00.0,65.561,0.0144,65.5466,0.0407,1.0
2024-06-24T07:00:00.0,124.9707,0.2416,124.7291,0.4901,1.0
2024-06-24T08:00:00.0,267.3442,20.7337,246.6104,35.7359,1.0
2024-06-24T09:00:00.0,306.714,24.8036,281.9104,34.2707,1.0
2024-06-24T10:00:00.0,366.8496,22.7083,344.1413,28.5322,1.0
2024-06-24T11:00:00.0,495.8904,92.1142,403.7762,107.1591,1.0
2024-06-24T12:00:00.0,634.0961,201.0649,433.0312,229.2261,1.0
2024-06-24T13:00:00.0,455.6336,66.0248,389.6089,75.9349,1.0
2024-06-24T14:00:00.0,252.605,2.3545,250.2504,2.851,1.0
2024-06-24T15:00:00.0,121.1186,0.0021,121.1165,0.0028,1.0
2024-06-24T16:00:00.0,140.109,0.3474,139.7617,0.604,1.0
2024-06-24T17:00:00.0,145.1715,0.2877,144.8838,0.6127,1.0
2024-06-24T18:00:00.0,94.5454,0.0646,94.4808,0.1794,1.0
2024-06-24T19:00:00.0,66.3801,1.0283,65.3517,6.9014,1.0
2024-06-24T20:00:00.0,16.0293,0.3358,15.6934,4.2356,0.7333
2024-06-24T21:00:00.0,0.0,0.0,0.0,0.0,1.0
2024-06-24T22:00:00.0,0.0,0.0,0.0,0.0,1.0
2024-06-24T23:00:00.0,0.0,0.0,0.0,0.0,1.0
2024-06-25T00:00:00.0,0.0,0.0,0.0,0.0,1.0
2024-06-25T01:00:00.0,0.0,0.0,0.0,0.0,1.0
2024-06-25T02:00:00.0,0.0,0.0,0.0,0.0,1.0
2024-06-25T03:00:00.0,0.0,0.0,0.0,0.0,1.0
2024-06-25T04:00:00.0,1.2594,0.0,1.2594,0.0,0.7
2024-06-25T05:00:00.0,11.2297,0.0,11.2297,0.0,0.8417
2024-06-25T06:00:00.0,81.4535,0.2185,81.235,0.7104,1.0
2024-06-25T07:00:00.0,69.0081,0.0589,68.9492,0.1156,1.0
2024-06-25T08:00:00.0,207.8801,3.1895,204.6906,5.7147,1.0
2024-06-25T09:00:00.0,237.1472,3.4784,233.6689,4.8293,1.0
2024-06-25T10:00:00.0,280.5222,4.7293,275.7928,6.0345,1.0
2024-06-25T11:00:00.0,508.9339,120.1859,388.7481,140.0288,1.0
2024-06-25T12:00:00.0,542.1725,106.9679,435.2045,122.0171,1.0
2024-06-25T13:00:00.0,460.0038,65.2289,394.775,75.6489,1.0
2024-06-25T14:00:00.0,394.5902,36.9047,357.6855,45.298,1.0
2024-06-25T15:00:00.0,264.0898,8.1722,255.9176,10.9787,1.0
2024-06-25T16:00:00.0,135.738,0.0532,135.6848,0.0845,1.0
2024-06-25T17:00:00.0,180.7611,22.3713,158.3898,52.652,1.0
2024-06-25T18:00:00.0,210.3946,73.2868,137.1078,209.0713,1.0
2024-06-25T19:00:00.0,55.9092,2.1266,53.7826,9.164,1.0
2024-06-25T20:00:00.0,4.619,0.0001,4.6188,0.0014,0.7333
2024-06-25T21:00:00.0,0.0,0.0,0.0,0.0,1.0
2024-06-25T22:00:00.0,0.0,0.0,0.0,0.0,1.0
2024-06-25T23:00:00.0,0.0,0.0,0.0,0.0,1.0
2024-06-26T00:00:00.0,0.0,0.0,0.0,0.0,1.0
2024-06-26T01:00:00.0,0.0,0.0,0.0,0.0,1.0
2024-06-26T02:00:00.0,0.0,0.0,0.0,0.0,1.0
2024-06-26T03:00:00.0,0.0,0.0,0.0,0.0,1.0
2024-06-26T04:00:00.0,1.2159,0.0,1.2159,0.0,0.7
2024-06-26T05:00:00.0,11.1058,0.0,11.1058,0.0,0.8417
2024-06-26T06:00:00.0,68.3306,0.0027,68.3279,0.0087,1.0
2024-06-26T07:00:00.0,109.1134,0.8797,108.2337,1.7752,1.0
2024-06-26T08:00:00.0,299.6004,29.3926,270.2078,51.9617,1.0
2024-06-26T09:00:00.0,456.162,101.5987,354.5634,143.2907,1.0
2024-06-26T10:00:00.0,552.5162,155.9282,396.5879,197.9841,1.0
2024-06-26T11:00:00.0,603.8587,203.2496,400.6091,237.1688,1.0
2024-06-26T12:00:00.0,632.9528,197.1086,435.8441,224.8466,1.0
2024-06-26T13:00:00.0,275.2307,6.1565,269.0742,7.0617,1.0
2024-06-26T14:00:00.0,194.4018,0.1608,194.241,0.2016,1.0
2024-06-26T15:00:00.0,174.0651,0.132,173.9331,0.1768,1.0
2024-06-26T16:00:00.0,139.8266,0.0533,139.7732,0.0903,1.0
2024-06-26T17:00:00.0,99.3665,0.0189,99.3477,0.0419,1.0
2024-06-26T18:00:00.0,106.665,3.4565,103.2085,10.1377,1.0
2024-06-26T19:00:00.0,62.6988,3.6876,59.0112,22.786,1.0
2024-06-26T20:00:00.0,13.336,0.0018,13.3343,0.0239,0.7333
2024-06-26T21:00:00.0,0.0,0.0,0.0,0.0,1.0
2024-06-26T22:00:00.0,0.0,0.0,0.0,0.0,1.0
2024-06-26T23:00:00.0,0.0,0.0,0.0,0.0,1.0
2024-06-27T00:00:00.0,0.0,0.0,0.0,0.0,1.0
2024-06-27T01:00:00.0,0.0,0.0,0.0,0.0,1.0
2024-06-27T02:00:00.0,0.0,0.0,0.0,0.0,1.0
2024-06-27T03:00:00.0,0.0,0.0,0.0,0.0,1.0
2024-06-27T04:00:00.0,7.8711,0.6368,7.2342,10.7543,0.7083
2024-06-27T05:00:00.0,87.2259,32.1082,55.1177,190.0521,0.8417
2024-06-27T06:00:00.0,246.4496,167.0863,79.3632,558.8347,1.0
2024-06-27T07:00:00.0,409.1754,307.4202,101.7553,696.7886,0.625
2024-06-27T08:00:00.0,362.9791,101.0412,261.9379,180.3875,1.0
2024-06-27T09:00:00.0,427.3412,130.7082,296.633,185.4094,1.0
2024-06-27T10:00:00.0,418.8318,55.4296,363.4023,70.3172,1.0
2024-06-27T11:00:00.0,499.2637,76.2785,422.9852,89.7419,1.0
2024-06-27T12:00:00.0,578.5284,138.9862,439.5422,158.531,1.0
2024-06-27T13:00:00.0,303.4437,21.2695,282.1743,24.3772,1.0
2024-06-27T14:00:00.0,319.481,11.2553,308.2257,13.97,1.0
2024-06-27T15:00:00.0,254.5312,5.305,249.2262,7.4737,1.0
2024-06-27T16:00:00.0,216.1944,7.1253,209.0691,11.9504,1.0
2024-06-27T17:00:00.0,175.8884,1.647,174.2414,3.3638,1.0
2024-06-27T18:00:00.0,135.1962,1.988,133.2082,6.0627,1.0
2024-06-27T19:00:00.0,83.998,6.1787,77.8193,37.4666,1.0
2024-06-27T20:00:00.0,15.937,0.1289,15.8081,1.3991,0.7333
2024-06-27T21:00:00.0,0.0,0.0,0.0,0.0,1.0
2024-06-27T22:00:00.0,0.0,0.0,0.0,0.0,1.0
2024-06-27T23:00:00.0,0.0,0.0,0.0,0.0,1.0
2024-06-28T00:00:00.0,0.0,0.0,0.0,0.0,1.0
2024-06-28T01:00:00.0,0.0,0.0,0.0,0.0,1.0
2024-06-28T02:00:00.0,0.0,0.0,0.0,0.0,1.0
2024-06-28T03:00:00.0,0.0,0.0,0.0,0.0,1.0
2024-06-28T04:00:00.0,1.2147,0.0,1.2147,0.0,0.7083
2024-06-28T05:00:00.0,27.959,0.6058,27.3532,2.9794,0.8417
2024-06-28T06:00:00.0,174.5208,31.6061,142.9147,101.1306,1.0
2024-06-28T07:00:00.0,170.7635,39.5865,131.1771,97.8165,1.0
2024-06-28T08:00:00.0,223.4356,25.2006,198.2351,41.5906,1.0
2024-06-28T09:00:00.0,396.2348,64.627,331.6078,93.9942,1.0
2024-06-28T10:00:00.0,492.1096,103.4982,388.6114,130.6226,1.0
2024-06-28T11:00:00.0,594.8304,174.0099,420.8205,203.0381,1.0
2024-06-28T12:00:00.0,801.2356,448.7101,352.5255,512.3936,1.0
2024-06-28T13:00:00.0,805.3186,597.8299,207.4887,692.213,1.0
2024-06-28T14:00:00.0,386.1023,44.1597,341.9426,53.5003,1.0
2024-06-28T15:00:00.0,248.2661,3.6573,244.6088,4.9043,1.0
2024-06-28T16:00:00.0,184.2481,1.222,183.0261,2.061,1.0
2024-06-28T17:00:00.0,160.1315,9.0953,151.0362,21.6498,1.0
2024-06-28T18:00:00.0,81.9008,3.472,78.4288,9.0479,1.0
2024-06-28T19:00:00.0,78.5452,11.148,67.3972,58.1951,1.0
2024-06-28T20:00:00.0,17.873,4.7141,13.1589,63.9676,0.7333
2024-06-28T21:00:00.0,0.0,0.0,0.0,0.0,1.0
2024-06-28T22:00:00.0,0.0,0.0,0.0,0.0,1.0
2024-06-28T23:00:00.0,0.0,0.0,0.0,0.0,1.0
2024-06-29T00:00:00.0,0.0,0.0,0.0,0.0,1.0
2024-06-29T01:00:00.0,0.0,0.0,0.0,0.0,1.0
2024-06-29T02:00:00.0,0.0,0.0,0.0,0.0,1.0
2024-06-29T03:00:00.0,0.0,0.0,0.0,0.0,1.0
2024-06-29T04:00:00.0,1.1074,0.0,1.1074,0.0,0.7167
2024-06-29T05:00:00.0,12.4051,0.0,12.4051,0.0,0.8417
2024-06-29T06:00:00.0,59.1594,0.1011,59.0583,0.2896,1.0
2024-06-29T07:00:00.0,80.3573,0.0469,80.3104,0.1247,1.0
2024-06-29T08:00:00.0,96.2648,0.0252,96.2396,0.0468,1.0
2024-06-29T09:00:00.0,111.9344,0.133,111.8015,0.1844,1.0
2024-06-29T10:00:00.0,214.6656,1.2153,213.4503,1.489,1.0
2024-06-29T11:00:00.0,417.7219,42.1982,375.5238,49.1245,1.0
2024-06-29T12:00:00.0,522.0479,100.4955,421.5525,114.8203,1.0
2024-06-29T13:00:00.0,212.7248,8.1326,204.5922,9.3311,1.0
2024-06-29T14:00:00.0,142.3186,0.0693,142.2493,0.0889,1.0
2024-06-29T15:00:00.0,207.9544,1.2739,206.6805,1.8033,1.0
2024-06-29T16:00:00.0,241.0144,5.8215,235.193,9.4126,1.0
2024-06-29T17:00:00.0,94.2366,0.177,94.0595,0.3317,1.0
2024-06-29T18:00:00.0,55.1493,0.001,55.1483,0.0028,1.0
2024-06-29T19:00:00.0,79.0815,23.0835,55.998,158.3345,1.0
2024-06-29T20:00:00.0,21.4002,8.108,13.2922,104.9316,0.7417
2024-06-29T21:00:00.0,0.0,0.0,0.0,0.0,1.0
2024-06-29T22:00:00.0,0.0,0.0,0.0,0.0,1.0
2024-06-29T23:00:00.0,0.0,0.0,0.0,0.0,1.0
2024-06-30T00:00:00.0,0.0,0.0,0.0,0.0,1.0
2024-06-30T01:00:00.0,0.0,0.0,0.0,0.0,1.0
2024-06-30T02:00:00.0,0.0,0.0,0.0,0.0,1.0
2024-06-30T03:00:00.0,0.0,0.0,0.0,0.0,1.0
2024-06-30T04:00:00.0,1.1546,0.0,1.1546,0.0,0.7167
2024-06-30T05:00:00.0,23.1166,0.0021,23.1145,0.0098,0.8417
2024-06-30T06:00:00.0,91.4286,0.1194,91.3092,0.4683,1.0
2024-06-30T07:00:00.0,96.5105,0.003,96.5075,0.0069,1.0
2024-06-30T08:00:00.0,154.5172,0.0964,154.4208,0.1675,1.0
2024-06-30T09:00:00.0,133.3691,0.4005,132.9685,0.5534,1.0
2024-06-30T10:00:00.0,242.7124,1.4467,241.2657,1.8155,1.0
2024-06-30T11:00:00.0,507.9637,92.7954,415.1683,108.2387,1.0
2024-06-30T12:00:00.0,624.6718,156.3497,468.3221,178.7508,1.0
2024-06-30T13:00:00.0,551.2245,105.392,445.8325,122.6226,1.0
2024-06-30T14:00:00.0,536.9199,120.2953,416.6246,148.9727,1.0
2024-06-30T15:00:00.0,439.8673,84.8863,354.981,117.0602,1.0
2024-06-30T16:00:00.0,297.788,22.3745,275.4134,36.4783,1.0
2024-06-30T17:00:00.0,137.8743,2.4632,135.411,4.6376,1.0
2024-06-30T18:00:00.0,50.5274,0.0017,50.5257,0.0046,1.0
2024-06-30T19:00:00.0,63.3195,13.5065,49.8129,83.7019,1.0
2024-06-30T20:00:00.0,18.287,2.5409,15.7461,30.7923,0.7417
2024-06-30T21:00:00.0,0.0,0.0,0.0,0.0,1.0
2024-06-30T22:00:00.0,0.0,0.0,0.0,0.0,1.0
2024-06-30T23:00:00.0,0.0,0.0,0.0,0.0,1.0
2024-07-01T00:00:00.0,0.0,0.0,0.0,0.0,1.0
2024-07-01T01:00:00.0,0.0,0.0,0.0,0.0,1.0
2024-07-01T02:00:00.0,0.0,0.0,0.0,0.0,1.0
2024-07-01T03:00:00.0,0.0,0.0,0.0,0.0,1.0
2024-07-01T04:00:00.0,0.9746,0.0,0.9746,0.0,0.725
2024-07-01T05:00:00.0,25.6079,0.393,25.2149,1.9759,0.8417
2024-07-01T06:00:00.0,116.633,14.5487,102.0842,48.9818,1.0
2024-07-01T07:00:00.0,86.8759,0.2964,86.5795,0.5993,1.0
2024-07-01T08:00:00.0,144.6837,6.2903,138.3934,11.7639,1.0
2024-07-01T09:00:00.0,259.0611,16.2177,242.8434,22.7152,1.0
2024-07-01T10:00:00.0,246.4621,1.98,244.4821,2.5767,1.0
2024-07-01T11:00:00.0,451.542,86.2803,365.2617,100.2771,1.0
2024-07-01T12:00:00.0,605.9012,172.7027,433.1986,197.6176,1.0
2024-07-01T13:00:00.0,405.3307,55.6542,349.6765,64.2613,1.0
2024-07-01T14:00:00.0,428.3643,68.1037,360.2605,85.9224,1.0
2024-07-01T15:00:00.0,636.9331,383.9119,253.0212,524.6758,1.0
2024-07-01T16:00:00.0,391.3114,75.641,315.6704,125.8527,1.0
2024-07-01T17:00:00.0,167.5047,32.1594,135.3453,61.7698,1.0
2024-07-01T18:00:00.0,71.0311,11.8477,59.1834,43.8568,1.0
2024-07-01T19:00:00.0,101.803,26.1344,75.6686,156.6705,1.0
2024-07-01T20:00:00.0,20.4951,5.7437,14.7514,75.2845,0.7417
2024-07-01T21:00:00.0,0.0,0.0,0.0,0.0,1.0
2024-07-01T22:00:00.0,0.0,0.0,0.0,0.0,1.0
2024-07-01T23:00:00.0,0.0,0.0,0.0,0.0,1.0
2024-07-02T00:00:00.0,0.0,0.0,0.0,0.0,1.0
2024-07-02T01:00:00.0,0.0,0.0,0.0,0.0,1.0
2024-07-02T02:00:00.0,0.0,0.0,0.0,0.0,1.0
2024-07-02T03:00:00.0,0.0,0.0,0.0,0.0,1.0
2024-07-02T04:00:00.0,1.0029,0.0,1.0029,0.0,0.7333
2024-07-02T05:00:00.0,25.4272,0.0924,25.3348,0.4876,0.8417
2024-07-02T06:00:00.0,83.7562,5.1222,78.6339,19.5553,1.0
2024-07-02T07:00:00.0,133.1745,1.8336,131.3408,4.6916,1.0
2024-07-02T08:00:00.0,114.9077,0.0163,114.8914,0.0263,1.0
2024-07-02T09:00:00.0,221.9873,1.194,220.7933,1.715,1.0
2024-07-02T10:00:00.0,311.2083,10.997,300.2112,13.7101,1.0
2024-07-02T11:00:00.0,548.7659,125.2329,423.5329,146.9515,1.0
2024-07-02T12:00:00.0,660.3603,196.7228,463.6375,225.2564,1.0
2024-07-02T13:00:00.0,592.15,155.676,436.4739,180.5396,1.0
2024-07-02T14:00:00.0,631.7081,245.1842,386.5239,307.3311,1.0
2024-07-02T15:00:00.0,516.2282,204.8743,311.3539,286.584,1.0
2024-07-02T16:00:00.0,403.0485,113.2688,289.7797,180.2815,1.0
2024-07-02T17:00:00.0,206.4761,22.9987,183.4774,48.9388,1.0
2024-07-02T18:00:00.0,69.0487,1.868,67.1807,6.927,1.0
2024-07-02T19:00:00.0,63.1439,6.7445,56.3994,45.813,1.0
2024-07-02T20:00:00.0,5.9584,1.1216,4.8369,11.1925,0.75
2024-07-02T21:00:00.0,0.0,0.0,0.0,0.0,1.0
2024-07-02T22:00:00.0,0.0,0.0,0.0,0.0,1.0
2024-07-02T23:00:00.0,0.0,0.0,0.0,0.0,1.0
2024-07-03T00:00:00.0,0.0,0.0,0.0,0.0,1.0
2024-07-03T01:00:00.0,0.0,0.0,0.0,0.0,1.0
2024-07-03T02:00:00.0,0.0,0.0,0.0,0.0,1.0
2024-07-03T03:00:00.0,0.0,0.0,0.0,0.0,1.0
2024-07-03T04:00:00.0,1.0008,0.0,1.0008,0.0,0.7333
2024-07-03T05:00:00.0,11.2485,0.0,11.2485,0.0,0.8417
2024-07-03T06:00:00.0,52.5218,0.0033,52.5184,0.0096,1.0
2024-07-03T07:00:00.0,149.7323,2.0058,147.7265,4.3316,1.0
2024-07-03T08:00:00.0,206.6483,3.3864,203.2619,5.887,1.0
2024-07-03T09:00:00.0,270.5648,54.3685,216.1964,74.792,1.0
2024-07-03T10:00:00.0,669.0129,406.2553,262.7577,508.7849,1.0
2024-07-03T11:00:00.0,876.9878,740.05,136.9378,872.7805,1.0
2024-07-03T12:00:00.0,905.3293,761.0455,144.2838,872.111,1.0
2024-07-03T13:00:00.0,735.5944,423.5469,312.0475,492.7445,1.0
2024-07-03T14:00:00.0,563.4016,174.561,388.8405,217.6594,1.0
2024-07-03T15:00:00.0,683.4824,508.6241,174.8583,701.2823,1.0
2024-07-03T16:00:00.0,561.937,407.1067,154.8302,669.4628,1.0
2024-07-03T17:00:00.0,401.4925,261.6552,139.8373,542.4534,1.0
2024-07-03T18:00:00.0,219.1584,100.8617,118.2967,291.3594,1.0
2024-07-03T19:00:00.0,115.9114,49.3413,66.57,289.1543,1.0
2024-07-03T20:00:00.0,21.9354,6.7435,15.1918,86.3409,0.75
2024-07-03T21:00:00.0,0.0,0.0,0.0,0.0,1.0
2024-07-03T22:00:00.0,0.0,0.0,0.0,0.0,1.0
2024-07-03T23:00:00.0,0.0,0.0,0.0,0.0,1.0
2024-07-04T00:00:00.0,0.0,0.0,0.0,0.0,1.0
2024-07-04T01:00:00.0,0.0,0.0,0.0,0.0,1.0
2024-07-04T02:00:00.0,0.0,0.0,0.0,0.0,1.0
2024-07-04T03:00:00.0,0.0,0.0,0.0,0.0,1.0
2024-07-04T04:00:00.0,7.2097,1.0873,6.1224,21.0685,0.7417
2024-07-04T05:00:00.0,71.5928,27.1754,44.4174,199.4866,0.8417
2024-07-04T06:00:00.0,220.8022,131.7636,89.0386,451.3399,1.0
2024-07-04T07:00:00.0,252.6192,79.7183,172.9009,204.6168,1.0
2024-07-04T08:00:00.0,375.6256,120.6119,255.0136,216.5364,1.0
2024-07-04T09:00:00.0,330.9317,27.0138,303.9179,38.2208,1.0
2024-07-04T10:00:00.0,354.785,48.8201,305.9649,61.7646,1.0
2024-07-04T11:00:00.0,350.7496,12.8489,337.9007,15.1637,1.0
2024-07-04T12:00:00.0,396.2089,23.5012,372.7077,26.9501,1.0
2024-07-04T13:00:00.0,233.8857,4.7211,229.1645,5.5952,1.0
2024-07-04T14:00:00.0,458.4916,170.4588,288.0328,206.9786,1.0
2024-07-04T15:00:00.0,261.985,131.1128,130.8722,186.6822,1.0
2024-07-04T16:00:00.0,78.1088,0.0397,78.0691,0.0646,1.0
2024-07-04T17:00:00.0,81.7741,0.0004,81.7737,0.0009,1.0
2024-07-04T18:00:00.0,64.1352,3.8614,60.2738,14.3878,1.0
2024-07-04T19:00:00.0,65.3786,3.9628,61.4158,20.0709,1.0
2024-07-04T20:00:00.0,8.4432,0.0,8.4432,0.0,0.75
2024-07-04T21:00:00.0,0.0,0.0,0.0,0.0,1.0
2024-07-04T22:00:00.0,0.0,0.0,0.0,0.0,1.0
2024-07-04T23:00:00.0,0.0,0.0,0.0,0.0,1.0
2024-07-05T00:00:00.0,0.0,0.0,0.0,0.0,1.0
2024-07-05T01:00:00.0,0.0,0.0,0.0,0.0,1.0
2024-07-05T02:00:00.0,0.0,0.0,0.0,0.0,1.0
2024-07-05T03:00:00.0,0.0,0.0,0.0,0.0,1.0
2024-07-05T04:00:00.0,6.7183,1.3835,5.3348,27.9607,0.75
2024-07-05T05:00:00.0,89.7076,46.5358,43.1717,313.6217,0.8417
2024-07-05T06:00:00.0,230.3747,153.8368,76.5379,539.8015,1.0
2024-07-05T07:00:00.0,376.9825,265.7143,111.2682,624.0408,1.0
2024-07-05T08:00:00.0,449.0438,221.9911,227.0527,393.2784,1.0
2024-07-05T09:00:00.0,519.9518,159.6269,360.325,233.379,1.0
2024-07-05T10:00:00.0,517.9613,101.2709,416.6904,128.4283,1.0
2024-07-05T11:00:00.0,515.8346,94.8748,420.9598,113.1533,1.0
2024-07-05T12:00:00.0,290.0679,3.032,287.0358,3.4862,1.0
2024-07-05T13:00:00.0,232.1708,0.8806,231.2902,1.0177,1.0
2024-07-05T14:00:00.0,190.4892,0.1579,190.3313,0.1979,1.0
2024-07-05T15:00:00.0,179.5456,0.3019,179.2436,0.4264,1.0
2024-07-05T16:00:00.0,168.0724,2.8017,165.2707,4.866,1.0
2024-07-05T17:00:00.0,113.9461,0.3555,113.5905,0.6792,1.0
2024-07-05T18:00:00.0,106.7848,0.5185,106.2663,1.4899,1.0
2024-07-05T19:00:00.0,54.3389,0.0458,54.293,0.2704,1.0
2024-07-05T20:00:00.0,3.083,0.0,3.083,0.0,0.7583
2024-07-05T21:00:00.0,0.0,0.0,0.0,0.0,1.0
2024-07-05T22:00:00.0,0.0,0.0,0.0,0.0,1.0
2024-07-05T23:00:00.0,0.0,0.0,0.0,0.0,1.0
2024-07-06T00:00:00.0,0.0,0.0,0.0,0.0,1.0
2024-07-06T01:00:00.0,0.0,0.0,0.0,0.0,1.0
2024-07-06T02:00:00.0,0.0,0.0,0.0,0.0,1.0
2024-07-06T03:00:00.0,0.0,0.0,0.0,0.0,1.0
2024-07-06T04:00:00.0,6.8384,1.9462,4.8923,40.3127,0.7583
2024-07-06T05:00:00.0,94.2388,56.4058,37.8331,390.7302,0.8417
2024-07-06T06:00:00.0,242.518,179.1575,63.3605,631.4003,1.0
2024-07-06T07:00:00.0,388.831,296.7215,92.1096,687.9432,1.0
2024-07-06T08:00:00.0,537.9274,420.1941,117.7333,744.2313,1.0
2024-07-06T09:00:00.0,548.4082,283.3163,265.0919,409.9746,1.0
2024-07-06T10:00:00.0,422.201,105.2677,316.9333,135.1801,1.0
2024-07-06T11:00:00.0,662.4894,340.2785,322.2109,404.4012,1.0
2024-07-06T12:00:00.0,698.1898,278.3336,419.8562,319.8467,1.0
2024-07-06T13:00:00.0,523.7997,165.2375,358.5622,191.7401,1.0
2024-07-06T14:00:00.0,682.0645,424.3134,257.7511,532.6561,1.0
2024-07-06T15:00:00.0,502.5234,244.1718,258.3517,343.7251,1.0
2024-07-06T16:00:00.0,432.4586,186.278,246.1806,303.0087,1.0
2024-07-06T17:00:00.0,351.7981,186.5335,165.2646,391.6907,1.0
2024-07-06T18:00:00.0,251.7314,156.8013,94.9301,466.3143,1.0
2024-07-06T19:00:00.0,103.1748,37.3073,65.8675,209.5601,1.0
2024-07-06T20:00:00.0,19.5593,6.3257,13.2336,84.4667,0.7667
2024-07-06T21:00:00.0,0.0,0.0,0.0,0.0,1.0
2024-07-06T22:00:00.0,0.0,0.0,0.0,0.0,1.0
2024-07-06T23:00:00.0,0.0,0.0,0.0,0.0,1.0
2024-07-07T00:00:00.0,0.0,0.0,0.0,0.0,1.0
2024-07-07T01:00:00.0,0.0,0.0,0.0,0.0,1.0
2024-07-07T02:00:00.0,0.0,0.0,0.0,0.0,1.0
2024-07-07T03:00:00.0,0.0,0.0,0.0,0.0,1.0
2024-07-07T04:00:00.0,6.3442,1.9508,4.3934,41.4537,0.7667
2024-07-07T05:00:00.0,93.1164,59.8467,33.2696,419.7493,0.8417
2024-07-07T06:00:00.0,241.0672,188.0014,53.0658,667.4496,1.0
2024-07-07T07:00:00.0,403.3196,337.8787,65.4409,789.7996,1.0
2024-07-07T08:00:00.0,504.9619,368.9463,136.0155,665.5952,1.0
2024-07-07T09:00:00.0,511.6205,267.5951,244.0254,379.4195,1.0
2024-07-07T10:00:00.0,355.6273,62.0477,293.5797,82.0783,1.0
2024-07-07T11:00:00.0,507.3006,147.9956,359.305,173.1781,1.0
2024-07-07T12:00:00.0,720.373,306.3831,413.9899,352.7328,1.0
2024-07-07T13:00:00.0,353.2193,60.1316,293.0877,69.6663,1.0
2024-07-07T14:00:00.0,269.6556,11.6059,258.0497,14.8074,1.0
2024-07-07T15:00:00.0,501.9345,164.1246,337.8099,231.653,1.0
2024-07-07T16:00:00.0,431.2825,131.9793,299.3033,215.2188,1.0
2024-07-07T17:00:00.0,304.5977,66.4743,238.1234,142.1398,1.0
2024-07-07T18:00:00.0,184.8433,38.9324,145.9109,120.0063,1.0
2024-07-07T19:00:00.0,122.481,74.5263,47.9547,429.7433,1.0
2024-07-07T20:00:00.0,20.6922,9.6915,11.0006,135.9434,0.7667
2024-07-07T21:00:00.0,0.0,0.0,0.0,0.0,1.0
2024-07-07T22:00:00.0,0.0,0.0,0.0,0.0,1.0
2024-07-07T23:00:00.0,0.0,0.0,0.0,0.0,1.0
2024-07-08T00:00:00.0,0.0,0.0,0.0,0.0,1.0
2024-07-08T01:00:00.0,0.0,0.0,0.0,0.0,1.0
2024-07-08T02:00:00.0,0.0,0.0,0.0,0.0,1.0
2024-07-08T03:00:00.0,0.0,0.0,0.0,0.0,1.0
2024-07-08T04:00:00.0,3.2704,0.0001,3.2703,0.0032,0.775
2024-07-08T05:00:00.0,53.4908,2.1896,51.3011,11.5795,0.8417
2024-07-08T06:00:00.0,174.3428,62.8821,111.4607,241.215,1.0
2024-07-08T07:00:00.0,241.3119,36.5478,204.7641,84.0486,1.0
2024-07-08T08:00:00.0,311.5379,50.5277,261.0103,91.4373,1.0
2024-07-08T09:00:00.0,236.6062,4.4956,232.1106,6.4362,1.0
2024-07-08T10:00:00.0,297.2576,10.0763,287.1812,12.8486,1.0
2024-07-08T11:00:00.0,476.7671,80.8735,395.8935,95.2896,1.0
2024-07-08T12:00:00.0,397.2468,27.865,369.3818,32.1463,1.0
2024-07-08T13:00:00.0,207.729,3.5157,204.2134,4.0837,1.0
2024-07-08T14:00:00.0,63.9939,0.0,63.9939,0.0,1.0
2024-07-08T15:00:00.0,122.6655,0.3808,122.2847,0.5502,1.0
2024-07-08T16:00:00.0,145.4237,0.5318,144.8919,0.8804,1.0
2024-07-08T17:00:00.0,113.783,0.117,113.666,0.2274,1.0
2024-07-08T18:00:00.0,30.2359,0.0,30.2359,0.0,1.0
2024-07-08T19:00:00.0,22.2218,0.0005,22.2212,0.0029,1.0
2024-07-08T20:00:00.0,2.5241,0.0,2.5241,0.0,0.775
2024-07-08T21:00:00.0,0.0,0.0,0.0,0.0,1.0
2024-07-08T22:00:00.0,0.0,0.0,0.0,0.0,1.0
2024-07-08T23:00:00.0,0.0,0.0,0.0,0.0,1.0
2024-07-09T00:00:00.0,0.0,0.0,0.0,0.0,1.0
2024-07-09T01:00:00.0,0.0,0.0,0.0,0.0,1.0
2024-07-09T02:00:00.0,0.0,0.0,0.0,0.0,1.0
2024-07-09T03:00:00.0,0.0,0.0,0.0,0.0,1.0
2024-07-09T04:00:00.0,0.6312,0.0,0.6312,0.0,0.7833
2024-07-09T05:00:00.0,9.5575,0.0,9.5575,0.0,0.8417
2024-07-09T06:00:00.0,34.7047,0.0,34.7047,0.0,1.0
2024-07-09T07:00:00.0,53.2599,0.0001,53.2598,0.0002,1.0
2024-07-09T08:00:00.0,116.662,0.029,116.6329,0.0519,1.0
2024-07-09T09:00:00.0,129.7273,1.3656,128.3617,1.9343,1.0
2024-07-09T10:00:00.0,254.1331,3.6292,250.5039,4.5642,1.0
2024-07-09T11:00:00.0,456.0504,61.4513,394.5991,72.823,1.0
2024-07-09T12:00:00.0,409.5481,36.9743,372.5738,42.7226,1.0
2024-07-09T13:00:00.0,283.6665,8.575,275.0915,9.9756,1.0
2024-07-09T14:00:00.0,147.6238,0.4603,147.1635,0.5826,1.0
2024-07-09T15:00:00.0,134.5136,0.1281,134.3855,0.1815,1.0
2024-07-09T16:00:00.0,100.0217,0.0164,100.0053,0.0269,1.0
2024-07-09T17:00:00.0,143.1095,5.134,137.9755,12.36,1.0
2024-07-09T18:00:00.0,93.2544,7.1492,86.1052,19.6259,1.0
2024-07-09T19:00:00.0,76.8105,18.3998,58.4107,94.7667,1.0
2024-07-09T20:00:00.0,4.0546,0.001,4.0536,0.011,0.7917
2024-07-09T21:00:00.0,0.0,0.0,0.0,0.0,1.0
2024-07-09T22:00:00.0,0.0,0.0,0.0,0.0,1.0
2024-07-09T23:00:00.0,0.0,0.0,0.0,0.0,1.0
2024-07-10T00:00:00.0,0.0,0.0,0.0,0.0,1.0
2024-07-10T01:00:00.0,0.0,0.0,0.0,0.0,1.0
2024-07-10T02:00:00.0,0.0,0.0,0.0,0.0,1.0
2024-07-10T03:00:00.0,0.0,0.0,0.0,0.0,1.0
2024-07-10T04:00:00.0,0.6159,0.0,0.6159,0.0,0.7917
2024-07-10T05:00:00.0,44.2964,14.8221,29.4743,81.039,0.8417
2024-07-10T06:00:00.0,222.7078,152.2819,70.4259,550.5969,1.0
2024-07-10T07:00:00.0,350.4926,233.8576,116.6349,555.9887,1.0
2024-07-10T08:00:00.0,386.9691,154.9693,231.9998,286.0185,1.0
2024-07-10T09:00:00.0,528.2042,262.4556,265.7486,375.4864,1.0
2024-07-10T10:00:00.0,738.3715,539.2823,199.0893,690.2241,1.0
2024-07-10T11:00:00.0,876.2878,768.1133,108.1745,913.7939,1.0
2024-07-10T12:00:00.0,908.85,806.0013,102.8486,930.7305,1.0
2024-07-10T13:00:00.0,893.2327,790.2261,103.0066,926.6833,1.0
2024-07-10T14:00:00.0,832.8976,731.6324,101.2651,912.6475,1.0
2024-07-10T15:00:00.0,733.0135,636.9536,96.06,889.3867,1.0
2024-07-10T16:00:00.0,601.2953,513.8833,87.412,853.2816,1.0
2024-07-10T17:00:00.0,447.5061,371.1912,76.3149,793.5767,1.0
2024-07-10T18:00:00.0,284.3921,222.18,62.2122,689.1051,1.0
2024-07-10T19:00:00.0,129.617,87.5993,42.0177,491.3374,1.0
2024-07-10T20:00:00.0,18.7072,8.152,10.5553,118.0344,0.6667
2024-07-10T21:00:00.0,0.0,0.0,0.0,0.0,1.0
2024-07-10T22:00:00.0,0.0,0.0,0.0,0.0,1.0
2024-07-10T23:00:00.0,0.0,0.0,0.0,0.0,1.0
2024-07-11T00:00:00.0,0.0,0.0,0.0,0.0,1.0
2024-07-11T01:00:00.0,0.0,0.0,0.0,0.0,1.0
2024-07-11T02:00:00.0,0.0,0.0,0.0,0.0,1.0
2024-07-11T03:00:00.0,0.0,0.0,0.0,0.0,1.0
2024-07-11T04:00:00.0,4.3427,1.0385,3.3042,24.5339,0.8
2024-07-11T05:00:00.0,81.6013,46.0262,35.575,339.235,0.8417
2024-07-11T06:00:00.0,183.9701,88.048,95.9222,341.5906,1.0
2024-07-11T07:00:00.0,222.4505,32.5502,189.9003,82.1237,1.0
2024-07-11T08:00:00.0,378.2885,149.6375,228.651,256.0113,1.0
2024-07-11T09:00:00.0,671.9241,551.857,120.0671,808.702,1.0
2024-07-11T10:00:00.0,656.1069,321.0954,335.0115,417.1848,1.0
2024-07-11T11:00:00.0,685.1166,294.2324,390.8842,350.2328,1.0
2024-07-11T12:00:00.0,558.9448,142.6496,416.2952,165.1512,1.0
2024-07-11T13:00:00.0,508.3159,88.4048,419.9111,104.0741,1.0
2024-07-11T14:00:00.0,652.5454,249.9551,402.5903,313.3176,1.0
2024-07-11T15:00:00.0,426.0637,81.9646,344.0991,113.88,1.0
2024-07-11T16:00:00.0,268.5862,26.7762,241.81,45.9894,1.0
2024-07-11T17:00:00.0,239.9872,25.2571,214.7301,55.477,1.0
2024-07-11T18:00:00.0,218.3155,81.0486,137.2669,266.9409,1.0
2024-07-11T19:00:00.0,113.2734,57.9354,55.338,320.3574,1.0
2024-07-11T20:00:00.0,14.9663,3.5193,11.4471,49.9239,0.6667
2024-07-11T21:00:00.0,0.0,0.0,0.0,0.0,1.0
2024-07-11T22:00:00.0,0.0,0.0,0.0,0.0,1.0
2024-07-11T23:00:00.0,0.0,0.0,0.0,0.0,1.0
2024-07-12T00:00:00.0,0.0,0.0,0.0,0.0,1.0
2024-07-12T01:00:00.0,0.0,0.0,0.0,0.0,1.0
2024-07-12T02:00:00.0,0.0,0.0,0.0,0.0,1.0
2024-07-12T03:00:00.0,0.0,0.0,0.0,0.0,1.0
2024-07-12T04:00:00.0,0.5011,0.0,0.5011,0.0,0.8083
2024-07-12T05:00:00.0,24.1991,0.0016,24.1975,0.0108,0.8417
2024-07-12T06:00:00.0,55.9807,0.0099,55.9708,0.0296,1.0
2024-07-12T07:00:00.0,146.5627,0.8093,145.7534,1.871,1.0
2024-07-12T08:00:00.0,226.3019,7.9425,218.3594,14.7342,1.0
2024-07-12T09:00:00.0,354.6542,81.7292,272.925,117.6339,0.875
2024-07-12T10:00:00.0,319.4355,20.2078,299.2277,26.1606,1.0
2024-07-12T11:00:00.0,392.1694,23.2507,368.9187,27.7615,1.0
2024-07-12T12:00:00.0,401.6565,30.3935,371.263,35.1945,1.0
2024-07-12T13:00:00.0,383.7509,24.8985,358.8524,29.0771,1.0
2024-07-12T14:00:00.0,364.456,32.5677,331.8883,41.7525,1.0
2024-07-12T15:00:00.0,178.7439,10.5757,168.1682,14.008,1.0
2024-07-12T16:00:00.0,126.9123,3.6266,123.2857,6.5379,1.0
2024-07-12T17:00:00.0,149.4266,1.6816,147.745,3.2623,1.0
2024-07-12T18:00:00.0,85.8326,1.0053,84.8274,3.9976,1.0
2024-07-12T19:00:00.0,96.5612,34.6633,61.8979,198.7922,1.0
2024-07-12T20:00:00.0,13.8021,2.384,11.4181,34.2697,0.675
2024-07-12T21:00:00.0,0.0,0.0,0.0,0.0,1.0
2024-07-12T22:00:00.0,0.0,0.0,0.0,0.0,1.0
2024-07-12T23:00:00.0,0.0,0.0,0.0,0.0,1.0
2024-07-13T00:00:00.0,0.0,0.0,0.0,0.0,1.0
2024-07-13T01:00:00.0,0.0,0.0,0.0,0.0,1.0
2024-07-13T02:00:00.0,0.0,0.0,0.0,0.0,1.0
2024-07-13T03:00:00.0,0.0,0.0,0.0,0.0,1.0
2024-07-13T04:00:00.0,0.4305,0.0,0.4305,0.0,0.8167
2024-07-13T05:00:00.0,19.1871,0.345,18.8422,1.9019,0.8417
2024-07-13T06:00:00.0,102.5937,6.9583,95.6355,31.1372,1.0
2024-07-13T07:00:00.0,186.1656,16.4242,169.7414,36.0983,1.0
2024-07-13T08:00:00.0,305.7175,48.5051,257.2124,90.5785,1.0
2024-07-13T09:00:00.0,268.7578,8.9887,259.7691,13.4476,1.0
2024-07-13T10:00:00.0,245.8336,1.3818,244.4517,1.7824,1.0
2024-07-13T11:00:00.0,321.1117,7.1358,313.976,8.4709,1.0
2024-07-13T12:00:00.0,453.3586,46.6066,406.752,54.0242,1.0
2024-07-13T13:00:00.0,377.9725,49.4865,328.486,57.8202,1.0
2024-07-13T14:00:00.0,337.5448,51.3667,286.178,65.9729,1.0
2024-07-13T15:00:00.0,442.4256,108.7973,333.6282,151.989,1.0
2024-07-13T16:00:00.0,516.0279,326.3594,189.6685,546.177,1.0
2024-07-13T17:00:00.0,316.5058,131.5238,184.9819,276.9578,1.0
2024-07-13T18:00:00.0,75.5623,3.153,72.4093,8.3066,1.0
2024-07-13T19:00:00.0,35.3639,0.0278,35.3361,0.1694,1.0
2024-07-13T20:00:00.0,7.53,0.0004,7.5296,0.0059,0.6833
2024-07-13T21:00:00.0,0.0,0.0,0.0,0.0,1.0
2024-07-13T22:00:00.0,0.0,0.0,0.0,0.0,1.0
2024-07-13T23:00:00.0,0.0,0.0,0.0,0.0,1.0
2024-07-14T00:00:00.0,0.0,0.0,0.0,0.0,1.0
2024-07-14T01:00:00.0,0.0,0.0,0.0,0.0,1.0
2024-07-14T02:00:00.0,0.0,0.0,0.0,0.0,1.0
2024-07-14T03:00:00.0,0.0,0.0,0.0,0.0,1.0
2024-07-14T04:00:00.0,0.4049,0.0,0.4049,0.0,0.825
2024-07-14T05:00:00.0,9.3856,0.075,9.3106,0.4019,0.8417
2024-07-14T06:00:00.0,147.9527,26.3695,121.5831,94.5825,1.0
2024-07-14T07:00:00.0,255.9138,43.7914,212.1225,106.8363,1.0
2024-07-14T08:00:00.0,397.0896,116.4823,280.6073,206.2918,1.0
2024-07-14T09:00:00.0,419.0489,75.8894,343.1595,114.9734,1.0
2024-07-14T10:00:00.0,383.7865,31.12,352.6665,40.0626,1.0
2024-07-14T11:00:00.0,430.4923,42.4265,388.0659,50.9494,1.0
2024-07-14T12:00:00.0,387.3992,25.0004,362.3988,29.0269,1.0
2024-07-14T13:00:00.0,483.4674,66.4369,417.0305,78.6461,1.0
2024-07-14T14:00:00.0,608.027,177.3066,430.7203,224.894,1.0
2024-07-14T15:00:00.0,548.597,206.6394,341.9576,288.0641,1.0
2024-07-14T16:00:00.0,339.6317,52.1139,287.5179,83.7938,1.0
2024-07-14T17:00:00.0,246.7048,50.0634,196.6414,118.4427,1.0
2024-07-14T18:00:00.0,188.8054,61.6139,127.1915,177.7243,1.0
2024-07-14T19:00:00.0,74.0283,6.2031,67.8251,51.4704,1.0
2024-07-14T20:00:00.0,13.3,3.6482,9.6518,56.2635,0.6917
2024-07-14T21:00:00.0,0.0,0.0,0.0,0.0,1.0
2024-07-14T22:00:00.0,0.0,0.0,0.0,0.0,1.0
2024-07-14T23:00:00.0,0.0,0.0,0.0,0.0,1.0
2024-07-15T00:00:00.0,0.0,0.0,0.0,0.0,1.0
2024-07-15T01:00:00.0,0.0,0.0,0.0,0.0,1.0
2024-07-15T02:00:00.0,0.0,0.0,0.0,0.0,1.0
2024-07-15T03:00:00.0,0.0,0.0,0.0,0.0,1.0
2024-07-15T04:00:00.0,0.4064,0.0,0.4064,0.0,0.8417
2024-07-15T05:00:00.0,12.3622,0.0475,12.3146,0.2579,0.8417
2024-07-15T06:00:00.0,86.3566,3.1162,83.2404,13.6331,1.0
2024-07-15T07:00:00.0,134.831,6.5975,128.2334,17.9092,1.0
2024-07-15T08:00:00.0,120.4893,0.0705,120.4188,0.1361,1.0
2024-07-15T09:00:00.0,107.8538,0.0717,107.7821,0.1042,1.0
2024-07-15T10:00:00.0,210.1123,0.5644,209.5479,0.7276,1.0
2024-07-15T11:00:00.0,246.4776,1.2092,245.2684,1.462,1.0
2024-07-15T12:00:00.0,175.8221,0.154,175.668,0.1792,1.0
2024-07-15T13:00:00.0,177.8609,0.1286,177.7323,0.1502,1.0
2024-07-15T14:00:00.0,229.4892,1.5687,227.9205,2.0018,1.0
2024-07-15T15:00:00.0,257.7822,5.2014,252.5809,7.5572,1.0
2024-07-15T16:00:00.0,136.3306,1.7047,134.6258,2.6603,1.0
2024-07-15T17:00:00.0,78.8983,0.004,78.8943,0.0099,1.0
2024-07-15T18:00:00.0,56.9659,0.0669,56.899,0.1868,1.0
2024-07-15T19:00:00.0,23.0191,0.0,23.019,0.0002,1.0
2024-07-15T20:00:00.0,1.8116,0.0,1.8116,0.0,0.7
2024-07-15T21:00:00.0,0.0,0.0,0.0,0.0,1.0
2024-07-15T22:00:00.0,0.0,0.0,0.0,0.0,1.0
2024-07-15T23:00:00.0,0.0,0.0,0.0,0.0,1.0
2024-07-16T00:00:00.0,0.0,0.0,0.0,0.0,1.0
2024-07-16T01:00:00.0,0.0,0.0,0.0,0.0,1.0
2024-07-16T02:00:00.0,0.0,0.0,0.0,0.0,1.0
2024-07-16T03:00:00.0,0.0,0.0,0.0,0.0,1.0
2024-07-16T04:00:00.0,2.1208,0.2034,1.9174,5.8849,0.85
2024-07-16T05:00:00.0,63.6823,26.7092,36.9731,206.0158,0.8417
2024-07-16T06:00:00.0,198.325,121.9331,76.3919,459.8739,1.0
2024-07-16T07:00:00.0,290.65,151.783,138.867,391.9067,1.0
2024-07-16T08:00:00.0,267.742,21.2983,246.4437,38.5008,1.0
2024-07-16T09:00:00.0,462.3969,166.4899,295.907,244.1391,1.0
2024-07-16T10:00:00.0,627.8287,256.3701,371.4585,332.4435,1.0
2024-07-16T11:00:00.0,641.8421,183.0793,458.7628,220.0262,1.0
2024-07-16T12:00:00.0,687.5561,213.2306,474.3254,248.6474,1.0
2024-07-16T13:00:00.0,615.576,171.9055,443.6705,202.6201,1.0
2024-07-16T14:00:00.0,363.8294,24.58,339.2494,30.877,1.0
2024-07-16T15:00:00.0,339.8314,29.1645,310.6669,42.2018,1.0
2024-07-16T16:00:00.0,193.8097,5.444,188.3657,8.5059,1.0
2024-07-16T17:00:00.0,158.5562,1.2202,157.3361,2.8185,1.0
2024-07-16T18:00:00.0,98.5149,0.3743,98.1406,1.0623,1.0
2024-07-16T19:00:00.0,51.955,3.8023,48.1527,26.392,1.0
2024-07-16T20:00:00.0,9.2385,0.481,8.7575,7.567,0.7083
2024-07-16T21:00:00.0,0.0,0.0,0.0,0.0,1.0
2024-07-16T22:00:00.0,0.0,0.0,0.0,0.0,1.0
2024-07-16T23:00:00.0,0.0,0.0,0.0,0.0,1.0
2024-07-17T00:00:00.0,0.0,0.0,0.0,0.0,1.0
2024-07-17T01:00:00.0,0.0,0.0,0.0,0.0,1.0
2024-07-17T02:00:00.0,0.0,0.0,0.0,0.0,1.0
2024-07-17T03:00:00.0,0.0,0.0,0.0,0.0,1.0
2024-07-17T04:00:00.0,1.0888,0.0,1.0888,0.0,0.8583
2024-07-17T05:00:00.0,33.369,0.0154,33.3537,0.0878,0.8417
2024-07-17T06:00:00.0,129.672,13.8388,115.8332,47.5495,1.0
2024-07-17T07:00:00.0,233.8649,56.6369,177.2279,135.5774,1.0
2024-07-17T08:00:00.0,304.3431,58.0431,246.3,109.7781,1.0
2024-07-17T09:00:00.0,337.1286,35.5483,301.5803,51.8641,1.0
2024-07-17T10:00:00.0,392.8154,39.2725,353.5429,51.1598,1.0
2024-07-17T11:00:00.0,427.7558,43.7257,384.0301,52.6572,1.0
2024-07-17T12:00:00.0,493.627,76.9584,416.6685,89.863,1.0
2024-07-17T13:00:00.0,420.0743,47.7056,372.3687,56.1076,1.0
2024-07-17T14:00:00.0,379.2106,29.2519,349.9587,37.0417,1.0
2024-07-17T15:00:00.0,227.9016,5.389,222.5126,7.3622,1.0
2024-07-17T16:00:00.0,106.8634,0.0149,106.8485,0.0261,1.0
2024-07-17T17:00:00.0,61.824,0.0002,61.8238,0.0005,1.0
2024-07-17T18:00:00.0,41.9763,0.0,41.9763,0.0,1.0
2024-07-17T19:00:00.0,36.1418,0.5539,35.5878,4.6206,1.0
2024-07-17T20:00:00.0,8.1663,0.2262,7.94,3.6404,0.7167
2024-07-17T21:00:00.0,0.0,0.0,0.0,0.0,1.0
2024-07-17T22:00:00.0,0.0,0.0,0.0,0.0,1.0
2024-07-17T23:00:00.0,0.0,0.0,0.0,0.0,1.0
2024-07-18T00:00:00.0,0.0,0.0,0.0,0.0,1.0
2024-07-18T01:00:00.0,0.0,0.0,0.0,0.0,1.0
2024-07-18T02:00:00.0,0.0,0.0,0.0,0.0,1.0
2024-07-18T03:00:00.0,0.0,0.0,0.0,0.0,1.0
2024-07-18T04:00:00.0,0.1998,0.0,0.1998,0.0,0.8667
2024-07-18T05:00:00.0,7.4769,0.0,7.4769,0.0,0.7167
2024-07-18T06:00:00.0,22.1801,0.0,22.1801,0.0,1.0
2024-07-18T07:00:00.0,47.3444,0.0,47.3444,0.0001,1.0
2024-07-18T08:00:00.0,79.1052,0.0139,79.0913,0.0258,1.0
2024-07-18T09:00:00.0,172.507,2.5051,170.0018,3.716,1.0
2024-07-18T10:00:00.0,191.4938,0.4056,191.0882,0.5164,1.0
2024-07-18T11:00:00.0,323.3634,8.5201,314.8434,10.2661,1.0
2024-07-18T12:00:00.0,436.0263,41.2073,394.819,48.1888,1.0
2024-07-18T13:00:00.0,460.1028,58.1032,401.9995,69.084,1.0
2024-07-18T14:00:00.0,525.667,104.3815,421.2854,133.2654,1.0
2024-07-18T15:00:00.0,464.6266,94.6398,369.9869,134.3277,1.0
2024-07-18T16:00:00.0,399.7545,88.2654,311.4892,148.8381,1.0
2024-07-18T17:00:00.0,310.9509,94.9528,215.9981,213.4538,1.0
2024-07-18T18:00:00.0,220.2219,109.3312,110.8907,364.4456,1.0
2024-07-18T19:00:00.0,99.1085,47.5497,51.5588,286.0614,1.0
2024-07-18T20:00:00.0,10.4321,2.4849,7.9472,41.2206,0.725
2024-07-18T21:00:00.0,0.0,0.0,0.0,0.0,1.0
2024-07-18T22:00:00.0,0.0,0.0,0.0,0.0,1.0
2024-07-18T23:00:00.0,0.0,0.0,0.0,0.0,1.0
2024-07-19T00:00:00.0,0.0,0.0,0.0,0.0,1.0
2024-07-19T01:00:00.0,0.0,0.0,0.0,0.0,1.0
2024-07-19T02:00:00.0,0.0,0.0,0.0,0.0,1.0
2024-07-19T03:00:00.0,0.0,0.0,0.0,0.0,1.0
2024-07-19T04:00:00.0,0.1654,0.0,0.1654,0.0,0.875
2024-07-19T05:00:00.0,6.9709,0.0,6.9709,0.0,0.7167
2024-07-19T06:00:00.0,46.3852,2.1879,44.1973,7.0162,1.0
2024-07-19T07:00:00.0,137.0141,4.7099,132.3042,13.2865,1.0
2024-07-19T08:00:00.0,205.0752,6.6124,198.4628,12.4368,1.0
2024-07-19T09:00:00.0,364.2345,48.9971,315.2374,74.0129,1.0
2024-07-19T10:00:00.0,371.0076,30.5969,340.4106,39.5872,1.0
2024-07-19T11:00:00.0,558.581,152.8615,405.7194,184.2634,1.0
2024-07-19T12:00:00.0,664.8914,193.5236,471.3678,226.8122,1.0
2024-07-19T13:00:00.0,587.347,122.8363,464.5107,145.7647,1.0
2024-07-19T14:00:00.0,424.9186,52.209,372.7097,65.9661,1.0
2024-07-19T15:00:00.0,300.472,15.9793,284.4926,22.0619,1.0
2024-07-19T16:00:00.0,163.2573,2.2283,161.029,4.0301,1.0
2024-07-19T17:00:00.0,120.3449,0.8271,119.5178,1.6465,1.0
2024-07-19T18:00:00.0,37.0776,0.0001,37.0775,0.0002,1.0
2024-07-19T19:00:00.0,20.2289,0.0435,20.1854,0.4453,1.0
2024-07-19T20:00:00.0,6.9579,0.0258,6.932,0.4357,0.7333
2024-07-19T21:00:00.0,0.0,0.0,0.0,0.0,1.0
2024-07-19T22:00:00.0,0.0,0.0,0.0,0.0,1.0
2024-07-19T23:00:00.0,0.0,0.0,0.0,0.0,1.0
2024-07-20T00:00:00.0,0.0,0.0,0.0,0.0,1.0
2024-07-20T01:00:00.0,0.0,0.0,0.0,0.0,1.0
2024-07-20T02:00:00.0,0.0,0.0,0.0,0.0,1.0
2024-07-20T03:00:00.0,0.0,0.0,0.0,0.0,1.0
2024-07-20T04:00:00.0,0.525,0.0,0.525,0.0,0.8917
2024-07-20T05:00:00.0,29.5643,0.002,29.5623,0.013,0.7167
2024-07-20T06:00:00.0,23.1254,0.0011,23.1244,0.0058,1.0
2024-07-20T07:00:00.0,29.1206,0.0,29.1206,0.0,1.0
2024-07-20T08:00:00.0,66.2997,0.0013,66.2985,0.0022,1.0
2024-07-20T09:00:00.0,170.0272,0.2615,169.7656,0.3847,1.0
2024-07-20T10:00:00.0,274.9329,4.7644,270.1685,6.1897,1.0
2024-07-20T11:00:00.0,386.3552,35.5482,350.807,42.4762,1.0
2024-07-20T12:00:00.0,560.8542,123.9253,436.9289,145.5565,1.0
2024-07-20T13:00:00.0,684.394,297.153,387.2411,355.0281,1.0
2024-07-20T14:00:00.0,530.2349,141.7038,388.5312,181.1038,1.0
2024-07-20T15:00:00.0,494.7815,163.6082,331.1733,232.0237,1.0
2024-07-20T16:00:00.0,560.874,436.7071,124.1669,748.9514,1.0
2024-07-20T17:00:00.0,426.1781,337.3821,88.796,748.3535,1.0
2024-07-20T18:00:00.0,263.5737,196.4591,67.1146,645.2889,1.0
2024-07-20T19:00:00.0,109.95,68.5364,41.4136,428.0081,1.0
2024-07-20T20:00:00.0,10.4648,3.5836,6.8812,63.2342,0.7417
2024-07-20T21:00:00.0,0.0,0.0,0.0,0.0,1.0
2024-07-20T22:00:00.0,0.0,0.0,0.0,0.0,1.0
2024-07-20T23:00:00.0,0.0,0.0,0.0,0.0,1.0
2024-07-21T00:00:00.0,0.0,0.0,0.0,0.0,1.0
2024-07-21T01:00:00.0,0.0,0.0,0.0,0.0,1.0
2024-07-21T02:00:00.0,0.0,0.0,0.0,0.0,1.0
2024-07-21T03:00:00.0,0.0,0.0,0.0,0.0,1.0
2024-07-21T04:00:00.0,0.9446,0.0539,0.8907,1.6116,0.9
2024-07-21T05:00:00.0,52.2114,15.6956,36.5158,152.5975,0.7167
2024-07-21T06:00:00.0,110.0933,5.5098,104.5835,21.3329,1.0
2024-07-21T07:00:00.0,166.281,13.7368,152.5441,31.1483,1.0
2024-07-21T08:00:00.0,295.0159,54.858,240.1579,104.3164,1.0
2024-07-21T09:00:00.0,236.0288,9.312,226.7168,13.6992,1.0
2024-07-21T10:00:00.0,286.8403,7.4673,279.373,9.7101,1.0
2024-07-21T11:00:00.0,343.1703,21.8461,321.3242,26.1435,1.0
2024-07-21T12:00:00.0,542.1452,137.6514,404.4938,162.0675,1.0
2024-07-21T13:00:00.0,266.4353,26.226,240.2093,31.1645,1.0
2024-07-21T14:00:00.0,103.2969,0.0441,103.2528,0.0571,1.0
2024-07-21T15:00:00.0,46.4781,0.0,46.4781,0.0,1.0
2024-07-21T16:00:00.0,69.6498,0.0007,69.6491,0.0013,1.0
2024-07-21T17:00:00.0,101.1334,0.0045,101.1289,0.0097,1.0
2024-07-21T18:00:00.0,43.1862,0.0,43.1862,0.0,1.0
2024-07-21T19:00:00.0,32.8568,0.3124,32.5444,2.2696,1.0
2024-07-21T20:00:00.0,1.4001,0.0,1.4001,0.0,0.7667
2024-07-21T21:00:00.0,0.0,0.0,0.0,0.0,1.0
2024-07-21T22:00:00.0,0.0,0.0,0.0,0.0,1.0
2024-07-21T23:00:00.0,0.0,0.0,0.0,0.0,1.0
2024-07-22T00:00:00.0,0.0,0.0,0.0,0.0,1.0
2024-07-22T01:00:00.0,0.0,0.0,0.0,0.0,1.0
2024-07-22T02:00:00.0,0.0,0.0,0.0,0.0,1.0
2024-07-22T03:00:00.0,0.0,0.0,0.0,0.0,1.0
2024-07-22T04:00:00.0,0.0981,0.0,0.0981,0.0,0.9083
2024-07-22T05:00:00.0,8.4912,0.0,8.4912,0.0,0.7167
2024-07-22T06:00:00.0,84.8675,1.1512,83.7163,3.8552,1.0
2024-07-22T07:00:00.0,154.3553,1.979,152.3763,5.2571,1.0
2024-07-22T08:00:00.0,253.8753,16.8763,236.9991,30.4774,1.0
2024-07-22T09:00:00.0,387.5,84.2119,303.2881,123.8666,1.0
2024-07-22T10:00:00.0,322.018,27.6946,294.3234,37.8967,1.0
2024-07-22T11:00:00.0,339.3787,11.7425,327.6362,14.2357,1.0
2024-07-22T12:00:00.0,429.5779,40.8131,388.7648,48.1092,1.0
2024-07-22T13:00:00.0,343.7194,58.0127,285.7067,69.0348,1.0
2024-07-22T14:00:00.0,154.9584,1.7674,153.191,2.29,1.0
2024-07-22T15:00:00.0,146.5497,3.6559,142.8937,5.1888,1.0
2024-07-22T16:00:00.0,228.4911,40.0922,188.3989,73.5388,1.0
2024-07-22T17:00:00.0,208.2025,27.7683,180.4342,58.781,1.0
2024-07-22T18:00:00.0,129.8043,28.0637,101.7405,115.2501,1.0
2024-07-22T19:00:00.0,76.3521,15.7348,60.6173,90.3333,1.0
2024-07-22T20:00:00.0,5.5095,0.0013,5.5082,0.0242,0.7667
2024-07-22T21:00:00.0,0.0,0.0,0.0,0.0,1.0
2024-07-22T22:00:00.0,0.0,0.0,0.0,0.0,1.0
2024-07-22T23:00:00.0,0.0,0.0,0.0,0.0,1.0
2024-07-23T00:00:00.0,0.0,0.0,0.0,0.0,1.0
2024-07-23T01:00:00.0,0.0,0.0,0.0,0.0,1.0
2024-07-23T02:00:00.0,0.0,0.0,0.0,0.0,1.0
2024-07-23T03:00:00.0,0.0,0.0,0.0,0.0,1.0
2024-07-23T04:00:00.0,0.0786,0.0,0.0786,0.0,0.925
2024-07-23T05:00:00.0,11.6448,0.0,11.6447,0.0001,0.7167
2024-07-23T06:00:00.0,89.8655,0.7957,89.0698,3.301,1.0
2024-07-23T07:00:00.0,163.2967,8.821,154.4757,22.7024,1.0
2024-07-23T08:00:00.0,212.2314,5.0755,207.1559,8.9812,1.0
2024-07-23T09:00:00.0,383.1215,66.4802,316.6413,100.6502,1.0
2024-07-23T10:00:00.0,490.9653,122.4359,368.5295,160.7824,1.0
2024-07-23T11:00:00.0,554.9155,147.8028,407.1128,180.7408,1.0
2024-07-23T12:00:00.0,555.1808,132.0748,423.106,156.1165,1.0
2024-07-23T13:00:00.0,469.9535,66.4876,403.4659,79.5692,1.0
2024-07-23T14:00:00.0,458.5419,68.2161,390.3259,87.246,1.0
2024-07-23T15:00:00.0,308.6016,16.6348,291.9668,23.9991,1.0
2024-07-23T16:00:00.0,293.457,33.874,259.5829,55.9424,1.0
2024-07-23T17:00:00.0,127.3984,2.8503,124.5481,6.8459,1.0
2024-07-23T18:00:00.0,117.8471,13.2465,104.6006,46.7573,1.0
2024-07-23T19:00:00.0,73.8508,16.5782,57.2726,106.3685,1.0
2024-07-23T20:00:00.0,5.3144,0.0012,5.3132,0.0237,0.775
2024-07-23T21:00:00.0,0.0,0.0,0.0,0.0,1.0
2024-07-23T22:00:00.0,0.0,0.0,0.0,0.0,1.0
2024-07-23T23:00:00.0,0.0,0.0,0.0,0.0,1.0
2024-07-24T00:00:00.0,0.0,0.0,0.0,0.0,1.0
2024-07-24T01:00:00.0,0.0,0.0,0.0,0.0,1.0
2024-07-24T02:00:00.0,0.0,0.0,0.0,0.0,1.0
2024-07-24T03:00:00.0,0.0,0.0,0.0,0.0,1.0
2024-07-24T04:00:00.0,0.0895,0.0,0.0895,0.0,0.9333
2024-07-24T05:00:00.0,9.3611,0.0,9.3611,0.0,0.7167
2024-07-24T06:00:00.0,38.6093,0.4057,38.2036,1.3602,1.0
2024-07-24T07:00:00.0,105.3163,2.3152,103.0011,5.6697,1.0
2024-07-24T08:00:00.0,113.4419,0.0739,113.368,0.1321,1.0
2024-07-24T09:00:00.0,264.1563,11.3342,252.8221,16.9095,1.0
2024-07-24T10:00:00.0,272.3414,4.5949,267.7465,6.0398,1.0
2024-07-24T11:00:00.0,410.6522,36.7775,373.8747,44.8643,1.0
2024-07-24T12:00:00.0,449.9828,51.2037,398.7792,60.6717,1.0
2024-07-24T13:00:00.0,381.3861,32.873,348.5131,39.2556,1.0
2024-07-24T14:00:00.0,251.3577,4.1315,247.2262,5.3131,1.0
2024-07-24T15:00:00.0,195.5677,0.6918,194.8759,1.0334,1.0
2024-07-24T16:00:00.0,251.8191,17.9639,233.8552,31.719,1.0
2024-07-24T17:00:00.0,205.8659,32.3785,173.4875,76.8181,1.0
2024-07-24T18:00:00.0,85.2196,5.6744,79.5452,19.4795,1.0
2024-07-24T19:00:00.0,64.9144,10.4209,54.4936,70.4565,1.0
2024-07-24T20:00:00.0,5.4441,0.4949,4.9492,9.9225,0.7917
2024-07-24T21:00:00.0,0.0,0.0,0.0,0.0,1.0
2024-07-24T22:00:00.0,0.0,0.0,0.0,0.0,1.0
2024-07-24T23:00:00.0,0.0,0.0,0.0,0.0,1.0
2024-07-25T00:00:00.0,0.0,0.0,0.0,0.0,1.0
2024-07-25T01:00:00.0,0.0,0.0,0.0,0.0,1.0
2024-07-25T02:00:00.0,0.0,0.0,0.0,0.0,1.0
2024-07-25T03:00:00.0,0.0,0.0,0.0,0.0,1.0
2024-07-25T04:00:00.0,0.1461,0.0,0.1461,0.0,0.95
2024-07-25T05:00:00.0,22.2265,0.0037,22.2228,0.0315,0.7167
2024-07-25T06:00:00.0,68.4771,3.6084,64.8686,12.4311,1.0
2024-07-25T07:00:00.0,132.9284,9.2904,123.6379,25.7637,1.0
2024-07-25T08:00:00.0,182.4347,4.637,177.7977,8.8446,1.0
2024-07-25T09:00:00.0,254.1567,14.1995,239.9572,21.2763,1.0
2024-07-25T10:00:00.0,295.0307,10.0875,284.9431,13.3427,1.0
2024-07-25T11:00:00.0,198.0791,0.9892,197.0899,1.2374,1.0
2024-07-25T12:00:00.0,473.4264,96.0382,377.3882,113.8743,1.0
2024-07-25T13:00:00.0,594.6984,235.1734,359.5249,282.6313,1.0
2024-07-25T14:00:00.0,692.2538,420.5604,271.6935,543.4075,1.0
2024-07-25T15:00:00.0,675.7899,496.4964,179.2935,718.3243,1.0
2024-07-25T16:00:00.0,548.0518,397.2731,150.7787,690.0737,1.0
2024-07-25T17:00:00.0,357.949,215.0035,142.9455,487.0922,1.0
2024-07-25T18:00:00.0,222.7527,128.9409,93.8118,453.3489,1.0
2024-07-25T19:00:00.0,92.3262,47.4061,44.9202,318.1979,0.9083
2024-07-25T20:00:00.0,6.0823,1.2876,4.7947,26.5831,0.7667
2024-07-25T21:00:00.0,0.0,0.0,0.0,0.0,1.0
2024-07-25T22:00:00.0,0.0,0.0,0.0,0.0,1.0
2024-07-25T23:00:00.0,0.0,0.0,0.0,0.0,1.0
2024-07-26T00:00:00.0,0.0,0.0,0.0,0.0,1.0
2024-07-26T01:00:00.0,0.0,0.0,0.0,0.0,1.0
2024-07-26T02:00:00.0,0.0,0.0,0.0,0.0,1.0
2024-07-26T03:00:00.0,0.0,0.0,0.0,0.0,1.0
2024-07-26T04:00:00.0,0.1303,0.0008,0.1296,0.0,0.9583
2024-07-26T05:00:00.0,42.8526,11.7633,31.0893,88.0714,0.7167
2024-07-26T06:00:00.0,188.1439,124.9011,63.2428,530.0234,1.0
2024-07-26T07:00:00.0,284.6725,129.8374,154.8351,332.4707,1.0
2024-07-26T08:00:00.0,392.3858,136.7702,255.6156,261.0223,1.0
2024-07-26T09:00:00.0,470.3344,136.8,333.5344,214.8917,1.0
2024-07-26T10:00:00.0,397.6222,48.5482,349.0739,65.1069,1.0
2024-07-26T11:00:00.0,451.4609,104.0746,347.3863,128.5487,1.0
2024-07-26T12:00:00.0,416.7576,39.9255,376.8322,47.5109,1.0
2024-07-26T13:00:00.0,551.4094,179.4827,371.9266,215.7101,1.0
2024-07-26T14:00:00.0,580.553,187.3197,393.2333,242.1913,1.0
2024-07-26T15:00:00.0,633.2592,393.4021,239.857,578.0421,1.0
2024-07-26T16:00:00.0,377.5563,172.4901,205.0662,304.8124,1.0
2024-07-26T17:00:00.0,378.4138,262.2335,116.1803,606.2319,1.0
2024-07-26T18:00:00.0,212.8893,111.9384,100.9509,379.5473,1.0
2024-07-26T19:00:00.0,69.9613,13.7615,56.1998,110.2115,0.9083
2024-07-26T20:00:00.0,4.881,0.7274,4.1537,15.6543,0.7833
2024-07-26T21:00:00.0,0.0,0.0,0.0,0.0,1.0
2024-07-26T22:00:00.0,0.0,0.0,0.0,0.0,1.0
2024-07-26T23:00:00.0,0.0,0.0,0.0,0.0,1.0
2024-07-27T00:00:00.0,0.0,0.0,0.0,0.0,1.0
2024-07-27T01:00:00.0,0.0,0.0,0.0,0.0,1.0
2024-07-27T02:00:00.0,0.0,0.0,0.0,0.0,1.0
2024-07-27T03:00:00.0,0.0,0.0,0.0,0.0,1.0
2024-07-27T04:00:00.0,0.0829,0.0011,0.0819,0.0,0.9667
2024-07-27T05:00:00.0,31.3479,6.5221,24.8258,70.0983,0.7167
2024-07-27T06:00:00.0,150.3703,77.923,72.4473,303.2529,1.0
2024-07-27T07:00:00.0,273.2407,135.1263,138.1144,350.4849,1.0
2024-07-27T08:00:00.0,329.6578,94.5439,235.1139,186.7974,1.0
2024-07-27T09:00:00.0,405.2204,139.9,265.3204,208.4553,1.0
2024-07-27T10:00:00.0,632.9728,359.3937,273.5791,479.4919,1.0
2024-07-27T11:00:00.0,561.7091,171.5357,390.1734,210.409,1.0
2024-07-27T12:00:00.0,720.3138,375.2582,345.0557,447.8904,1.0
2024-07-27T13:00:00.0,738.6553,436.0945,302.5607,526.5764,1.0
2024-07-27T14:00:00.0,724.0099,484.4979,239.5119,630.2974,1.0
2024-07-27T15:00:00.0,624.8725,425.8417,199.0308,612.8357,1.0
2024-07-27T16:00:00.0,475.1828,274.245,200.9378,486.4762,1.0
2024-07-27T17:00:00.0,400.2715,295.6261,104.6453,680.7357,1.0
2024-07-27T18:00:00.0,236.0307,156.9958,79.0349,547.6315,1.0
2024-07-27T19:00:00.0,86.8007,44.0739,42.7268,304.8633,0.9083
2024-07-27T20:00:00.0,4.6471,0.8183,3.8288,18.4313,0.7917
2024-07-27T21:00:00.0,0.0,0.0,0.0,0.0,1.0
2024-07-27T22:00:00.0,0.0,0.0,0.0,0.0,1.0
2024-07-27T23:00:00.0,0.0,0.0,0.0,0.0,1.0
2024-07-28T00:00:00.0,0.0,0.0,0.0,0.0,1.0
2024-07-28T01:00:00.0,0.0,0.0,0.0,0.0,1.0
2024-07-28T02:00:00.0,0.0,0.0,0.0,0.0,1.0
2024-07-28T03:00:00.0,0.0,0.0,0.0,0.0,1.0
2024-07-28T04:00:00.0,0.0354,0.003,0.0324,0.0,0.9833
2024-07-28T05:00:00.0,44.4198,18.2931,26.1267,185.9276,0.7167
2024-07-28T06:00:00.0,164.4392,90.4635,73.9757,388.5662,1.0
2024-07-28T07:00:00.0,328.115,225.2829,102.8321,592.0204,1.0
2024-07-28T08:00:00.0,507.2992,406.1714,101.1277,777.6091,1.0
2024-07-28T09:00:00.0,565.8921,371.2056,194.6865,571.124,1.0
2024-07-28T10:00:00.0,450.99,95.5366,355.4534,131.2617,1.0
2024-07-28T11:00:00.0,463.2994,72.0579,391.2415,88.3256,1.0
2024-07-28T12:00:00.0,791.696,530.8135,260.8826,634.8268,1.0
2024-07-28T13:00:00.0,852.4265,697.6786,154.7479,848.2086,1.0
2024-07-28T14:00:00.0,792.7754,650.39,142.3854,843.6932,1.0
2024-07-28T15:00:00.0,692.4407,564.4098,128.031,825.0792,1.0
2024-07-28T16:00:00.0,493.3184,329.2972,164.0212,563.8573,1.0
2024-07-28T17:00:00.0,218.0073,21.8492,196.1581,48.9185,1.0
2024-07-28T18:00:00.0,146.5162,30.9143,115.6019,133.4434,1.0
2024-07-28T19:00:00.0,82.2622,40.1823,42.0798,294.2295,0.9083
2024-07-28T20:00:00.0,4.1856,0.779,3.4067,18.1965,0.8083
2024-07-28T21:00:00.0,0.0,0.0,0.0,0.0,1.0
2024-07-28T22:00:00.0,0.0,0.0,0.0,0.0,1.0
2024-07-28T23:00:00.0,0.0,0.0,0.0,0.0,1.0
2024-07-29T00:00:00.0,0.0,0.0,0.0,0.0,1.0
2024-07-29T01:00:00.0,0.0,0.0,0.0,0.0,1.0
2024-07-29T02:00:00.0,0.0,0.0,0.0,0.0,1.0
2024-07-29T03:00:00.0,0.0,0.0,0.0,0.0,1.0
2024-07-29T04:00:00.0,0.0077,0.0032,0.0046,0.0,0.9917
2024-07-29T05:00:00.0,36.4181,9.31,27.1081,106.0012,0.7167
2024-07-29T06:00:00.0,69.5697,0.6363,68.9335,2.858,1.0
2024-07-29T07:00:00.0,173.3436,22.2959,151.0477,56.6509,1.0
2024-07-29T08:00:00.0,143.9319,0.3777,143.5541,0.6876,1.0
2024-07-29T09:00:00.0,249.2932,16.1837,233.1095,25.2118,1.0
2024-07-29T10:00:00.0,473.6295,107.3656,366.2639,144.5684,1.0
2024-07-29T11:00:00.0,585.1336,148.7447,436.3889,184.3815,1.0
2024-07-29T12:00:00.0,488.6788,84.0678,404.611,100.8822,1.0
2024-07-29T13:00:00.0,465.2735,71.0954,394.178,86.3704,1.0
2024-07-29T14:00:00.0,411.222,50.3352,360.8869,65.6117,1.0
2024-07-29T15:00:00.0,432.3555,81.0468,351.3087,119.2357,1.0
2024-07-29T16:00:00.0,355.1044,97.5454,257.559,174.7023,1.0
2024-07-29T17:00:00.0,222.9091,34.2632,188.6459,73.4024,1.0
2024-07-29T18:00:00.0,122.0625,10.248,111.8145,37.9269,1.0
2024-07-29T19:00:00.0,40.6506,2.011,38.6397,11.8803,0.9083
2024-07-29T20:00:00.0,0.4196,0.0,0.4196,0.0,0.825
2024-07-29T21:00:00.0,0.0,0.0,0.0,0.0,1.0
2024-07-29T22:00:00.0,0.0,0.0,0.0,0.0,1.0
2024-07-29T23:00:00.0,0.0,0.0,0.0,0.0,1.0
2024-07-30T00:00:00.0,0.0,0.0,0.0,0.0,1.0
2024-07-30T01:00:00.0,0.0,0.0,0.0,0.0,1.0
2024-07-30T02:00:00.0,0.0,0.0,0.0,0.0,1.0
2024-07-30T03:00:00.0,0.0,0.0,0.0,0.0,1.0
2024-07-30T04:00:00.0,0.0,0.0,0.0,0.0,1.0
2024-07-30T05:00:00.0,36.1223,12.1263,23.996,120.1948,0.725
2024-07-30T06:00:00.0,152.9799,77.4605,75.5194,340.9098,1.0
2024-07-30T07:00:00.0,266.2574,123.5108,142.7466,343.2224,1.0
2024-07-30T08:00:00.0,390.5355,162.5916,227.9439,314.4188,1.0
2024-07-30T09:00:00.0,523.9969,231.5581,292.4388,364.9867,1.0
2024-07-30T10:00:00.0,564.6746,167.3698,397.3048,227.2685,1.0
2024-07-30T11:00:00.0,497.4529,75.9036,421.5492,94.9674,1.0
2024-07-30T12:00:00.0,445.7989,57.3712,388.4277,68.9771,1.0
2024-07-30T13:00:00.0,612.5967,180.7166,431.8801,220.3528,1.0
2024-07-30T14:00:00.0,520.821,93.6284,427.1927,122.2092,1.0
2024-07-30T15:00:00.0,278.2803,15.0511,263.2292,21.2655,1.0
2024-07-30T16:00:00.0,157.6029,0.2685,157.3344,0.4756,1.0
2024-07-30T17:00:00.0,136.0286,2.2531,133.7755,6.0673,1.0
2024-07-30T18:00:00.0,150.2297,26.7055,123.5242,98.0452,1.0
2024-07-30T19:00:00.0,58.5484,12.0438,46.5046,99.466,0.9083
2024-07-30T20:00:00.0,2.5016,0.1948,2.3069,5.0565,0.8333
2024-07-30T21:00:00.0,0.0,0.0,0.0,0.0,1.0
2024-07-30T22:00:00.0,0.0,0.0,0.0,0.0,1.0
2024-07-30T23:00:00.0,0.0,0.0,0.0,0.0,1.0
2024-07-31T00:00:00.0,0.0,0.0,0.0,0.0,1.0
2024-07-31T01:00:00.0,0.0,0.0,0.0,0.0,1.0
2024-07-31T02:00:00.0,0.0,0.0,0.0,0.0,1.0
2024-07-31T03:00:00.0,0.0,0.0,0.0,0.0,1.0
2024-07-31T04:00:00.0,0.0,0.0,0.0,0.0,1.0
2024-07-31T05:00:00.0,30.8492,7.5241,23.3251,75.2399,0.6083
2024-07-31T06:00:00.0,137.3379,57.9051,79.4328,261.8453,1.0
2024-07-31T07:00:00.0,286.0465,155.6315,130.4149,416.4486,1.0
2024-07-31T08:00:00.0,407.1841,201.8288,205.3553,397.2856,1.0
2024-07-31T09:00:00.0,578.1768,380.1339,198.0429,590.2963,1.0
2024-07-31T10:00:00.0,686.6892,455.81,230.8792,621.1278,1.0
2024-07-31T11:00:00.0,712.0342,370.5716,341.4627,462.3266,1.0
2024-07-31T12:00:00.0,768.2068,484.4151,283.7917,584.9549,1.0
2024-07-31T13:00:00.0,677.3109,334.432,342.8789,408.3826,1.0
2024-07-31T14:00:00.0,556.1588,204.9257,351.2331,271.3093,1.0
2024-07-31T15:00:00.0,452.5333,137.0485,315.4848,204.4012,1.0
2024-07-31T16:00:00.0,434.5494,189.2178,245.3316,334.5556,1.0
2024-07-31T17:00:00.0,166.0388,9.2796,156.7591,20.247,1.0
2024-07-31T18:00:00.0,131.7726,24.5565,107.2161,92.5436,1.0
2024-07-31T19:00:00.0,46.8634,2.3276,44.5358,13.9084,0.9083
2024-07-31T20:00:00.0,1.3586,0.0,1.3586,0.0001,0.8417
2024-07-31T21:00:00.0,0.0,0.0,0.0,0.0,1.0
2024-07-31T22:00:00.0,0.0,0.0,0.0,0.0,1.0
2024-07-31T23:00:00.0,0.0,0.0,0.0,0.0,1.0
2024-08-01T00:00:00.0,0.0,0.0,0.0,0.0,1.0
2024-08-01T01:00:00.0,0.0,0.0,0.0,0.0,1.0
2024-08-01T02:00:00.0,0.0,0.0,0.0,0.0,1.0
2024-08-01T03:00:00.0,0.0,0.0,0.0,0.0,1.0
2024-08-01T04:00:00.0,0.0,0.0,0.0,0.0,1.0
2024-08-01T05:00:00.0,28.1969,5.9078,22.2891,60.2246,0.625
2024-08-01T06:00:00.0,131.8336,49.0698,82.7638,226.8258,1.0
2024-08-01T07:00:00.0,272.859,142.326,130.5329,370.705,1.0
2024-08-01T08:00:00.0,401.4234,198.2271,203.1964,395.4383,1.0
2024-08-01T09:00:00.0,557.4092,322.4689,234.9403,506.7006,1.0
2024-08-01T10:00:00.0,702.1906,491.2788,210.9119,668.887,1.0
2024-08-01T11:00:00.0,770.7802,531.6271,239.153,665.2308,1.0
2024-08-01T12:00:00.0,798.7058,546.7303,251.9755,661.907,1.0
2024-08-01T13:00:00.0,783.3713,535.7342,247.6371,659.047,1.0
2024-08-01T14:00:00.0,722.1976,486.0852,236.1124,638.7797,1.0
2024-08-01T15:00:00.0,622.0129,409.4573,212.5556,607.9402,1.0
2024-08-01T16:00:00.0,491.4894,313.0398,178.4496,561.9379,1.0
2024-08-01T17:00:00.0,341.1371,202.0878,139.0493,481.3893,1.0
2024-08-01T18:00:00.0,177.4393,82.3252,95.1142,301.716,1.0
2024-08-01T19:00:00.0,40.319,8.6491,31.6699,53.1252,0.9083
2024-08-01T20:00:00.0,1.3054,0.0088,1.2967,0.2484,0.8583
2024-08-01T21:00:00.0,0.0,0.0,0.0,0.0,1.0
2024-08-01T22:00:00.0,0.0,0.0,0.0,0.0,1.0
2024-08-01T23:00:00.0,0.0,0.0,0.0,0.0,1.0
2024-08-02T00:00:00.0,0.0,0.0,0.0,0.0,1.0
2024-08-02T01:00:00.0,0.0,0.0,0.0,0.0,1.0
2024-08-02T02:00:00.0,0.0,0.0,0.0,0.0,1.0
2024-08-02T03:00:00.0,0.0,0.0,0.0,0.0,1.0
2024-08-02T04:00:00.0,0.0,0.0,0.0,0.0,1.0
2024-08-02T05:00:00.0,3.7408,0.0,3.7408,0.0,0.6333
2024-08-02T06:00:00.0,57.9451,6.851,51.0941,28.3617,1.0
2024-08-02T07:00:00.0,174.4213,43.1778,131.2436,108.8062,1.0
2024-08-02T08:00:00.0,330.8641,128.2537,202.6104,244.926,1.0
2024-08-02T09:00:00.0,278.0323,50.3859,227.6465,83.3939,1.0
2024-08-02T10:00:00.0,138.0707,0.15,137.9207,0.202,1.0
2024-08-02T11:00:00.0,247.6266,3.1045,244.5221,3.8681,1.0
2024-08-02T12:00:00.0,237.43,6.4426,230.9874,7.8467,1.0
2024-08-02T13:00:00.0,225.7527,1.6778,224.0749,2.0701,1.0
2024-08-02T14:00:00.0,190.363,1.04,189.323,1.3882,1.0
2024-08-02T15:00:00.0,121.0873,0.0369,121.0504,0.0578,1.0
2024-08-02T16:00:00.0,200.5949,5.778,194.8169,11.0478,1.0
2024-08-02T17:00:00.0,308.0229,168.3287,139.6942,425.0497,1.0
2024-08-02T18:00:00.0,214.7872,141.0222,73.765,526.2914,1.0
2024-08-02T19:00:00.0,67.0225,30.4453,36.5772,235.6792,0.9083
2024-08-02T20:00:00.0,1.5273,0.1181,1.4092,3.3687,0.875
2024-08-02T21:00:00.0,0.0,0.0,0.0,0.0,1.0
2024-08-02T22:00:00.0,0.0,0.0,0.0,0.0,1.0
2024-08-02T23:00:00.0,0.0,0.0,0.0,0.0,1.0
2024-08-03T00:00:00.0,0.0,0.0,0.0,0.0,1.0
2024-08-03T01:00:00.0,0.0,0.0,0.0,0.0,1.0
2024-08-03T02:00:00.0,0.0,0.0,0.0,0.0,1.0
2024-08-03T03:00:00.0,0.0,0.0,0.0,0.0,1.0
2024-08-03T04:00:00.0,0.0,0.0,0.0,0.0,1.0
2024-08-03T05:00:00.0,27.6206,5.6922,21.9283,60.1312,0.65
2024-08-03T06:00:00.0,57.4595,2.1079,55.3515,14.506,1.0
2024-08-03T07:00:00.0,134.1116,1.3633,132.7483,3.665,1.0
2024-08-03T08:00:00.0,211.1581,8.2445,202.9136,15.3484,1.0
2024-08-03T09:00:00.0,360.1705,56.4337,303.7368,90.1812,1.0
2024-08-03T10:00:00.0,351.0117,34.4948,316.5169,46.2335,1.0
2024-08-03T11:00:00.0,459.6499,75.0337,384.6162,95.0087,1.0
2024-08-03T12:00:00.0,503.0267,78.7507,424.2761,95.9532,0.875
2024-08-03T13:00:00.0,494.721,102.4943,392.2267,126.2115,1.0
2024-08-03T14:00:00.0,438.9548,69.9205,369.0343,93.237,1.0
2024-08-03T15:00:00.0,189.2356,9.0027,180.2328,13.2753,1.0
2024-08-03T16:00:00.0,222.1798,12.9791,209.2007,22.3194,1.0
2024-08-03T17:00:00.0,228.6126,40.8317,187.7809,100.3911,1.0
2024-08-03T18:00:00.0,93.7421,10.5149,83.2272,51.8667,1.0
2024-08-03T19:00:00.0,49.9345,9.8788,40.0557,62.414,0.9083
2024-08-03T20:00:00.0,0.8416,0.0001,0.8415,0.0041,0.8833
2024-08-03T21:00:00.0,0.0,0.0,0.0,0.0,1.0
2024-08-03T22:00:00.0,0.0,0.0,0.0,0.0,1.0
2024-08-03T23:00:00.0,0.0,0.0,0.0,0.0,1.0
2024-08-04T00:00:00.0,0.0,0.0,0.0,0.0,1.0
2024-08-04T01:00:00.0,0.0,0.0,0.0,0.0,1.0
2024-08-04T02:00:00.0,0.0,0.0,0.0,0.0,1.0
2024-08-04T03:00:00.0,0.0,0.0,0.0,0.0,1.0
2024-08-04T04:00:00.0,0.0,0.0,0.0,0.0,1.0
2024-08-04T05:00:00.0,10.6213,0.0,10.6213,0.0,0.6583
2024-08-04T06:00:00.0,62.7627,1.9084,60.8543,7.2004,1.0
2024-08-04T07:00:00.0,103.8626,2.2132,101.6494,6.2746,1.0
2024-08-04T08:00:00.0,72.7998,0.6254,72.1744,1.3918,1.0
2024-08-04T09:00:00.0,192.7683,1.0668,191.7015,1.7173,1.0
2024-08-04T10:00:00.0,103.665,0.0157,103.6493,0.0226,1.0
2024-08-04T11:00:00.0,166.9081,0.0578,166.8502,0.0721,1.0
2024-08-04T12:00:00.0,245.6555,1.5157,244.1399,1.8504,1.0
2024-08-04T13:00:00.0,198.1224,4.1434,193.979,5.0973,1.0
2024-08-04T14:00:00.0,59.9763,0.0,59.9763,0.0,1.0
2024-08-04T15:00:00.0,50.9496,0.0,50.9496,0.0,1.0
2024-08-04T16:00:00.0,73.9289,0.0001,73.9288,0.0002,1.0
2024-08-04T17:00:00.0,106.7335,0.0378,106.6956,0.0984,1.0
2024-08-04T18:00:00.0,57.7298,0.001,57.7288,0.0031,1.0
2024-08-04T19:00:00.0,12.7763,0.0,12.7763,0.0,0.9083
2024-08-04T20:00:00.0,0.3898,0.0,0.3898,0.0,0.9
2024-08-04T21:00:00.0,0.0,0.0,0.0,0.0,1.0
2024-08-04T22:00:00.0,0.0,0.0,0.0,0.0,1.0
2024-08-04T23:00:00.0,0.0,0.0,0.0,0.0,1.0
2024-08-05T00:00:00.0,0.0,0.0,0.0,0.0,1.0
2024-08-05T01:00:00.0,0.0,0.0,0.0,0.0,1.0
2024-08-05T02:00:00.0,0.0,0.0,0.0,0.0,1.0
2024-08-05T03:00:00.0,0.0,0.0,0.0,0.0,1.0
2024-08-05T04:00:00.0,0.0,0.0,0.0,0.0,1.0
2024-08-05T05:00:00.0,3.1281,0.0,3.1281,0.0,0.675
2024-08-05T06:00:00.0,27.156,0.005,27.151,0.0215,1.0
2024-08-05T07:00:00.0,35.415,0.0,35.415,0.0,1.0
2024-08-05T08:00:00.0,52.9534,0.0003,52.9532,0.0005,1.0
2024-08-05T09:00:00.0,119.6378,0.0594,119.5784,0.09,0.875
2024-08-05T10:00:00.0,153.9677,0.0566,153.9112,0.0805,1.0
2024-08-05T11:00:00.0,217.6857,4.0618,213.6239,5.0483,1.0
2024-08-05T12:00:00.0,454.7213,66.5863,388.135,81.6252,1.0
2024-08-05T13:00:00.0,225.4193,6.5468,218.8725,8.0637,1.0
2024-08-05T14:00:00.0,149.074,0.4886,148.5854,0.6671,1.0
2024-08-05T15:00:00.0,193.9375,16.2338,177.7037,26.2992,1.0
2024-08-05T16:00:00.0,397.6317,199.1532,198.4785,358.2346,1.0
2024-08-05T17:00:00.0,236.6302,54.5586,182.0717,126.1449,1.0
2024-08-05T18:00:00.0,196.7275,121.3973,75.3302,483.1986,1.0
2024-08-05T19:00:00.0,53.4756,17.6519,35.8237,120.9954,0.7833
2024-08-05T20:00:00.0,0.4667,0.0023,0.4644,0.0307,0.9167
2024-08-05T21:00:00.0,0.0,0.0,0.0,0.0,1.0
2024-08-05T22:00:00.0,0.0,0.0,0.0,0.0,1.0
2024-08-05T23:00:00.0,0.0,0.0,0.0,0.0,1.0
2024-08-06T00:00:00.0,0.0,0.0,0.0,0.0,1.0
2024-08-06T01:00:00.0,0.0,0.0,0.0,0.0,1.0
2024-08-06T02:00:00.0,0.0,0.0,0.0,0.0,1.0
2024-08-06T03:00:00.0,0.0,0.0,0.0,0.0,1.0
2024-08-06T04:00:00.0,0.0,0.0,0.0,0.0,1.0
2024-08-06T05:00:00.0,7.1363,0.0424,7.0939,0.3586,0.6833
2024-08-06T06:00:00.0,97.9389,26.5597,71.3792,115.0499,1.0
2024-08-06T07:00:00.0,109.6466,6.952,102.6945,23.6845,1.0
2024-08-06T08:00:00.0,398.4734,245.8289,152.6446,473.3433,1.0
2024-08-06T09:00:00.0,510.9221,296.3312,214.5909,480.5542,1.0
2024-08-06T10:00:00.0,407.0756,138.3714,268.7042,197.4023,1.0
2024-08-06T11:00:00.0,587.7021,247.8617,339.8404,317.9806,1.0
2024-08-06T12:00:00.0,617.1003,234.0206,383.0797,287.7016,1.0
2024-08-06T13:00:00.0,359.5718,63.2448,296.3269,79.1081,1.0
2024-08-06T14:00:00.0,623.8809,306.3745,317.5064,415.7696,1.0
2024-08-06T15:00:00.0,438.4916,155.653,282.8386,228.215,1.0
2024-08-06T16:00:00.0,343.1941,100.8288,242.3653,187.9372,1.0
2024-08-06T17:00:00.0,291.4597,143.4735,147.9862,362.7975,1.0
2024-08-06T18:00:00.0,81.0316,4.7237,76.3078,15.0393,1.0
2024-08-06T19:00:00.0,11.321,0.0,11.321,0.0,0.7833
2024-08-06T20:00:00.0,0.0931,0.0,0.0931,0.0,0.9333
2024-08-06T21:00:00.0,0.0,0.0,0.0,0.0,1.0
2024-08-06T22:00:00.0,0.0,0.0,0.0,0.0,1.0
2024-08-06T23:00:00.0,0.0,0.0,0.0,0.0,1.0
2024-08-07T00:00:00.0,0.0,0.0,0.0,0.0,1.0
2024-08-07T01:00:00.0,0.0,0.0,0.0,0.0,1.0
2024-08-07T02:00:00.0,0.0,0.0,0.0,0.0,1.0
2024-08-07T03:00:00.0,0.0,0.0,0.0,0.0,1.0
2024-08-07T04:00:00.0,0.0,0.0,0.0,0.0,1.0
2024-08-07T05:00:00.0,3.5292,0.0001,3.5292,0.0005,0.7
2024-08-07T06:00:00.0,61.2566,0.897,60.3596,3.4348,1.0
2024-08-07T07:00:00.0,260.5692,127.0858,133.4833,344.3717,1.0
2024-08-07T08:00:00.0,369.4676,145.3931,224.0745,304.4174,1.0
2024-08-07T09:00:00.0,360.1781,53.1251,307.053,85.2635,1.0
2024-08-07T10:00:00.0,384.6076,45.8059,338.8017,64.4028,1.0
2024-08-07T11:00:00.0,274.9979,5.1083,269.8896,6.6356,1.0
2024-08-07T12:00:00.0,222.9722,1.0408,221.9314,1.284,1.0
2024-08-07T13:00:00.0,230.0243,0.7284,229.296,0.9098,1.0
2024-08-07T14:00:00.0,158.0893,0.1745,157.9148,0.2397,1.0
2024-08-07T15:00:00.0,85.9045,0.0486,85.8559,0.0696,1.0
2024-08-07T16:00:00.0,69.177,0.0006,69.1765,0.0012,1.0
2024-08-07T17:00:00.0,167.9313,17.5407,150.3906,46.4172,1.0
2024-08-07T18:00:00.0,77.0981,1.723,75.3751,6.0172,1.0
2024-08-07T19:00:00.0,6.9833,0.0,6.9833,0.0,0.7833
2024-08-07T20:00:00.0,0.0273,0.0,0.0273,0.0,0.9417
2024-08-07T21:00:00.0,0.0,0.0,0.0,0.0,1.0
2024-08-07T22:00:00.0,0.0,0.0,0.0,0.0,1.0
2024-08-07T23:00:00.0,0.0,0.0,0.0,0.0,1.0
2024-08-08T00:00:00.0,0.0,0.0,0.0,0.0,1.0
2024-08-08T01:00:00.0,0.0,0.0,0.0,0.0,1.0
2024-08-08T02:00:00.0,0.0,0.0,0.0,0.0,1.0
2024-08-08T03:00:00.0,0.0,0.0,0.0,0.0,1.0
2024-08-08T04:00:00.0,0.0,0.0,0.0,0.0,1.0
2024-08-08T05:00:00.0,5.0911,0.0,5.0911,0.0,0.7167
2024-08-08T06:00:00.0,18.3304,0.0118,18.3186,0.0444,1.0
2024-08-08T07:00:00.0,175.639,17.019,158.62,45.1561,1.0
2024-08-08T08:00:00.0,158.6167,7.6558,150.9608,17.2474,1.0
2024-08-08T09:00:00.0,268.0961,19.3572,248.7389,30.7262,1.0
2024-08-08T10:00:00.0,252.8013,3.3215,249.4798,4.6017,1.0
2024-08-08T11:00:00.0,298.4847,9.5154,288.9693,12.2071,1.0
2024-08-08T12:00:00.0,364.0364,22.3575,341.6789,27.6937,1.0
2024-08-08T13:00:00.0,367.9715,26.4546,341.5168,33.3348,1.0
2024-08-08T14:00:00.0,322.4295,25.8441,296.5853,35.3872,1.0
2024-08-08T15:00:00.0,181.6819,6.475,175.207,9.7827,1.0
2024-08-08T16:00:00.0,256.6114,25.9307,230.6807,48.163,1.0
2024-08-08T17:00:00.0,175.5956,14.2279,161.3677,34.1368,1.0
2024-08-08T18:00:00.0,78.4967,5.8929,72.6039,31.1612,1.0
2024-08-08T19:00:00.0,39.0756,7.9613,31.1143,90.0055,0.7833
2024-08-08T20:00:00.0,0.1071,0.0032,0.1039,0.0,0.9583
2024-08-08T21:00:00.0,0.0,0.0,0.0,0.0,1.0
2024-08-08T22:00:00.0,0.0,0.0,0.0,0.0,1.0
2024-08-08T23:00:00.0,0.0,0.0,0.0,0.0,1.0
2024-08-09T00:00:00.0,0.0,0.0,0.0,0.0,1.0
2024-08-09T01:00:00.0,0.0,0.0,0.0,0.0,1.0
2024-08-09T02:00:00.0,0.0,0.0,0.0,0.0,1.0
2024-08-09T03:00:00.0,0.0,0.0,0.0,0.0,1.0
2024-08-09T04:00:00.0,0.0,0.0,0.0,0.0,1.0
2024-08-09T05:00:00.0,10.7115,0.0,10.7115,0.0005,0.725
2024-08-09T06:00:00.0,126.0655,70.4002,55.6652,326.6285,1.0
2024-08-09T07:00:00.0,308.5031,227.6773,80.8258,659.9895,1.0
2024-08-09T08:00:00.0,475.7978,385.6296,90.1682,789.6117,1.0
2024-08-09T09:00:00.0,622.8231,524.1412,98.6819,853.9925,1.0
2024-08-09T10:00:00.0,727.8165,602.3781,125.4384,845.1035,1.0
2024-08-09T11:00:00.0,776.4745,599.5571,176.9174,773.0463,1.0
2024-08-09T12:00:00.0,781.3151,566.0627,215.2524,703.8538,1.0
2024-08-09T13:00:00.0,811.6191,676.4514,135.1677,855.9821,1.0
2024-08-09T14:00:00.0,743.0523,607.3298,135.7225,824.0184,1.0
2024-08-09T15:00:00.0,322.2223,171.4496,150.7727,251.3239,1.0
2024-08-09T16:00:00.0,115.2854,0.06,115.2255,0.1197,1.0
2024-08-09T17:00:00.0,145.6709,4.7198,140.951,14.0837,1.0
2024-08-09T18:00:00.0,48.2197,1.5189,46.7009,5.0081,1.0
2024-08-09T19:00:00.0,12.9637,0.002,12.9617,0.0153,0.7833
2024-08-09T20:00:00.0,0.0042,0.0,0.0042,0.0,0.975
2024-08-09T21:00:00.0,0.0,0.0,0.0,0.0,1.0
2024-08-09T22:00:00.0,0.0,0.0,0.0,0.0,1.0
2024-08-09T23:00:00.0,0.0,0.0,0.0,0.0,1.0
2024-08-10T00:00:00.0,0.0,0.0,0.0,0.0,1.0
2024-08-10T01:00:00.0,0.0,0.0,0.0,0.0,1.0
2024-08-10T02:00:00.0,0.0,0.0,0.0,0.0,1.0
2024-08-10T03:00:00.0,0.0,0.0,0.0,0.0,1.0
2024-08-10T04:00:00.0,0.0,0.0,0.0,0.0,1.0
2024-08-10T05:00:00.0,17.7442,4.7742,12.97,62.2644,0.65
2024-08-10T06:00:00.0,131.9515,73.1475,58.804,375.3078,0.9667
2024-08-10T07:00:00.0,287.4575,196.0013,91.4562,578.8247,1.0
2024-08-10T08:00:00.0,461.1827,362.7438,98.4389,745.1902,1.0
2024-08-10T09:00:00.0,590.5315,457.3748,133.1567,746.2847,1.0
2024-08-10T10:00:00.0,726.2252,599.49,126.7352,844.8102,1.0
2024-08-10T11:00:00.0,793.7673,638.3323,155.435,824.5898,1.0
2024-08-10T12:00:00.0,795.0324,563.358,231.6745,703.5272,1.0
2024-08-10T13:00:00.0,748.2641,459.9965,288.2676,582.9685,1.0
2024-08-10T14:00:00.0,663.4838,376.2498,287.234,511.6056,1.0
2024-08-10T15:00:00.0,549.9727,272.3853,277.5874,419.2844,1.0
2024-08-10T16:00:00.0,424.2841,194.5875,229.6966,380.1541,1.0
2024-08-10T17:00:00.0,322.6513,206.4986,116.1527,522.6252,1.0
2024-08-10T18:00:00.0,158.8744,77.3177,81.5567,327.4119,1.0
2024-08-10T19:00:00.0,39.3206,12.1436,27.1769,113.7924,0.7833
2024-08-10T20:00:00.0,0.0,0.0,0.0,0.0,0.9917
2024-08-10T21:00:00.0,0.0,0.0,0.0,0.0,1.0
2024-08-10T22:00:00.0,0.0,0.0,0.0,0.0,1.0
2024-08-10T23:00:00.0,0.0,0.0,0.0,0.0,1.0
2024-08-11T00:00:00.0,0.0,0.0,0.0,0.0,1.0
2024-08-11T01:00:00.0,0.0,0.0,0.0,0.0,1.0
2024-08-11T02:00:00.0,0.0,0.0,0.0,0.0,1.0
2024-08-11T03:00:00.0,0.0,0.0,0.0,0.0,1.0
2024-08-11T04:00:00.0,0.0,0.0,0.0,0.0,1.0
2024-08-11T05:00:00.0,1.8454,0.0,1.8454,0.0,0.6583
2024-08-11T06:00:00.0,18.3485,0.0001,18.3484,0.0002,0.9667
2024-08-11T07:00:00.0,59.5593,0.0158,59.5435,0.045,1.0
2024-08-11T08:00:00.0,59.3143,0.0019,59.3124,0.0042,1.0
2024-08-11T09:00:00.0,130.073,0.0376,130.0354,0.0585,1.0
2024-08-11T10:00:00.0,183.5437,0.2782,183.2655,0.4028,1.0
2024-08-11T11:00:00.0,275.2805,9.6099,265.6707,12.2582,1.0
2024-08-11T12:00:00.0,382.0573,29.9645,352.0928,37.5706,1.0
2024-08-11T13:00:00.0,319.6726,11.0168,308.6558,13.9956,1.0
2024-08-11T14:00:00.0,235.0456,2.1116,232.9341,2.9581,1.0
2024-08-11T15:00:00.0,98.8286,0.4553,98.3733,0.6647,1.0
2024-08-11T16:00:00.0,108.9086,0.0775,108.831,0.1566,1.0
2024-08-11T17:00:00.0,140.1755,3.9969,136.1786,11.0054,1.0
2024-08-11T18:00:00.0,80.7045,11.7788,68.9257,59.5206,1.0
2024-08-11T19:00:00.0,32.8136,6.6093,26.2043,61.9737,0.7917
2024-08-11T20:00:00.0,0.0,0.0,0.0,0.0,1.0
2024-08-11T21:00:00.0,0.0,0.0,0.0,0.0,1.0
2024-08-11T22:00:00.0,0.0,0.0,0.0,0.0,1.0
2024-08-11T23:00:00.0,0.0,0.0,0.0,0.0,1.0
2024-08-12T00:00:00.0,0.0,0.0,0.0,0.0,1.0
2024-08-12T01:00:00.0,0.0,0.0,0.0,0.0,1.0
2024-08-12T02:00:00.0,0.0,0.0,0.0,0.0,1.0
2024-08-12T03:00:00.0,0.0,0.0,0.0,0.0,1.0
2024-08-12T04:00:00.0,0.0,0.0,0.0,0.0,1.0
2024-08-12T05:00:00.0,17.2191,6.4824,10.7367,90.6834,0.675
2024-08-12T06:00:00.0,121.4684,57.6358,63.8326,334.8048,0.9667
2024-08-12T07:00:00.0,268.3818,173.1875,95.1943,502.9874,1.0
2024-08-12T08:00:00.0,430.6667,317.0614,113.6052,676.2872,1.0
2024-08-12T09:00:00.0,493.6314,281.3671,212.2643,461.8209,1.0
2024-08-12T10:00:00.0,550.3239,237.7802,312.5437,332.9796,1.0
2024-08-12T11:00:00.0,739.9559,506.6385,233.3173,661.7025,1.0
2024-08-12T12:00:00.0,605.2378,223.6171,381.6207,281.7778,1.0
2024-08-12T13:00:00.0,489.7418,108.9678,380.774,139.8874,1.0
2024-08-12T14:00:00.0,500.5696,142.6174,357.9523,195.7787,1.0
2024-08-12T15:00:00.0,411.6525,109.8493,301.8032,171.5648,1.0
2024-08-12T16:00:00.0,342.989,145.8604,197.1286,265.9924,1.0
2024-08-12T17:00:00.0,239.5482,86.5133,153.0349,236.3457,1.0
2024-08-12T18:00:00.0,138.8931,58.0174,80.8757,226.2047,1.0
2024-08-12T19:00:00.0,16.7912,0.0128,16.7784,0.1119,0.8083
2024-08-12T20:00:00.0,0.0,0.0,0.0,0.0,1.0
2024-08-12T21:00:00.0,0.0,0.0,0.0,0.0,1.0
2024-08-12T22:00:00.0,0.0,0.0,0.0,0.0,1.0
2024-08-12T23:00:00.0,0.0,0.0,0.0,0.0,1.0
2024-08-13T00:00:00.0,0.0,0.0,0.0,0.0,1.0
2024-08-13T01:00:00.0,0.0,0.0,0.0,0.0,1.0
2024-08-13T02:00:00.0,0.0,0.0,0.0,0.0,1.0
2024-08-13T03:00:00.0,0.0,0.0,0.0,0.0,1.0
2024-08-13T04:00:00.0,0.0,0.0,0.0,0.0,1.0
2024-08-13T05:00:00.0,13.2365,2.7593,10.4772,39.1392,0.6833
2024-08-13T06:00:00.0,98.6825,30.1132,68.5693,187.1275,0.9667
2024-08-13T07:00:00.0,216.5078,96.5907,119.9171,297.6351,1.0
2024-08-13T08:00:00.0,392.4537,245.5202,146.9335,506.4303,1.0
2024-08-13T09:00:00.0,276.3241,40.4208,235.9032,71.7427,1.0
2024-08-13T10:00:00.0,454.4908,116.3773,338.1135,164.3815,1.0
2024-08-13T11:00:00.0,673.7161,366.9079,306.8082,482.4424,1.0
2024-08-13T12:00:00.0,608.1005,156.4631,451.6374,197.6725,1.0
2024-08-13T13:00:00.0,607.2955,249.1545,358.141,323.0492,1.0
2024-08-13T14:00:00.0,434.3833,98.8925,335.4908,134.8007,1.0
2024-08-13T15:00:00.0,285.3774,31.9393,253.4381,52.5864,1.0
2024-08-13T16:00:00.0,400.9682,212.4815,188.4867,423.4513,1.0
2024-08-13T17:00:00.0,338.926,260.4031,78.5229,695.8193,1.0
2024-08-13T18:00:00.0,177.2948,123.1178,54.1769,551.0632,1.0
2024-08-13T19:00:00.0,37.5832,18.3051,19.2781,192.9585,0.825
2024-08-13T20:00:00.0,0.0,0.0,0.0,0.0,1.0
2024-08-13T21:00:00.0,0.0,0.0,0.0,0.0,1.0
2024-08-13T22:00:00.0,0.0,0.0,0.0,0.0,1.0
2024-08-13T23:00:00.0,0.0,0.0,0.0,0.0,1.0
2024-08-14T00:00:00.0,0.0,0.0,0.0,0.0,1.0
2024-08-14T01:00:00.0,0.0,0.0,0.0,0.0,1.0
2024-08-14T02:00:00.0,0.0,0.0,0.0,0.0,1.0
2024-08-14T03:00:00.0,0.0,0.0,0.0,0.0,1.0
2024-08-14T04:00:00.0,0.0,0.0,0.0,0.0,1.0
2024-08-14T05:00:00.0,14.0308,5.0213,9.0095,75.7521,0.7
2024-08-14T06:00:00.0,95.431,33.2883,62.1426,230.9231,0.9667
2024-08-14T07:00:00.0,215.3859,86.742,128.6439,254.5769,1.0
2024-08-14T08:00:00.0,214.8772,26.0921,188.7851,60.5518,1.0
2024-08-14T09:00:00.0,320.0799,46.1787,273.9012,77.0749,1.0
2024-08-14T10:00:00.0,346.2885,46.2618,300.0267,67.3347,1.0
2024-08-14T11:00:00.0,360.2244,29.1948,331.0295,38.7518,1.0
2024-08-14T12:00:00.0,359.3163,46.7655,312.5507,59.2,1.0
2024-08-14T13:00:00.0,425.6104,122.4117,303.1987,159.086,1.0
2024-08-14T14:00:00.0,286.1679,11.084,275.0839,15.8522,1.0
2024-08-14T15:00:00.0,318.933,32.6085,286.3245,52.3455,1.0
2024-08-14T16:00:00.0,302.2028,60.489,241.7137,122.7543,1.0
2024-08-14T17:00:00.0,222.521,34.8089,187.7122,90.7565,1.0
2024-08-14T18:00:00.0,108.064,11.8361,96.2279,46.8456,1.0
2024-08-14T19:00:00.0,6.0122,0.0001,6.0121,0.0005,0.7167
2024-08-14T20:00:00.0,0.0,0.0,0.0,0.0,1.0
2024-08-14T21:00:00.0,0.0,0.0,0.0,0.0,1.0
2024-08-14T22:00:00.0,0.0,0.0,0.0,0.0,1.0
2024-08-14T23:00:00.0,0.0,0.0,0.0,0.0,1.0
2024-08-15T00:00:00.0,0.0,0.0,0.0,0.0,1.0
2024-08-15T01:00:00.0,0.0,0.0,0.0,0.0,1.0
2024-08-15T02:00:00.0,0.0,0.0,0.0,0.0,1.0
2024-08-15T03:00:00.0,0.0,0.0,0.0,0.0,1.0
2024-08-15T04:00:00.0,0.0,0.0,0.0,0.0,1.0
2024-08-15T05:00:00.0,1.52,0.0,1.52,0.0,0.7167
2024-08-15T06:00:00.0,13.4821,0.0824,13.3997,0.3415,0.9667
2024-08-15T07:00:00.0,110.1205,10.2686,99.8519,34.345,1.0
2024-08-15T08:00:00.0,45.5718,0.1336,45.4382,0.251,1.0
2024-08-15T09:00:00.0,269.1753,20.1195,249.0558,34.2,1.0
2024-08-15T10:00:00.0,320.6534,29.5837,291.0697,41.2297,1.0
2024-08-15T11:00:00.0,477.9753,115.3274,362.6479,152.5054,1.0
2024-08-15T12:00:00.0,463.2169,85.0497,378.1672,108.3815,1.0
2024-08-15T13:00:00.0,355.4861,25.5437,329.9423,32.8557,1.0
2024-08-15T14:00:00.0,349.7714,28.5964,321.175,39.8988,1.0
2024-08-15T15:00:00.0,333.8543,37.8046,296.0497,62.479,1.0
2024-08-15T16:00:00.0,444.4974,276.3859,168.1115,553.442,1.0
2024-08-15T17:00:00.0,318.1018,224.9626,93.1392,611.473,1.0
2024-08-15T18:00:00.0,161.6073,101.1861,60.4211,475.3137,1.0
2024-08-15T19:00:00.0,30.9495,12.9646,17.9849,143.8884,0.7333
2024-08-15T20:00:00.0,0.0,0.0,0.0,0.0,1.0
2024-08-15T21:00:00.0,0.0,0.0,0.0,0.0,1.0
2024-08-15T22:00:00.0,0.0,0.0,0.0,0.0,1.0
2024-08-15T23:00:00.0,0.0,0.0,0.0,0.0,1.0
2024-08-16T00:00:00.0,0.0,0.0,0.0,0.0,1.0
2024-08-16T01:00:00.0,0.0,0.0,0.0,0.0,1.0
2024-08-16T02:00:00.0,0.0,0.0,0.0,0.0,1.0
2024-08-16T03:00:00.0,0.0,0.0,0.0,0.0,1.0
2024-08-16T04:00:00.0,0.0,0.0,0.0,0.0,1.0
2024-08-16T05:00:00.0,4.8006,0.0,4.8006,0.0,0.725
2024-08-16T06:00:00.0,43.1444,0.0087,43.1357,0.0383,0.9667
2024-08-16T07:00:00.0,98.8446,0.0982,98.7464,0.3565,1.0
2024-08-16T08:00:00.0,181.8649,5.0761,176.7888,9.9644,1.0
2024-08-16T09:00:00.0,278.6319,15.2726,263.3594,26.6265,1.0
2024-08-16T10:00:00.0,313.1805,16.6946,296.4858,23.7754,1.0
2024-08-16T11:00:00.0,409.7644,43.534,366.2303,57.653,1.0
2024-08-16T12:00:00.0,423.3422,55.3314,368.0108,70.7236,1.0
2024-08-16T13:00:00.0,509.7737,138.1954,371.5783,179.0483,1.0
2024-08-16T14:00:00.0,341.3632,23.6419,317.7212,33.3071,1.0
2024-08-16T15:00:00.0,223.3637,4.8517,218.5119,7.8296,1.0
2024-08-16T16:00:00.0,237.7466,18.0802,219.6664,37.6881,1.0
2024-08-16T17:00:00.0,173.5057,19.8963,153.6095,54.3071,1.0
2024-08-16T18:00:00.0,59.8898,0.2608,59.629,1.0317,1.0
2024-08-16T19:00:00.0,8.2284,0.0,8.2284,0.0,0.75
2024-08-16T20:00:00.0,0.0,0.0,0.0,0.0,1.0
2024-08-16T21:00:00.0,0.0,0.0,0.0,0.0,1.0
2024-08-16T22:00:00.0,0.0,0.0,0.0,0.0,1.0
2024-08-16T23:00:00.0,0.0,0.0,0.0,0.0,1.0
2024-08-17T00:00:00.0,0.0,0.0,0.0,0.0,1.0
2024-08-17T01:00:00.0,0.0,0.0,0.0,0.0,1.0
2024-08-17T02:00:00.0,0.0,0.0,0.0,0.0,1.0
2024-08-17T03:00:00.0,0.0,0.0,0.0,0.0,1.0
2024-08-17T04:00:00.0,0.0,0.0,0.0,0.0,1.0
2024-08-17T05:00:00.0,7.8958,0.7786,7.1171,13.2838,0.7417
2024-08-17T06:00:00.0,62.2305,9.3449,52.8856,69.8752,0.9667
2024-08-17T07:00:00.0,46.6957,0.0,46.6956,0.0002,1.0
2024-08-17T08:00:00.0,122.686,7.5149,115.1711,15.4028,1.0
2024-08-17T09:00:00.0,224.9743,6.0119,218.9625,10.086,1.0
2024-08-17T10:00:00.0,269.9515,14.2951,255.6564,20.2048,1.0
2024-08-17T11:00:00.0,331.2189,18.6714,312.5474,24.8284,1.0
2024-08-17T12:00:00.0,349.244,20.1295,329.1145,25.8886,0.9083
2024-08-17T13:00:00.0,330.8269,14.4756,316.3513,18.958,0.5
2024-08-17T14:00:00.0,298.1749,10.4106,287.7643,14.6644,0.5
2024-08-17T15:00:00.0,246.9619,6.4128,240.5491,10.3329,0.5
2024-08-17T16:00:00.0,182.8501,3.1526,179.6975,6.2664,0.5
2024-08-17T17:00:00.0,111.0277,0.9339,110.0938,2.4934,0.7167
2024-08-17T18:00:00.0,29.7093,0.0037,29.7055,0.0143,1.0
2024-08-17T19:00:00.0,2.0206,0.0,2.0206,0.0,0.7667
2024-08-17T20:00:00.0,0.0,0.0,0.0,0.0,1.0
2024-08-17T21:00:00.0,0.0,0.0,0.0,0.0,1.0
2024-08-17T22:00:00.0,0.0,0.0,0.0,0.0,1.0
2024-08-17T23:00:00.0,0.0,0.0,0.0,0.0,1.0
2024-08-18T00:00:00.0,0.0,0.0,0.0,0.0,1.0
2024-08-18T01:00:00.0,0.0,0.0,0.0,0.0,1.0
2024-08-18T02:00:00.0,0.0,0.0,0.0,0.0,1.0
2024-08-18T03:00:00.0,0.0,0.0,0.0,0.0,1.0
2024-08-18T04:00:00.0,0.0,0.0,0.0,0.0,1.0
2024-08-18T05:00:00.0,2.4155,0.0,2.4155,0.0,0.75
2024-08-18T06:00:00.0,20.5167,0.0004,20.5163,0.0018,0.9667
2024-08-18T07:00:00.0,79.3652,0.1015,79.2637,0.299,1.0
2024-08-18T08:00:00.0,129.11,0.6045,128.5056,1.234,1.0
2024-08-18T09:00:00.0,256.1478,16.5425,239.6053,28.567,1.0
2024-08-18T10:00:00.0,403.024,85.9728,317.0512,123.6458,1.0
2024-08-18T11:00:00.0,460.194,95.1818,365.0122,127.3896,1.0
2024-08-18T12:00:00.0,561.895,186.3433,375.5517,240.5008,1.0
2024-08-18T13:00:00.0,656.2862,324.9121,331.3741,427.9066,1.0
2024-08-18T14:00:00.0,593.0938,286.5996,306.4942,406.7597,1.0
2024-08-18T15:00:00.0,487.9599,219.5342,268.4257,357.2206,1.0
2024-08-18T16:00:00.0,352.736,137.4719,215.2641,277.4048,1.0
2024-08-18T17:00:00.0,192.9955,50.8002,142.1953,146.1785,1.0
2024-08-18T18:00:00.0,50.1352,2.8847,47.2505,11.1969,1.0
2024-08-18T19:00:00.0,3.3855,0.0,3.3855,0.0,0.7833
2024-08-18T20:00:00.0,0.0,0.0,0.0,0.0,1.0
2024-08-18T21:00:00.0,0.0,0.0,0.0,0.0,1.0
2024-08-18T22:00:00.0,0.0,0.0,0.0,0.0,1.0
2024-08-18T23:00:00.0,0.0,0.0,0.0,0.0,1.0
2024-08-19T00:00:00.0,0.0,0.0,0.0,0.0,1.0
2024-08-19T01:00:00.0,0.0,0.0,0.0,0.0,1.0
2024-08-19T02:00:00.0,0.0,0.0,0.0,0.0,1.0
2024-08-19T03:00:00.0,0.0,0.0,0.0,0.0,1.0
2024-08-19T04:00:00.0,0.0,0.0,0.0,0.0,1.0
2024-08-19T05:00:00.0,1.6415,0.0,1.6415,0.0,0.7667
2024-08-19T06:00:00.0,42.0201,3.0057,39.0144,15.6975,0.8417
2024-08-19T07:00:00.0,42.3889,0.5089,41.88,2.1003,1.0
2024-08-19T08:00:00.0,47.4014,0.0021,47.3992,0.0041,1.0
2024-08-19T09:00:00.0,141.46,0.1063,141.3537,0.1908,1.0
2024-08-19T10:00:00.0,152.9901,0.3146,152.6756,0.4637,1.0
2024-08-19T11:00:00.0,271.7177,5.1022,266.6155,6.8053,1.0
2024-08-19T12:00:00.0,333.0535,14.8581,318.1954,19.2572,1.0
2024-08-19T13:00:00.0,483.78,167.2677,316.5122,224.3221,1.0
2024-08-19T14:00:00.0,661.5516,498.1664,163.3853,707.3182,1.0
2024-08-19T15:00:00.0,524.7246,315.3661,209.3584,509.4937,1.0
2024-08-19T16:00:00.0,343.0219,152.1106,190.9113,315.0138,1.0
2024-08-19T17:00:00.0,196.2189,62.6852,133.5338,163.9371,1.0
2024-08-19T18:00:00.0,67.408,2.0611,65.3469,8.784,1.0
2024-08-19T19:00:00.0,2.9314,0.0,2.9314,0.0,0.8
2024-08-19T20:00:00.0,0.0,0.0,0.0,0.0,1.0
2024-08-19T21:00:00.0,0.0,0.0,0.0,0.0,1.0
2024-08-19T22:00:00.0,0.0,0.0,0.0,0.0,1.0
2024-08-19T23:00:00.0,0.0,0.0,0.0,0.0,1.0
2024-08-20T00:00:00.0,0.0,0.0,0.0,0.0,1.0
2024-08-20T01:00:00.0,0.0,0.0,0.0,0.0,1.0
2024-08-20T02:00:00.0,0.0,0.0,0.0,0.0,1.0
2024-08-20T03:00:00.0,0.0,0.0,0.0,0.0,1.0
2024-08-20T04:00:00.0,0.0,0.0,0.0,0.0,1.0
2024-08-20T05:00:00.0,6.3568,1.0295,5.3273,19.636,0.7833
2024-08-20T06:00:00.0,101.6157,50.7924,50.8233,312.7794,0.8417
2024-08-20T07:00:00.0,264.7289,181.3577,83.3712,588.8752,1.0
2024-08-20T08:00:00.0,433.561,337.7794,95.7816,746.9802,1.0
2024-08-20T09:00:00.0,542.3187,391.5728,150.7458,684.3365,1.0
2024-08-20T10:00:00.0,525.0168,253.5623,271.4545,377.9017,1.0
2024-08-20T11:00:00.0,723.2487,543.678,179.5706,729.9036,1.0
2024-08-20T12:00:00.0,651.1906,427.7076,223.4829,557.9393,1.0
2024-08-20T13:00:00.0,522.7258,157.9814,364.7444,208.5148,1.0
2024-08-20T14:00:00.0,435.7962,145.057,290.7392,211.2257,1.0
2024-08-20T15:00:00.0,476.3433,237.12,239.2232,386.7477,1.0
2024-08-20T16:00:00.0,312.8719,111.8321,201.0397,247.9964,1.0
2024-08-20T17:00:00.0,265.6047,148.7037,116.901,443.0916,1.0
2024-08-20T18:00:00.0,123.729,50.7548,72.9742,276.8472,1.0
2024-08-20T19:00:00.0,17.2874,4.4007,12.8868,57.0898,0.8167
2024-08-20T20:00:00.0,0.0,0.0,0.0,0.0,1.0
2024-08-20T21:00:00.0,0.0,0.0,0.0,0.0,1.0
2024-08-20T22:00:00.0,0.0,0.0,0.0,0.0,1.0
2024-08-20T23:00:00.0,0.0,0.0,0.0,0.0,1.0
2024-08-21T00:00:00.0,0.0,0.0,0.0,0.0,1.0
2024-08-21T01:00:00.0,0.0,0.0,0.0,0.0,1.0
2024-08-21T02:00:00.0,0.0,0.0,0.0,0.0,1.0
2024-08-21T03:00:00.0,0.0,0.0,0.0,0.0,1.0
2024-08-21T04:00:00.0,0.0,0.0,0.0,0.0,1.0
2024-08-21T05:00:00.0,2.7754,0.0002,2.7752,0.0042,0.7917
2024-08-21T06:00:00.0,30.891,0.0043,30.8868,0.035,0.8417
2024-08-21T07:00:00.0,41.761,0.0001,41.7609,0.0003,1.0
2024-08-21T08:00:00.0,52.9143,0.0005,52.9138,0.0011,1.0
2024-08-21T09:00:00.0,105.2849,0.0268,105.2581,0.0444,1.0
2024-08-21T10:00:00.0,86.7834,0.0096,86.7739,0.015,1.0
2024-08-21T11:00:00.0,166.3559,0.8404,165.5155,1.114,1.0
2024-08-21T12:00:00.0,303.4882,8.7177,294.7705,11.4104,1.0
2024-08-21T13:00:00.0,326.946,15.8182,311.1279,21.1142,1.0
2024-08-21T14:00:00.0,256.2969,6.3418,249.9551,9.0226,1.0
2024-08-21T15:00:00.0,153.7703,0.6564,153.1138,1.0541,1.0
2024-08-21T16:00:00.0,62.0797,0.0077,62.072,0.0144,1.0
2024-08-21T17:00:00.0,46.3022,0.0002,46.302,0.0006,1.0
2024-08-21T18:00:00.0,53.5958,5.7248,47.8711,37.3649,1.0
2024-08-21T19:00:00.0,12.5282,1.1549,11.3732,15.97,0.8333
2024-08-21T20:00:00.0,0.0,0.0,0.0,0.0,1.0
2024-08-21T21:00:00.0,0.0,0.0,0.0,0.0,1.0
2024-08-21T22:00:00.0,0.0,0.0,0.0,0.0,1.0
2024-08-21T23:00:00.0,0.0,0.0,0.0,0.0,1.0
2024-08-22T00:00:00.0,0.0,0.0,0.0,0.0,1.0
2024-08-22T01:00:00.0,0.0,0.0,0.0,0.0,1.0
2024-08-22T02:00:00.0,0.0,0.0,0.0,0.0,1.0
2024-08-22T03:00:00.0,0.0,0.0,0.0,0.0,1.0
2024-08-22T04:00:00.0,0.0,0.0,0.0,0.0,1.0
2024-08-22T05:00:00.0,0.627,0.0,0.627,0.0,0.8083
2024-08-22T06:00:00.0,55.3274,17.8458,37.4816,101.1563,0.8417
2024-08-22T07:00:00.0,80.2186,2.3652,77.8534,9.3994,1.0
2024-08-22T08:00:00.0,216.7736,31.0533,185.7202,73.3039,1.0
2024-08-22T09:00:00.0,271.2495,37.5216,233.728,66.057,1.0
2024-08-22T10:00:00.0,323.0511,36.0099,287.0413,55.8386,1.0
2024-08-22T11:00:00.0,334.3575,19.4943,314.8632,26.2345,1.0
2024-08-22T12:00:00.0,415.1861,49.016,366.1701,64.5248,1.0
2024-08-22T13:00:00.0,303.17,10.8475,292.3226,14.4291,1.0
2024-08-22T14:00:00.0,309.5815,19.0804,290.5011,28.3834,1.0
2024-08-22T15:00:00.0,170.3822,4.1078,166.2743,6.4242,1.0
2024-08-22T16:00:00.0,121.0253,0.3536,120.6717,0.6947,1.0
2024-08-22T17:00:00.0,67.4948,0.0078,67.487,0.0229,1.0
2024-08-22T18:00:00.0,28.702,0.1557,28.5463,1.0693,1.0
2024-08-22T19:00:00.0,2.145,0.0,2.145,0.0,0.8583
2024-08-22T20:00:00.0,0.0,0.0,0.0,0.0,1.0
2024-08-22T21:00:00.0,0.0,0.0,0.0,0.0,1.0
2024-08-22T22:00:00.0,0.0,0.0,0.0,0.0,1.0
2024-08-22T23:00:00.0,0.0,0.0,0.0,0.0,1.0
2024-08-23T00:00:00.0,0.0,0.0,0.0,0.0,1.0
2024-08-23T01:00:00.0,0.0,0.0,0.0,0.0,1.0
2024-08-23T02:00:00.0,0.0,0.0,0.0,0.0,1.0
2024-08-23T03:00:00.0,0.0,0.0,0.0,0.0,1.0
2024-08-23T04:00:00.0,0.0,0.0,0.0,0.0,1.0
2024-08-23T05:00:00.0,4.2864,0.6938,3.5925,15.4122,0.8167
2024-08-23T06:00:00.0,84.937,34.8701,50.0669,240.6543,0.8417
2024-08-23T07:00:00.0,252.3857,172.6466,79.739,582.5948,1.0
2024-08-23T08:00:00.0,416.5481,314.7923,101.7557,713.5794,1.0
2024-08-23T09:00:00.0,554.0233,422.0816,131.9417,745.7037,1.0
2024-08-23T10:00:00.0,584.3096,348.3369,235.9727,517.9283,1.0
2024-08-23T11:00:00.0,739.4877,556.3099,183.1778,760.7797,1.0
2024-08-23T12:00:00.0,693.7469,444.9911,248.7558,588.3871,1.0
2024-08-23T13:00:00.0,738.4545,546.877,191.5775,739.5043,1.0
2024-08-23T14:00:00.0,438.3975,123.6926,314.7049,178.9663,1.0
2024-08-23T15:00:00.0,467.4342,247.8337,219.6005,427.283,1.0
2024-08-23T16:00:00.0,376.5007,223.9918,152.5088,463.1961,1.0
2024-08-23T17:00:00.0,132.0422,15.8938,116.1484,46.2233,1.0
2024-08-23T18:00:00.0,85.6617,16.9633,68.6985,81.181,1.0
2024-08-23T19:00:00.0,9.1839,0.3037,8.8801,4.6067,0.7417
2024-08-23T20:00:00.0,0.0,0.0,0.0,0.0,1.0
2024-08-23T21:00:00.0,0.0,0.0,0.0,0.0,1.0
2024-08-23T22:00:00.0,0.0,0.0,0.0,0.0,1.0
2024-08-23T23:00:00.0,0.0,0.0,0.0,0.0,1.0
2024-08-24T00:00:00.0,0.0,0.0,0.0,0.0,1.0
2024-08-24T01:00:00.0,0.0,0.0,0.0,0.0,1.0
2024-08-24T02:00:00.0,0.0,0.0,0.0,0.0,1.0
2024-08-24T03:00:00.0,0.0,0.0,0.0,0.0,1.0
2024-08-24T04:00:00.0,0.0,0.0,0.0,0.0,1.0
2024-08-24T05:00:00.0,3.7018,0.683,3.0188,16.3435,0.8333
2024-08-24T06:00:00.0,92.0179,50.2248,41.7931,344.6098,0.8417
2024-08-24T07:00:00.0,251.215,173.9777,77.2374,595.3054,1.0
2024-08-24T08:00:00.0,415.4341,313.2595,102.1746,716.2517,1.0
2024-08-24T09:00:00.0,546.3248,405.8826,140.4422,723.4604,1.0
2024-08-24T10:00:00.0,541.2025,275.6459,265.5565,419.5081,1.0
2024-08-24T11:00:00.0,433.4698,180.3531,253.1168,245.4221,1.0
2024-08-24T12:00:00.0,620.14,312.2887,307.8513,415.4413,1.0
2024-08-24T13:00:00.0,752.9998,574.6866,178.3132,781.1484,1.0
2024-08-24T14:00:00.0,603.8547,358.248,245.6067,525.0486,1.0
2024-08-24T15:00:00.0,452.8247,189.2789,263.5457,325.0837,1.0
2024-08-24T16:00:00.0,365.6744,203.1664,162.508,422.9295,1.0
2024-08-24T17:00:00.0,258.2335,158.1332,100.1003,497.5024,1.0
2024-08-24T18:00:00.0,101.1096,43.1309,57.9786,257.2488,1.0
2024-08-24T19:00:00.0,10.2664,2.6826,7.5838,43.8543,0.7583
2024-08-24T20:00:00.0,0.0,0.0,0.0,0.0,1.0
2024-08-24T21:00:00.0,0.0,0.0,0.0,0.0,1.0
2024-08-24T22:00:00.0,0.0,0.0,0.0,0.0,1.0
2024-08-24T23:00:00.0,0.0,0.0,0.0,0.0,1.0
2024-08-25T00:00:00.0,0.0,0.0,0.0,0.0,1.0
2024-08-25T01:00:00.0,0.0,0.0,0.0,0.0,1.0
2024-08-25T02:00:00.0,0.0,0.0,0.0,0.0,1.0
2024-08-25T03:00:00.0,0.0,0.0,0.0,0.0,1.0
2024-08-25T04:00:00.0,0.0,0.0,0.0,0.0,1.0
2024-08-25T05:00:00.0,1.499,0.0002,1.4988,0.0057,0.85
2024-08-25T06:00:00.0,22.5088,0.0587,22.4501,0.3248,0.8417
2024-08-25T07:00:00.0,112.7616,15.2155,97.5461,47.9,1.0
2024-08-25T08:00:00.0,252.312,49.7852,202.5268,119.1091,1.0
2024-08-25T09:00:00.0,326.8215,58.5524,268.2691,104.8524,1.0
2024-08-25T10:00:00.0,262.5868,10.8526,251.7342,17.0262,1.0
2024-08-25T11:00:00.0,294.1296,10.2908,283.8388,14.2616,1.0
2024-08-25T12:00:00.0,431.4083,76.9588,354.4495,102.7467,1.0
2024-08-25T13:00:00.0,284.6198,11.6673,272.9525,16.0371,1.0
2024-08-25T14:00:00.0,233.945,5.8191,228.1259,8.9113,1.0
2024-08-25T15:00:00.0,333.8806,83.9527,249.928,150.7922,1.0
2024-08-25T16:00:00.0,384.5019,205.699,178.8029,446.2486,1.0
2024-08-25T17:00:00.0,193.5669,65.8598,127.7071,212.9831,1.0
2024-08-25T18:00:00.0,89.7049,27.3367,62.3682,154.6311,1.0
2024-08-25T19:00:00.0,6.8769,0.562,6.3149,9.725,0.7833
2024-08-25T20:00:00.0,0.0,0.0,0.0,0.0,1.0
2024-08-25T21:00:00.0,0.0,0.0,0.0,0.0,1.0
2024-08-25T22:00:00.0,0.0,0.0,0.0,0.0,1.0
2024-08-25T23:00:00.0,0.0,0.0,0.0,0.0,1.0
2024-08-26T00:00:00.0,0.0,0.0,0.0,0.0,1.0
2024-08-26T01:00:00.0,0.0,0.0,0.0,0.0,1.0
2024-08-26T02:00:00.0,0.0,0.0,0.0,0.0,1.0
2024-08-26T03:00:00.0,0.0,0.0,0.0,0.0,1.0
2024-08-26T04:00:00.0,0.0,0.0,0.0,0.0,1.0
2024-08-26T05:00:00.0,0.8874,0.0,0.8874,0.0,0.8583
2024-08-26T06:00:00.0,24.8485,0.3556,24.4929,1.778,0.8417
2024-08-26T07:00:00.0,172.5768,47.6519,124.9249,172.7519,1.0
2024-08-26T08:00:00.0,233.0533,46.329,186.7243,115.0164,1.0
2024-08-26T09:00:00.0,355.917,72.7893,283.1277,130.3561,1.0
2024-08-26T10:00:00.0,353.0939,45.5669,307.527,69.2679,1.0
2024-08-26T11:00:00.0,241.6711,4.3571,237.3139,6.168,1.0
2024-08-26T12:00:00.0,146.0922,0.0229,146.0693,0.0308,1.0
2024-08-26T13:00:00.0,186.9902,0.6011,186.3891,0.8421,1.0
2024-08-26T14:00:00.0,196.5827,0.5428,196.0399,0.8002,1.0
2024-08-26T15:00:00.0,96.4144,0.0479,96.3665,0.0771,1.0
2024-08-26T16:00:00.0,40.9816,0.0624,40.9192,0.1612,1.0
2024-08-26T17:00:00.0,107.7607,2.3284,105.4323,6.8969,1.0
2024-08-26T18:00:00.0,43.2043,1.0463,42.158,5.1917,1.0
2024-08-26T19:00:00.0,3.8068,0.0,3.8068,0.0,0.8
2024-08-26T20:00:00.0,0.0,0.0,0.0,0.0,1.0
2024-08-26T21:00:00.0,0.0,0.0,0.0,0.0,1.0
2024-08-26T22:00:00.0,0.0,0.0,0.0,0.0,1.0
2024-08-26T23:00:00.0,0.0,0.0,0.0,0.0,1.0
2024-08-27T00:00:00.0,0.0,0.0,0.0,0.0,1.0
2024-08-27T01:00:00.0,0.0,0.0,0.0,0.0,1.0
2024-08-27T02:00:00.0,0.0,0.0,0.0,0.0,1.0
2024-08-27T03:00:00.0,0.0,0.0,0.0,0.0,1.0
2024-08-27T04:00:00.0,0.0,0.0,0.0,0.0,1.0
2024-08-27T05:00:00.0,1.9786,0.3604,1.6182,10.3998,0.875
2024-08-27T06:00:00.0,65.8986,17.0157,48.883,169.7121,0.8417
2024-08-27T07:00:00.0,157.0505,50.3969,106.6536,204.0638,1.0
2024-08-27T08:00:00.0,241.4851,50.5892,190.8958,112.9495,1.0
2024-08-27T09:00:00.0,329.6518,70.5822,259.0695,126.2537,1.0
2024-08-27T10:00:00.0,367.8728,56.355,311.5179,86.9184,1.0
2024-08-27T11:00:00.0,437.1229,95.2747,341.8481,132.5268,1.0
2024-08-27T12:00:00.0,503.1866,145.5533,357.6333,196.5813,1.0
2024-08-27T13:00:00.0,363.8125,76.1378,287.6747,104.181,1.0
2024-08-27T14:00:00.0,421.5066,161.3237,260.1829,250.4586,1.0
2024-08-27T15:00:00.0,486.7888,315.7743,171.0145,557.9711,1.0
2024-08-27T16:00:00.0,421.1472,326.7089,94.4384,725.7103,1.0
2024-08-27T17:00:00.0,258.2032,179.5134,78.6898,583.7686,1.0
2024-08-27T18:00:00.0,98.1509,50.54,47.6109,311.4253,1.0
2024-08-27T19:00:00.0,5.6819,0.9634,4.7185,19.0801,0.825
2024-08-27T20:00:00.0,0.0,0.0,0.0,0.0,1.0
2024-08-27T21:00:00.0,0.0,0.0,0.0,0.0,1.0
2024-08-27T22:00:00.0,0.0,0.0,0.0,0.0,1.0
2024-08-27T23:00:00.0,0.0,0.0,0.0,0.0,1.0
2024-08-28T00:00:00.0,0.0,0.0,0.0,0.0,1.0
2024-08-28T01:00:00.0,0.0,0.0,0.0,0.0,1.0
2024-08-28T02:00:00.0,0.0,0.0,0.0,0.0,1.0
2024-08-28T03:00:00.0,0.0,0.0,0.0,0.0,1.0
2024-08-28T04:00:00.0,0.0,0.0,0.0,0.0,1.0
2024-08-28T05:00:00.0,0.173,0.0,0.173,0.0,0.8833
2024-08-28T06:00:00.0,7.9535,0.0,7.9535,0.0,0.7167
2024-08-28T07:00:00.0,28.7593,0.2331,28.5262,0.6724,1.0
2024-08-28T08:00:00.0,240.2278,37.0934,203.1343,87.1395,1.0
2024-08-28T09:00:00.0,202.6671,5.3245,197.3426,10.0953,1.0
2024-08-28T10:00:00.0,520.9747,241.1345,279.8402,366.7911,1.0
2024-08-28T11:00:00.0,535.3488,221.1086,314.2401,313.8201,1.0
2024-08-28T12:00:00.0,633.2233,389.7373,243.486,529.7379,1.0
2024-08-28T13:00:00.0,728.7272,556.1585,172.5686,773.986,1.0
2024-08-28T14:00:00.0,482.9207,216.3886,266.5321,332.7049,1.0
2024-08-28T15:00:00.0,462.054,246.2433,215.8107,440.4015,1.0
2024-08-28T16:00:00.0,421.4028,318.8275,102.5752,716.8927,1.0
2024-08-28T17:00:00.0,259.369,179.8305,79.5385,596.2764,1.0
2024-08-28T18:00:00.0,98.7619,52.8515,45.9104,339.5606,1.0
2024-08-28T19:00:00.0,5.0018,0.8769,4.1248,18.5614,0.8333
2024-08-28T20:00:00.0,0.0,0.0,0.0,0.0,1.0
2024-08-28T21:00:00.0,0.0,0.0,0.0,0.0,1.0
2024-08-28T22:00:00.0,0.0,0.0,0.0,0.0,1.0
2024-08-28T23:00:00.0,0.0,0.0,0.0,0.0,1.0
2024-08-29T00:00:00.0,0.0,0.0,0.0,0.0,1.0
2024-08-29T01:00:00.0,0.0,0.0,0.0,0.0,1.0
2024-08-29T02:00:00.0,0.0,0.0,0.0,0.0,1.0
2024-08-29T03:00:00.0,0.0,0.0,0.0,0.0,1.0
2024-08-29T04:00:00.0,0.0,0.0,0.0,0.0,1.0
2024-08-29T05:00:00.0,0.797,0.002,0.795,0.061,0.9
2024-08-29T06:00:00.0,55.5247,12.3668,43.1579,72.2402,0.7167
2024-08-29T07:00:00.0,209.6917,125.5741,84.1176,442.2349,1.0
2024-08-29T08:00:00.0,399.728,314.0987,85.6293,749.8171,1.0
2024-08-29T09:00:00.0,528.4467,409.219,119.2278,753.3442,1.0
2024-08-29T10:00:00.0,586.8764,395.3384,191.538,609.5035,1.0
2024-08-29T11:00:00.0,732.5479,597.8177,134.7302,844.8263,1.0
2024-08-29T12:00:00.0,647.5435,388.2665,259.277,530.6139,1.0
2024-08-29T13:00:00.0,322.3379,72.2069,250.1309,99.3605,1.0
2024-08-29T14:00:00.0,365.5908,70.6223,294.9684,110.2854,1.0
2024-08-29T15:00:00.0,334.5481,57.3847,277.1635,101.1521,1.0
2024-08-29T16:00:00.0,238.9252,30.7167,208.2086,69.577,1.0
2024-08-29T17:00:00.0,159.2684,20.995,138.2735,69.4242,1.0
2024-08-29T18:00:00.0,70.2514,6.8516,63.3999,58.1612,1.0
2024-08-29T19:00:00.0,3.8181,0.454,3.3641,10.6064,0.85
2024-08-29T20:00:00.0,0.0,0.0,0.0,0.0,1.0
2024-08-29T21:00:00.0,0.0,0.0,0.0,0.0,1.0
2024-08-29T22:00:00.0,0.0,0.0,0.0,0.0,1.0
2024-08-29T23:00:00.0,0.0,0.0,0.0,0.0,1.0
2024-08-30T00:00:00.0,0.0,0.0,0.0,0.0,1.0
2024-08-30T01:00:00.0,0.0,0.0,0.0,0.0,1.0
2024-08-30T02:00:00.0,0.0,0.0,0.0,0.0,1.0
2024-08-30T03:00:00.0,0.0,0.0,0.0,0.0,1.0
2024-08-30T04:00:00.0,0.0,0.0,0.0,0.0,1.0
2024-08-30T05:00:00.0,0.87,0.0556,0.8144,1.572,0.9167
2024-08-30T06:00:00.0,67.8228,30.1496,37.6732,233.9536,0.7167
2024-08-30T07:00:00.0,218.1842,137.5852,80.599,506.0256,1.0
2024-08-30T08:00:00.0,379.017,268.8255,110.1915,646.8406,1.0
2024-08-30T09:00:00.0,532.7864,405.6965,127.0899,748.9423,1.0
2024-08-30T10:00:00.0,646.5731,499.264,147.3091,779.9496,1.0
2024-08-30T11:00:00.0,556.7745,262.9747,293.7998,372.2404,1.0
2024-08-30T12:00:00.0,606.675,337.2833,269.3918,464.2961,1.0
2024-08-30T13:00:00.0,628.5045,366.6338,261.8707,514.7994,1.0
2024-08-30T14:00:00.0,614.7629,420.3494,194.4135,650.1095,1.0
2024-08-30T15:00:00.0,549.2996,414.4893,134.8104,742.7825,1.0
2024-08-30T16:00:00.0,384.1273,254.7202,129.4071,593.7256,1.0
2024-08-30T17:00:00.0,237.9685,151.207,86.7615,511.5177,1.0
2024-08-30T18:00:00.0,84.61,39.9451,44.6649,278.7291,1.0
2024-08-30T19:00:00.0,3.0849,0.4613,2.6236,11.527,0.875
2024-08-30T20:00:00.0,0.0,0.0,0.0,0.0,1.0
2024-08-30T21:00:00.0,0.0,0.0,0.0,0.0,1.0
2024-08-30T22:00:00.0,0.0,0.0,0.0,0.0,1.0
2024-08-30T23:00:00.0,0.0,0.0,0.0,0.0,1.0
2024-08-31T00:00:00.0,0.0,0.0,0.0,0.0,1.0
2024-08-31T01:00:00.0,0.0,0.0,0.0,0.0,1.0
2024-08-31T02:00:00.0,0.0,0.0,0.0,0.0,1.0
2024-08-31T03:00:00.0,0.0,0.0,0.0,0.0,1.0
2024-08-31T04:00:00.0,0.0,0.0,0.0,0.0,1.0
2024-08-31T05:00:00.0,0.2084,0.0,0.2084,0.0,0.925
2024-08-31T06:00:00.0,25.5184,0.2471,25.2714,1.4212,0.7167
2024-08-31T07:00:00.0,144.3618,34.1293,110.2325,123.0735,1.0
2024-08-31T08:00:00.0,339.9629,193.978,145.9849,467.193,1.0
2024-08-31T09:00:00.0,504.1,336.4641,167.6359,624.8582,1.0
2024-08-31T10:00:00.0,620.8763,440.6565,180.2198,692.1545,1.0
2024-08-31T11:00:00.0,696.2605,512.1179,184.1426,731.9269,1.0
2024-08-31T12:00:00.0,724.8826,543.5513,181.3313,751.7351,1.0
2024-08-31T13:00:00.0,704.5247,531.6574,172.8673,754.0236,1.0
2024-08-31T14:00:00.0,636.6323,477.1054,159.5269,737.4052,1.0
2024-08-31T15:00:00.0,524.704,377.0955,147.6084,681.5295,1.0
2024-08-31T16:00:00.0,359.98,220.0243,139.9557,501.974,1.0
2024-08-31T17:00:00.0,119.3327,6.1976,113.1351,19.0368,1.0
2024-08-31T18:00:00.0,35.5033,0.083,35.4203,0.4493,0.9083
2024-08-31T19:00:00.0,1.1303,0.0,1.1303,0.0001,0.8583
2024-08-31T20:00:00.0,0.0,0.0,0.0,0.0,1.0
2024-08-31T21:00:00.0,0.0,0.0,0.0,0.0,1.0
2024-08-31T22:00:00.0,0.0,0.0,0.0,0.0,1.0
2024-08-31T23:00:00.0,0.0,0.0,0.0,0.0,1.0
2024-09-01T00:00:00.0,0.0,0.0,0.0,0.0,1.0
2024-09-01T01:00:00.0,0.0,0.0,0.0,0.0,1.0
2024-09-01T02:00:00.0,0.0,0.0,0.0,0.0,1.0
2024-09-01T03:00:00.0,0.0,0.0,0.0,0.0,1.0
2024-09-01T04:00:00.0,0.0,0.0,0.0,0.0,1.0
2024-09-01T05:00:00.0,0.0491,0.0,0.0491,0.0,0.9417
2024-09-01T06:00:00.0,6.5654,0.0,6.5654,0.0,0.7167
2024-09-01T07:00:00.0,21.5739,0.0,21.5739,0.0,1.0
2024-09-01T08:00:00.0,118.3881,3.4308,114.9574,7.671,1.0
2024-09-01T09:00:00.0,220.4092,10.455,209.9542,20.2552,1.0
2024-09-01T10:00:00.0,175.3161,1.2922,174.0239,2.1497,1.0
2024-09-01T11:00:00.0,242.2443,6.5516,235.6927,9.2684,1.0
2024-09-01T12:00:00.0,293.8632,12.5918,281.2714,17.5445,1.0
2024-09-01T13:00:00.0,189.756,0.5885,189.1675,0.8316,1.0
2024-09-01T14:00:00.0,159.8049,0.4565,159.3484,0.6884,1.0
2024-09-01T15:00:00.0,89.9265,0.0095,89.917,0.0162,1.0
2024-09-01T16:00:00.0,86.8933,0.0088,86.8845,0.0204,1.0
2024-09-01T17:00:00.0,24.8943,0.0,24.8943,0.0,1.0
2024-09-01T18:00:00.0,7.5473,0.0,7.5473,0.0,0.9083
2024-09-01T19:00:00.0,0.2018,0.0,0.2018,0.0,0.8833
2024-09-01T20:00:00.0,0.0,0.0,0.0,0.0,1.0
2024-09-01T21:00:00.0,0.0,0.0,0.0,0.0,1.0
2024-09-01T22:00:00.0,0.0,0.0,0.0,0.0,1.0
2024-09-01T23:00:00.0,0.0,0.0,0.0,0.0,1.0
2024-09-02T00:00:00.0,0.0,0.0,0.0,0.0,1.0
2024-09-02T01:00:00.0,0.0,0.0,0.0,0.0,1.0
2024-09-02T02:00:00.0,0.0,0.0,0.0,0.0,1.0
2024-09-02T03:00:00.0,0.0,0.0,0.0,0.0,1.0
2024-09-02T04:00:00.0,0.0,0.0,0.0,0.0,1.0
2024-09-02T05:00:00.0,0.032,0.0,0.032,0.0,0.95
2024-09-02T06:00:00.0,7.1913,0.0,7.1913,0.0,0.7167
2024-09-02T07:00:00.0,47.4143,0.0003,47.414,0.0012,1.0
2024-09-02T08:00:00.0,84.6138,0.0557,84.5581,0.1223,1.0
2024-09-02T09:00:00.0,135.3869,0.2002,135.1867,0.3601,1.0
2024-09-02T10:00:00.0,235.0388,3.0319,232.0069,4.8246,1.0
2024-09-02T11:00:00.0,301.1755,24.9455,276.23,35.4675,1.0
2024-09-02T12:00:00.0,509.8322,177.9297,331.9025,249.0887,1.0
2024-09-02T13:00:00.0,681.5992,519.989,161.6102,748.4575,1.0
2024-09-02T14:00:00.0,590.8564,414.3785,176.4778,652.3492,1.0
2024-09-02T15:00:00.0,529.192,419.7163,109.4757,773.662,1.0
2024-09-02T16:00:00.0,387.4393,290.8551,96.5842,695.0994,1.0
2024-09-02T17:00:00.0,226.7761,151.8923,74.8839,552.7073,1.0
2024-09-02T18:00:00.0,72.3754,34.8241,37.5513,262.4865,0.9083
2024-09-02T19:00:00.0,1.1565,0.0951,1.0614,3.0358,0.8917
2024-09-02T20:00:00.0,0.0,0.0,0.0,0.0,1.0
2024-09-02T21:00:00.0,0.0,0.0,0.0,0.0,1.0
2024-09-02T22:00:00.0,0.0,0.0,0.0,0.0,1.0
2024-09-02T23:00:00.0,0.0,0.0,0.0,0.0,1.0
2024-09-03T00:00:00.0,0.0,0.0,0.0,0.0,1.0
2024-09-03T01:00:00.0,0.0,0.0,0.0,0.0,1.0
2024-09-03T02:00:00.0,0.0,0.0,0.0,0.0,1.0
2024-09-03T03:00:00.0,0.0,0.0,0.0,0.0,1.0
2024-09-03T04:00:00.0,0.0,0.0,0.0,0.0,1.0
2024-09-03T05:00:00.0,0.0169,0.0,0.0169,0.0,0.9667
2024-09-03T06:00:00.0,6.6569,0.0,6.6569,0.0,0.7167
2024-09-03T07:00:00.0,35.1008,0.0034,35.0974,0.0121,1.0
2024-09-03T08:00:00.0,141.7794,12.8408,128.9386,28.7184,1.0
2024-09-03T09:00:00.0,268.3372,28.2641,240.0731,55.8334,1.0
2024-09-03T10:00:00.0,232.7943,11.3282,221.466,18.6733,1.0
2024-09-03T11:00:00.0,214.2544,5.1478,209.1066,7.3322,1.0
2024-09-03T12:00:00.0,364.8912,36.1964,328.6948,51.0324,1.0
2024-09-03T13:00:00.0,410.0726,72.3346,337.7379,105.2397,1.0
2024-09-03T14:00:00.0,325.1445,36.0135,289.131,56.599,1.0
2024-09-03T15:00:00.0,293.0952,39.2369,253.8583,72.5288,1.0
2024-09-03T16:00:00.0,146.7208,1.8797,144.841,4.5625,1.0
2024-09-03T17:00:00.0,135.6211,19.421,116.2001,80.2978,1.0
2024-09-03T18:00:00.0,44.1162,0.7463,43.3699,4.8776,0.9083
2024-09-03T19:00:00.0,0.601,0.0007,0.6004,0.0137,0.9083
2024-09-03T20:00:00.0,0.0,0.0,0.0,0.0,1.0
2024-09-03T21:00:00.0,0.0,0.0,0.0,0.0,1.0
2024-09-03T22:00:00.0,0.0,0.0,0.0,0.0,1.0
2024-09-03T23:00:00.0,0.0,0.0,0.0,0.0,1.0
2024-09-04T00:00:00.0,0.0,0.0,0.0,0.0,1.0
2024-09-04T01:00:00.0,0.0,0.0,0.0,0.0,1.0
2024-09-04T02:00:00.0,0.0,0.0,0.0,0.0,1.0
2024-09-04T03:00:00.0,0.0,0.0,0.0,0.0,1.0
2024-09-04T04:00:00.0,0.0,0.0,0.0,0.0,1.0
2024-09-04T05:00:00.0,0.0078,0.0,0.0078,0.0,0.9833
2024-09-04T06:00:00.0,8.0878,0.0,8.0878,0.0,0.7167
2024-09-04T07:00:00.0,107.6171,5.5239,102.0932,20.4721,1.0
2024-09-04T08:00:00.0,317.1524,188.0737,129.0786,458.7851,1.0
2024-09-04T09:00:00.0,401.3766,191.5005,209.8761,370.6388,1.0
2024-09-04T10:00:00.0,357.9524,107.7603,250.1921,178.4305,1.0
2024-09-04T11:00:00.0,299.0133,18.7486,280.2647,27.3916,1.0
2024-09-04T12:00:00.0,448.9264,127.6247,321.3017,180.778,1.0
2024-09-04T13:00:00.0,389.4032,63.7731,325.6302,93.0423,1.0
2024-09-04T14:00:00.0,333.958,61.1818,272.7762,100.8266,1.0
2024-09-04T15:00:00.0,365.6097,127.8649,237.7449,241.1629,1.0
2024-09-04T16:00:00.0,164.9765,13.2317,151.7448,28.7818,1.0
2024-09-04T17:00:00.0,117.2473,13.2072,104.0401,62.5253,1.0
2024-09-04T18:00:00.0,54.3446,12.4918,41.8528,115.5151,0.9083
2024-09-04T19:00:00.0,0.4342,0.016,0.4182,0.0,0.9333
2024-09-04T20:00:00.0,0.0,0.0,0.0,0.0,1.0
2024-09-04T21:00:00.0,0.0,0.0,0.0,0.0,1.0
2024-09-04T22:00:00.0,0.0,0.0,0.0,0.0,1.0
2024-09-04T23:00:00.0,0.0,0.0,0.0,0.0,1.0
2024-09-05T00:00:00.0,0.0,0.0,0.0,0.0,1.0
2024-09-05T01:00:00.0,0.0,0.0,0.0,0.0,1.0
2024-09-05T02:00:00.0,0.0,0.0,0.0,0.0,1.0
2024-09-05T03:00:00.0,0.0,0.0,0.0,0.0,1.0
2024-09-05T04:00:00.0,0.0,0.0,0.0,0.0,1.0
2024-09-05T05:00:00.0,0.0065,0.0002,0.0064,0.0,0.9917
2024-09-05T06:00:00.0,33.4503,1.5593,31.891,13.8779,0.5917
2024-09-05T07:00:00.0,143.1945,47.593,95.6015,170.2737,1.0
2024-09-05T08:00:00.0,298.132,156.3075,141.8245,407.2847,1.0
2024-09-05T09:00:00.0,391.0183,175.7752,215.2431,340.7535,1.0
2024-09-05T10:00:00.0,476.0828,170.3147,305.7681,276.3954,1.0
2024-09-05T11:00:00.0,478.3509,105.9089,372.4419,156.2429,1.0
2024-09-05T12:00:00.0,386.4018,47.0333,339.3684,67.1746,1.0
2024-09-05T13:00:00.0,358.4632,36.6649,321.7983,53.62,1.0
2024-09-05T14:00:00.0,284.3385,14.0463,270.2921,22.9613,1.0
2024-09-05T15:00:00.0,189.2337,4.5915,184.6423,8.1188,1.0
2024-09-05T16:00:00.0,95.0832,0.0858,94.9974,0.2018,1.0
2024-09-05T17:00:00.0,80.9543,3.5055,77.4488,17.7868,1.0
2024-09-05T18:00:00.0,48.1229,10.1011,38.0218,96.2811,0.9083
2024-09-05T19:00:00.0,0.1883,0.0019,0.1864,0.0,0.95
2024-09-05T20:00:00.0,0.0,0.0,0.0,0.0,1.0
2024-09-05T21:00:00.0,0.0,0.0,0.0,0.0,1.0
2024-09-05T22:00:00.0,0.0,0.0,0.0,0.0,1.0
2024-09-05T23:00:00.0,0.0,0.0,0.0,0.0,1.0
2024-09-06T00:00:00.0,0.0,0.0,0.0,0.0,1.0
2024-09-06T01:00:00.0,0.0,0.0,0.0,0.0,1.0
2024-09-06T02:00:00.0,0.0,0.0,0.0,0.0,1.0
2024-09-06T03:00:00.0,0.0,0.0,0.0,0.0,1.0
2024-09-06T04:00:00.0,0.0,0.0,0.0,0.0,1.0
2024-09-06T05:00:00.0,0.0,0.0,0.0,0.0,1.0
2024-09-06T06:00:00.0,4.3631,0.0,4.3631,0.0,0.6
2024-09-06T07:00:00.0,29.6108,0.0,29.6108,0.0001,1.0
2024-09-06T08:00:00.0,89.1465,0.0815,89.065,0.1861,1.0
2024-09-06T09:00:00.0,183.1447,2.3477,180.797,4.6379,1.0
2024-09-06T10:00:00.0,170.001,1.6268,168.3742,2.6943,1.0
2024-09-06T11:00:00.0,110.0304,0.048,109.9825,0.0696,1.0
2024-09-06T12:00:00.0,193.8398,0.3262,193.5135,0.4684,1.0
2024-09-06T13:00:00.0,158.7585,0.3276,158.4309,0.4922,1.0
2024-09-06T14:00:00.0,187.6602,0.7005,186.9597,1.1371,1.0
2024-09-06T15:00:00.0,140.8455,0.8199,140.0256,1.5674,1.0
2024-09-06T16:00:00.0,146.8403,3.2623,143.5779,8.3514,1.0
2024-09-06T17:00:00.0,94.7969,3.5685,91.2284,13.3676,1.0
2024-09-06T18:00:00.0,20.2507,0.0172,20.2335,0.1571,0.9083
2024-09-06T19:00:00.0,0.0455,0.0,0.0455,0.0,0.9667
2024-09-06T20:00:00.0,0.0,0.0,0.0,0.0,1.0
2024-09-06T21:00:00.0,0.0,0.0,0.0,0.0,1.0
2024-09-06T22:00:00.0,0.0,0.0,0.0,0.0,1.0
2024-09-06T23:00:00.0,0.0,0.0,0.0,0.0,1.0
2024-09-07T00:00:00.0,0.0,0.0,0.0,0.0,1.0
2024-09-07T01:00:00.0,0.0,0.0,0.0,0.0,1.0
2024-09-07T02:00:00.0,0.0,0.0,0.0,0.0,1.0
2024-09-07T03:00:00.0,0.0,0.0,0.0,0.0,1.0
2024-09-07T04:00:00.0,0.0,0.0,0.0,0.0,1.0
2024-09-07T05:00:00.0,0.0,0.0,0.0,0.0,1.0
2024-09-07T06:00:00.0,4.378,0.0,4.378,0.0,0.6083
2024-09-07T07:00:00.0,80.5691,5.7558,74.8134,20.6935,1.0
2024-09-07T08:00:00.0,134.269,9.2748,124.9942,27.4016,1.0
2024-09-07T09:00:00.0,148.8038,3.0475,145.7563,6.0477,1.0
2024-09-07T10:00:00.0,122.4205,0.077,122.3434,0.1285,1.0
2024-09-07T11:00:00.0,176.0477,0.3592,175.6885,0.5444,1.0
2024-09-07T12:00:00.0,264.3027,8.5878,255.715,12.4026,1.0
2024-09-07T13:00:00.0,179.5898,0.6674,178.9225,1.0095,1.0
2024-09-07T14:00:00.0,231.2707,5.4865,225.7842,9.2782,1.0
2024-09-07T15:00:00.0,272.1442,69.2902,202.854,131.7671,1.0
2024-09-07T16:00:00.0,54.5506,0.004,54.5465,0.009,1.0
2024-09-07T17:00:00.0,45.8482,0.2503,45.5979,1.4563,1.0
2024-09-07T18:00:00.0,31.4709,3.1701,28.3008,24.2521,0.9083
2024-09-07T19:00:00.0,0.0,0.0,0.0,0.0,0.9917
2024-09-07T20:00:00.0,0.0,0.0,0.0,0.0,1.0
2024-09-07T21:00:00.0,0.0,0.0,0.0,0.0,1.0
2024-09-07T22:00:00.0,0.0,0.0,0.0,0.0,1.0
2024-09-07T23:00:00.0,0.0,0.0,0.0,0.0,1.0
2024-09-08T00:00:00.0,0.0,0.0,0.0,0.0,1.0
2024-09-08T01:00:00.0,0.0,0.0,0.0,0.0,1.0
2024-09-08T02:00:00.0,0.0,0.0,0.0,0.0,1.0
2024-09-08T03:00:00.0,0.0,0.0,0.0,0.0,1.0
2024-09-08T04:00:00.0,0.0,0.0,0.0,0.0,1.0
2024-09-08T05:00:00.0,0.0,0.0,0.0,0.0,1.0
2024-09-08T06:00:00.0,5.0039,0.0,5.0039,0.0,0.625
2024-09-08T07:00:00.0,42.6712,0.0166,42.6546,0.0638,1.0
2024-09-08T08:00:00.0,60.5993,0.2277,60.3717,0.5278,1.0
2024-09-08T09:00:00.0,136.8616,0.4661,136.3955,0.9956,1.0
2024-09-08T10:00:00.0,104.1272,0.0023,104.1249,0.0036,1.0
2024-09-08T11:00:00.0,151.4733,0.1843,151.2889,0.2716,1.0
2024-09-08T12:00:00.0,230.0514,2.3088,227.7426,3.3596,1.0
2024-09-08T13:00:00.0,440.53,229.3747,211.1553,348.7383,1.0
2024-09-08T14:00:00.0,480.9888,259.6471,221.3417,422.3049,1.0
2024-09-08T15:00:00.0,267.4015,44.5952,222.8063,83.8744,1.0
2024-09-08T16:00:00.0,159.7068,8.5979,151.1089,23.888,1.0
2024-09-08T17:00:00.0,108.0783,2.7763,105.302,12.5634,1.0
2024-09-08T18:00:00.0,32.7238,0.3883,32.3355,3.3475,0.7917
2024-09-08T19:00:00.0,0.0,0.0,0.0,0.0,1.0
2024-09-08T20:00:00.0,0.0,0.0,0.0,0.0,1.0
2024-09-08T21:00:00.0,0.0,0.0,0.0,0.0,1.0
2024-09-08T22:00:00.0,0.0,0.0,0.0,0.0,1.0
2024-09-08T23:00:00.0,0.0,0.0,0.0,0.0,1.0
2024-09-09T00:00:00.0,0.0,0.0,0.0,0.0,1.0
2024-09-09T01:00:00.0,0.0,0.0,0.0,0.0,1.0
2024-09-09T02:00:00.0,0.0,0.0,0.0,0.0,1.0
2024-09-09T03:00:00.0,0.0,0.0,0.0,0.0,1.0
2024-09-09T04:00:00.0,0.0,0.0,0.0,0.0,1.0
2024-09-09T05:00:00.0,0.0,0.0,0.0,0.0,1.0
2024-09-09T06:00:00.0,25.4144,0.1175,25.2968,1.1505,0.6417
2024-09-09T07:00:00.0,106.1331,14.9399,91.1931,57.9732,1.0
2024-09-09T08:00:00.0,274.3792,134.6781,139.7012,343.5323,1.0
2024-09-09T09:00:00.0,465.292,316.3577,148.9342,628.2763,1.0
2024-09-09T10:00:00.0,590.0175,428.4853,161.5322,715.8132,1.0
2024-09-09T11:00:00.0,659.7632,484.6991,175.0641,734.151,1.0
2024-09-09T12:00:00.0,610.8505,322.639,288.2115,473.3826,1.0
2024-09-09T13:00:00.0,555.3828,251.4945,303.8883,378.4658,1.0
2024-09-09T14:00:00.0,482.5667,193.0493,289.5173,321.1114,1.0
2024-09-09T15:00:00.0,357.6904,107.7809,249.9096,212.7799,1.0
2024-09-09T16:00:00.0,265.19,99.9159,165.2741,263.6244,1.0
2024-09-09T17:00:00.0,133.1648,36.7815,96.3833,149.931,1.0
2024-09-09T18:00:00.0,28.5216,2.6099,25.9117,26.3386,0.8083
2024-09-09T19:00:00.0,0.0,0.0,0.0,0.0,1.0
2024-09-09T20:00:00.0,0.0,0.0,0.0,0.0,1.0
2024-09-09T21:00:00.0,0.0,0.0,0.0,0.0,1.0
2024-09-09T22:00:00.0,0.0,0.0,0.0,0.0,1.0
2024-09-09T23:00:00.0,0.0,0.0,0.0,0.0,1.0
2024-09-10T00:00:00.0,0.0,0.0,0.0,0.0,1.0
2024-09-10T01:00:00.0,0.0,0.0,0.0,0.0,1.0
2024-09-10T02:00:00.0,0.0,0.0,0.0,0.0,1.0
2024-09-10T03:00:00.0,0.0,0.0,0.0,0.0,1.0
2024-09-10T04:00:00.0,0.0,0.0,0.0,0.0,1.0
2024-09-10T05:00:00.0,0.0,0.0,0.0,0.0,1.0
2024-09-10T06:00:00.0,33.4631,9.9567,23.5064,97.0261,0.65
2024-09-10T07:00:00.0,72.178,4.7036,67.4744,28.6689,1.0
2024-09-10T08:00:00.0,143.9307,6.3085,137.6222,17.8971,1.0
2024-09-10T09:00:00.0,190.8928,2.8508,188.042,5.9706,1.0
2024-09-10T10:00:00.0,240.2762,7.2291,233.0471,12.3,1.0
2024-09-10T11:00:00.0,300.9877,18.8339,282.1538,28.9559,1.0
2024-09-10T12:00:00.0,290.0876,13.7273,276.3604,20.2939,1.0
2024-09-10T13:00:00.0,290.0954,11.6043,278.4911,17.5611,1.0
2024-09-10T14:00:00.0,289.0952,22.2048,266.8904,38.1028,1.0
2024-09-10T15:00:00.0,376.5101,181.4512,195.0589,369.1308,1.0
2024-09-10T16:00:00.0,268.7082,95.4755,173.2327,248.917,1.0
2024-09-10T17:00:00.0,141.8573,24.8571,117.0002,105.7338,1.0
2024-09-10T18:00:00.0,37.2138,9.1646,28.0492,103.2172,0.8333
2024-09-10T19:00:00.0,0.0,0.0,0.0,0.0,1.0
2024-09-10T20:00:00.0,0.0,0.0,0.0,0.0,1.0
2024-09-10T21:00:00.0,0.0,0.0,0.0,0.0,1.0
2024-09-10T22:00:00.0,0.0,0.0,0.0,0.0,1.0
2024-09-10T23:00:00.0,0.0,0.0,0.0,0.0,1.0
2024-09-11T00:00:00.0,0.0,0.0,0.0,0.0,1.0
2024-09-11T01:00:00.0,0.0,0.0,0.0,0.0,1.0
2024-09-11T02:00:00.0,0.0,0.0,0.0,0.0,1.0
2024-09-11T03:00:00.0,0.0,0.0,0.0,0.0,1.0
2024-09-11T04:00:00.0,0.0,0.0,0.0,0.0,1.0
2024-09-11T05:00:00.0,0.0,0.0,0.0,0.0,1.0
2024-09-11T06:00:00.0,35.3133,13.1744,22.1389,133.1855,0.6667
2024-09-11T07:00:00.0,180.0276,112.5868,67.4408,504.0249,1.0
2024-09-11T08:00:00.0,282.3466,169.4225,112.9241,486.0634,1.0
2024-09-11T09:00:00.0,350.432,142.1457,208.2863,282.9619,1.0
2024-09-11T10:00:00.0,487.7153,254.1744,233.5409,430.942,1.0
2024-09-11T11:00:00.0,502.6544,237.3752,265.2793,367.1606,1.0
2024-09-11T12:00:00.0,651.7832,472.087,179.6962,702.5894,1.0
2024-09-11T13:00:00.0,477.7867,133.3734,344.4133,204.0741,1.0
2024-09-11T14:00:00.0,501.9594,233.0386,268.9208,397.7054,1.0
2024-09-11T15:00:00.0,388.1922,143.2568,244.9354,292.1008,1.0
2024-09-11T16:00:00.0,270.9687,95.3036,175.6651,251.6711,1.0
2024-09-11T17:00:00.0,138.7693,32.0009,106.7684,163.1702,1.0
2024-09-11T18:00:00.0,35.4363,15.0106,20.4257,156.2561,0.8583
2024-09-11T19:00:00.0,0.0,0.0,0.0,0.0,1.0
2024-09-11T20:00:00.0,0.0,0.0,0.0,0.0,1.0
2024-09-11T21:00:00.0,0.0,0.0,0.0,0.0,1.0
2024-09-11T22:00:00.0,0.0,0.0,0.0,0.0,1.0
2024-09-11T23:00:00.0,0.0,0.0,0.0,0.0,1.0
2024-09-12T00:00:00.0,0.0,0.0,0.0,0.0,1.0
2024-09-12T01:00:00.0,0.0,0.0,0.0,0.0,1.0
2024-09-12T02:00:00.0,0.0,0.0,0.0,0.0,1.0
2024-09-12T03:00:00.0,0.0,0.0,0.0,0.0,1.0
2024-09-12T04:00:00.0,0.0,0.0,0.0,0.0,1.0
2024-09-12T05:00:00.0,0.0,0.0,0.0,0.0,1.0
2024-09-12T06:00:00.0,27.6931,5.845,21.8481,61.3096,0.6833
2024-09-12T07:00:00.0,174.863,111.9154,62.9476,505.8008,1.0
2024-09-12T08:00:00.0,298.2359,187.478,110.7578,538.8331,1.0
2024-09-12T09:00:00.0,299.2843,74.6993,224.585,147.1794,1.0
2024-09-12T10:00:00.0,389.0079,158.1239,230.884,276.6989,1.0
2024-09-12T11:00:00.0,436.4302,125.6252,310.805,193.8292,1.0
2024-09-12T12:00:00.0,495.7578,183.6416,312.1162,275.3026,1.0
2024-09-12T13:00:00.0,571.5929,361.4756,210.1173,555.1807,1.0
2024-09-12T14:00:00.0,491.8742,280.2202,211.654,475.8055,1.0
2024-09-12T15:00:00.0,344.3039,147.9623,196.3416,288.9875,1.0
2024-09-12T16:00:00.0,294.387,180.5308,113.8562,520.9285,1.0
2024-09-12T17:00:00.0,174.1691,116.5113,57.6577,536.3295,1.0
2024-09-12T18:00:00.0,32.6539,14.8316,17.8222,163.2048,0.8667
2024-09-12T19:00:00.0,0.0,0.0,0.0,0.0,1.0
2024-09-12T20:00:00.0,0.0,0.0,0.0,0.0,1.0
2024-09-12T21:00:00.0,0.0,0.0,0.0,0.0,1.0
2024-09-12T22:00:00.0,0.0,0.0,0.0,0.0,1.0
2024-09-12T23:00:00.0,0.0,0.0,0.0,0.0,1.0
2024-09-13T00:00:00.0,0.0,0.0,0.0,0.0,1.0
2024-09-13T01:00:00.0,0.0,0.0,0.0,0.0,1.0
2024-09-13T02:00:00.0,0.0,0.0,0.0,0.0,1.0
2024-09-13T03:00:00.0,0.0,0.0,0.0,0.0,1.0
2024-09-13T04:00:00.0,0.0,0.0,0.0,0.0,1.0
2024-09-13T05:00:00.0,0.0,0.0,0.0,0.0,1.0
2024-09-13T06:00:00.0,30.9887,14.9373,16.0514,169.0029,0.6
2024-09-13T07:00:00.0,159.7465,96.1334,63.613,460.1719,0.9667
2024-09-13T08:00:00.0,299.4154,202.6048,96.8106,580.2833,1.0
2024-09-13T09:00:00.0,290.3898,55.8561,234.5338,117.6699,1.0
2024-09-13T10:00:00.0,262.5233,19.4815,243.0418,34.8154,1.0
2024-09-13T11:00:00.0,279.4635,10.4647,268.9988,16.1877,1.0
2024-09-13T12:00:00.0,361.4345,43.8964,317.5381,66.2538,1.0
2024-09-13T13:00:00.0,368.5068,55.6408,312.866,86.9003,1.0
2024-09-13T14:00:00.0,321.4258,43.7877,277.6381,76.1082,1.0
2024-09-13T15:00:00.0,341.6421,147.2801,194.362,301.7981,1.0
2024-09-13T16:00:00.0,234.496,80.6914,153.8046,211.2294,1.0
2024-09-13T17:00:00.0,104.6927,13.7551,90.9376,78.0537,1.0
2024-09-13T18:00:00.0,26.7748,8.859,17.9157,101.158,0.8833
2024-09-13T19:00:00.0,0.0,0.0,0.0,0.0,1.0
2024-09-13T20:00:00.0,0.0,0.0,0.0,0.0,1.0
2024-09-13T21:00:00.0,0.0,0.0,0.0,0.0,1.0
2024-09-13T22:00:00.0,0.0,0.0,0.0,0.0,1.0
2024-09-13T23:00:00.0,0.0,0.0,0.0,0.0,1.0
2024-09-14T00:00:00.0,0.0,0.0,0.0,0.0,1.0
2024-09-14T01:00:00.0,0.0,0.0,0.0,0.0,1.0
2024-09-14T02:00:00.0,0.0,0.0,0.0,0.0,1.0
2024-09-14T03:00:00.0,0.0,0.0,0.0,0.0,1.0
2024-09-14T04:00:00.0,0.0,0.0,0.0,0.0,1.0
2024-09-14T05:00:00.0,0.0,0.0,0.0,0.0,1.0
2024-09-14T06:00:00.0,8.8691,0.0,8.8691,0.0,0.6167
2024-09-14T07:00:00.0,35.6989,0.0,35.6989,0.0001,0.9667
2024-09-14T08:00:00.0,70.2508,0.111,70.1399,0.277,1.0
2024-09-14T09:00:00.0,109.6156,0.0488,109.5668,0.1113,1.0
2024-09-14T10:00:00.0,200.3988,12.0364,188.3624,19.9298,1.0
2024-09-14T11:00:00.0,335.9586,34.2336,301.725,53.9541,1.0
2024-09-14T12:00:00.0,295.9401,18.7888,277.1512,28.619,1.0
2024-09-14T13:00:00.0,238.8641,4.0154,234.8486,6.2867,1.0
2024-09-14T14:00:00.0,166.665,0.9376,165.7274,1.5821,1.0
2024-09-14T15:00:00.0,108.6317,0.2421,108.3895,0.4953,1.0
2024-09-14T16:00:00.0,129.8599,3.188,126.6719,9.9813,1.0
2024-09-14T17:00:00.0,61.5903,1.8009,59.7894,11.8362,1.0
2024-09-14T18:00:00.0,20.6265,3.6821,16.9444,44.466,0.9083
2024-09-14T19:00:00.0,0.0,0.0,0.0,0.0,1.0
2024-09-14T20:00:00.0,0.0,0.0,0.0,0.0,1.0
2024-09-14T21:00:00.0,0.0,0.0,0.0,0.0,1.0
2024-09-14T22:00:00.0,0.0,0.0,0.0,0.0,1.0
2024-09-14T23:00:00.0,0.0,0.0,0.0,0.0,1.0
2024-09-15T00:00:00.0,0.0,0.0,0.0,0.0,1.0
2024-09-15T01:00:00.0,0.0,0.0,0.0,0.0,1.0
2024-09-15T02:00:00.0,0.0,0.0,0.0,0.0,1.0
2024-09-15T03:00:00.0,0.0,0.0,0.0,0.0,1.0
2024-09-15T04:00:00.0,0.0,0.0,0.0,0.0,1.0
2024-09-15T05:00:00.0,0.0,0.0,0.0,0.0,1.0
2024-09-15T06:00:00.0,5.46,0.0,5.46,0.0,0.625
2024-09-15T07:00:00.0,19.0751,0.0,19.0751,0.0,0.9667
2024-09-15T08:00:00.0,25.7464,0.0,25.7464,0.0,1.0
2024-09-15T09:00:00.0,58.7853,0.004,58.7813,0.0076,1.0
2024-09-15T10:00:00.0,159.4934,0.5392,158.9542,0.9298,1.0
2024-09-15T11:00:00.0,268.9994,12.012,256.9874,18.6975,1.0
2024-09-15T12:00:00.0,387.979,68.381,319.598,104.8799,1.0
2024-09-15T13:00:00.0,458.0729,168.0897,289.9832,268.1631,1.0
2024-09-15T14:00:00.0,551.3316,401.1202,150.2114,707.1976,1.0
2024-09-15T15:00:00.0,445.5457,320.55,124.9957,681.012,1.0
2024-09-15T16:00:00.0,299.9862,198.6232,101.363,576.6292,1.0
2024-09-15T17:00:00.0,142.6739,77.009,65.665,381.4602,1.0
2024-09-15T18:00:00.0,20.4445,5.9262,14.5183,73.0047,0.925
2024-09-15T19:00:00.0,0.0,0.0,0.0,0.0,1.0
2024-09-15T20:00:00.0,0.0,0.0,0.0,0.0,1.0
2024-09-15T21:00:00.0,0.0,0.0,0.0,0.0,1.0
2024-09-15T22:00:00.0,0.0,0.0,0.0,0.0,1.0
2024-09-15T23:00:00.0,0.0,0.0,0.0,0.0,1.0
2024-09-16T00:00:00.0,0.0,0.0,0.0,0.0,1.0
2024-09-16T01:00:00.0,0.0,0.0,0.0,0.0,1.0
2024-09-16T02:00:00.0,0.0,0.0,0.0,0.0,1.0
2024-09-16T03:00:00.0,0.0,0.0,0.0,0.0,1.0
2024-09-16T04:00:00.0,0.0,0.0,0.0,0.0,1.0
2024-09-16T05:00:00.0,0.0,0.0,0.0,0.0,1.0
2024-09-16T06:00:00.0,22.973,9.157,13.8161,111.9501,0.6417
2024-09-16T07:00:00.0,150.9059,97.7508,53.1551,483.0156,0.9667
2024-09-16T08:00:00.0,307.3047,232.4435,74.8612,673.3613,1.0
2024-09-16T09:00:00.0,449.9114,364.7573,85.1541,775.0399,1.0
2024-09-16T10:00:00.0,562.1602,474.552,87.6083,837.0754,1.0
2024-09-16T11:00:00.0,633.2344,547.2882,85.9462,872.709,1.0
2024-09-16T12:00:00.0,656.4636,571.7394,84.7242,883.7781,1.0
2024-09-16T13:00:00.0,630.0571,545.5714,84.4857,872.937,1.0
2024-09-16T14:00:00.0,557.1006,475.294,81.8066,844.5862,1.0
2024-09-16T15:00:00.0,443.9009,368.7266,75.1743,793.7134,1.0
2024-09-16T16:00:00.0,300.9373,237.5365,63.4008,703.534,1.0
2024-09-16T17:00:00.0,144.7699,100.5669,44.2031,520.0256,1.0
2024-09-16T18:00:00.0,19.6056,8.9482,10.6574,119.9562,0.825
2024-09-16T19:00:00.0,0.0,0.0,0.0,0.0,1.0
2024-09-16T20:00:00.0,0.0,0.0,0.0,0.0,1.0
2024-09-16T21:00:00.0,0.0,0.0,0.0,0.0,1.0
2024-09-16T22:00:00.0,0.0,0.0,0.0,0.0,1.0
2024-09-16T23:00:00.0,0.0,0.0,0.0,0.0,1.0
2024-09-17T00:00:00.0,0.0,0.0,0.0,0.0,1.0
2024-09-17T01:00:00.0,0.0,0.0,0.0,0.0,1.0
2024-09-17T02:00:00.0,0.0,0.0,0.0,0.0,1.0
2024-09-17T03:00:00.0,0.0,0.0,0.0,0.0,1.0
2024-09-17T04:00:00.0,0.0,0.0,0.0,0.0,1.0
2024-09-17T05:00:00.0,0.0,0.0,0.0,0.0,1.0
2024-09-17T06:00:00.0,2.6931,0.0,2.6931,0.0,0.6583
2024-09-17T07:00:00.0,84.7375,32.1409,52.5965,131.0007,0.9667
2024-09-17T08:00:00.0,296.7554,221.5049,75.2505,649.9225,1.0
2024-09-17T09:00:00.0,438.1187,351.7225,86.3962,754.4587,1.0
2024-09-17T10:00:00.0,535.8387,434.075,101.7637,769.223,1.0
2024-09-17T11:00:00.0,624.9424,545.2631,79.6793,876.2889,1.0
2024-09-17T12:00:00.0,649.8448,572.7529,77.0919,892.4549,1.0
2024-09-17T13:00:00.0,625.2477,546.8252,78.4225,882.5891,1.0
2024-09-17T14:00:00.0,553.5868,476.3034,77.2833,854.9888,1.0
2024-09-17T15:00:00.0,441.9325,371.1905,70.742,809.5109,1.0
2024-09-17T16:00:00.0,300.4523,242.1897,58.2626,731.0928,1.0
2024-09-17T17:00:00.0,144.5451,105.0479,39.4972,563.9328,1.0
2024-09-17T18:00:00.0,18.4585,9.5893,8.8692,138.2181,0.8417
2024-09-17T19:00:00.0,0.0,0.0,0.0,0.0,1.0
2024-09-17T20:00:00.0,0.0,0.0,0.0,0.0,1.0
2024-09-17T21:00:00.0,0.0,0.0,0.0,0.0,1.0
2024-09-17T22:00:00.0,0.0,0.0,0.0,0.0,1.0
2024-09-17T23:00:00.0,0.0,0.0,0.0,0.0,1.0
2024-09-18T00:00:00.0,0.0,0.0,0.0,0.0,1.0
2024-09-18T01:00:00.0,0.0,0.0,0.0,0.0,1.0
2024-09-18T02:00:00.0,0.0,0.0,0.0,0.0,1.0
2024-09-18T03:00:00.0,0.0,0.0,0.0,0.0,1.0
2024-09-18T04:00:00.0,0.0,0.0,0.0,0.0,1.0
2024-09-18T05:00:00.0,0.0,0.0,0.0,0.0,1.0
2024-09-18T06:00:00.0,20.016,8.1765,11.8395,109.0068,0.6667
2024-09-18T07:00:00.0,144.0377,91.47,52.5677,474.085,0.9667
2024-09-18T08:00:00.0,303.3484,224.3506,78.9978,667.6091,1.0
2024-09-18T09:00:00.0,300.3665,101.6869,198.6796,232.5179,1.0
2024-09-18T10:00:00.0,203.2986,3.7546,199.544,6.8621,1.0
2024-09-18T11:00:00.0,200.0795,1.6657,198.4138,2.742,1.0
2024-09-18T12:00:00.0,265.1947,7.7744,257.4203,12.2268,1.0
2024-09-18T13:00:00.0,511.9359,316.7769,195.1591,521.6638,1.0
2024-09-18T14:00:00.0,548.6612,451.6721,96.989,818.8906,1.0
2024-09-18T15:00:00.0,432.1175,340.788,91.3295,752.3333,1.0
2024-09-18T16:00:00.0,286.6037,210.2637,76.34,644.8516,1.0
2024-09-18T17:00:00.0,129.7761,79.4705,50.3057,433.725,1.0
2024-09-18T18:00:00.0,14.0754,4.7665,9.3089,70.2585,0.8583
2024-09-18T19:00:00.0,0.0,0.0,0.0,0.0,1.0
2024-09-18T20:00:00.0,0.0,0.0,0.0,0.0,1.0
2024-09-18T21:00:00.0,0.0,0.0,0.0,0.0,1.0
2024-09-18T22:00:00.0,0.0,0.0,0.0,0.0,1.0
2024-09-18T23:00:00.0,0.0,0.0,0.0,0.0,1.0
2024-09-19T00:00:00.0,0.0,0.0,0.0,0.0,1.0
2024-09-19T01:00:00.0,0.0,0.0,0.0,0.0,1.0
2024-09-19T02:00:00.0,0.0,0.0,0.0,0.0,1.0
2024-09-19T03:00:00.0,0.0,0.0,0.0,0.0,1.0
2024-09-19T04:00:00.0,0.0,0.0,0.0,0.0,1.0
2024-09-19T05:00:00.0,0.0,0.0,0.0,0.0,1.0
2024-09-19T06:00:00.0,15.505,3.5819,11.923,47.9194,0.6833
2024-09-19T07:00:00.0,126.3504,61.5936,64.7568,319.6557,0.9667
2024-09-19T08:00:00.0,275.4934,169.823,105.6704,508.3703,1.0
2024-09-19T09:00:00.0,422.8034,292.8115,129.9919,640.0632,1.0
2024-09-19T10:00:00.0,538.7269,396.6633,142.0636,717.4042,1.0
2024-09-19T11:00:00.0,612.4442,466.4193,146.0249,761.7591,1.0
2024-09-19T12:00:00.0,624.1826,465.1635,159.0192,736.7923,1.0
2024-09-19T13:00:00.0,610.8749,470.3653,140.5097,772.8027,1.0
2024-09-19T14:00:00.0,515.8257,368.3533,147.4724,671.9077,1.0
2024-09-19T15:00:00.0,356.8598,179.9012,176.9586,399.724,1.0
2024-09-19T16:00:00.0,254.1557,152.6946,101.4612,478.9175,1.0
2024-09-19T17:00:00.0,115.0925,58.1784,56.9141,324.2225,1.0
2024-09-19T18:00:00.0,11.466,2.9907,8.4753,46.7335,0.875
2024-09-19T19:00:00.0,0.0,0.0,0.0,0.0,1.0
2024-09-19T20:00:00.0,0.0,0.0,0.0,0.0,1.0
2024-09-19T21:00:00.0,0.0,0.0,0.0,0.0,1.0
2024-09-19T22:00:00.0,0.0,0.0,0.0,0.0,1.0
2024-09-19T23:00:00.0,0.0,0.0,0.0,0.0,1.0
2024-09-20T00:00:00.0,0.0,0.0,0.0,0.0,1.0
2024-09-20T01:00:00.0,0.0,0.0,0.0,0.0,1.0
2024-09-20T02:00:00.0,0.0,0.0,0.0,0.0,1.0
2024-09-20T03:00:00.0,0.0,0.0,0.0,0.0,1.0
2024-09-20T04:00:00.0,0.0,0.0,0.0,0.0,1.0
2024-09-20T05:00:00.0,0.0,0.0,0.0,0.0,1.0
2024-09-20T06:00:00.0,14.0271,3.125,10.9021,43.6489,0.6917
2024-09-20T07:00:00.0,122.643,59.1914,63.4516,313.5233,0.8417
2024-09-20T08:00:00.0,275.0378,171.2372,103.8006,520.9995,1.0
2024-09-20T09:00:00.0,417.149,285.758,131.3911,631.4915,1.0
2024-09-20T10:00:00.0,527.3391,375.3553,151.9837,685.0504,1.0
2024-09-20T11:00:00.0,595.5732,429.6066,165.9666,707.5216,1.0
2024-09-20T12:00:00.0,615.3726,440.8896,174.483,704.2052,1.0
2024-09-20T13:00:00.0,584.8124,407.8999,176.9125,676.1605,1.0
2024-09-20T14:00:00.0,506.5141,335.9222,170.5918,621.6593,1.0
2024-09-20T15:00:00.0,387.0849,234.1405,152.9444,529.4667,1.0
2024-09-20T16:00:00.0,234.5383,115.1781,119.3602,359.0373,1.0
2024-09-20T17:00:00.0,81.8164,18.5955,63.2209,99.779,1.0
2024-09-20T18:00:00.0,7.3018,0.1349,7.1669,2.0996,0.9
2024-09-20T19:00:00.0,0.0,0.0,0.0,0.0,1.0
2024-09-20T20:00:00.0,0.0,0.0,0.0,0.0,1.0
2024-09-20T21:00:00.0,0.0,0.0,0.0,0.0,1.0
2024-09-20T22:00:00.0,0.0,0.0,0.0,0.0,1.0
2024-09-20T23:00:00.0,0.0,0.0,0.0,0.0,1.0
2024-09-21T00:00:00.0,0.0,0.0,0.0,0.0,1.0
2024-09-21T01:00:00.0,0.0,0.0,0.0,0.0,1.0
2024-09-21T02:00:00.0,0.0,0.0,0.0,0.0,1.0
2024-09-21T03:00:00.0,0.0,0.0,0.0,0.0,1.0
2024-09-21T04:00:00.0,0.0,0.0,0.0,0.0,1.0
2024-09-21T05:00:00.0,0.0,0.0,0.0,0.0,1.0
2024-09-21T06:00:00.0,8.0849,0.2423,7.8426,3.4683,0.7083
2024-09-21T07:00:00.0,78.9431,12.429,66.5141,61.1617,0.8417
2024-09-21T08:00:00.0,227.1009,89.2172,137.8837,271.478,1.0
2024-09-21T09:00:00.0,255.4743,55.4888,199.9854,130.1181,1.0
2024-09-21T10:00:00.0,253.0569,16.7753,236.2816,31.7158,1.0
2024-09-21T11:00:00.0,270.3519,16.7552,253.5968,27.6154,1.0
2024-09-21T12:00:00.0,319.1953,41.5854,277.61,66.9563,1.0
2024-09-21T13:00:00.0,293.1184,24.4365,268.6819,41.4211,1.0
2024-09-21T14:00:00.0,260.7273,31.5983,229.129,58.3951,1.0
2024-09-21T15:00:00.0,85.043,0.0012,85.0418,0.0029,1.0
2024-09-21T16:00:00.0,35.2497,0.0154,35.2343,0.0651,1.0
2024-09-21T17:00:00.0,42.5853,0.4396,42.1458,2.4942,1.0
2024-09-21T18:00:00.0,5.3673,0.3613,5.006,6.9555,0.9167
2024-09-21T19:00:00.0,0.0,0.0,0.0,0.0,1.0
2024-09-21T20:00:00.0,0.0,0.0,0.0,0.0,1.0
2024-09-21T21:00:00.0,0.0,0.0,0.0,0.0,1.0
2024-09-21T22:00:00.0,0.0,0.0,0.0,0.0,1.0
2024-09-21T23:00:00.0,0.0,0.0,0.0,0.0,1.0
2024-09-22T00:00:00.0,0.0,0.0,0.0,0.0,1.0
2024-09-22T01:00:00.0,0.0,0.0,0.0,0.0,1.0
2024-09-22T02:00:00.0,0.0,0.0,0.0,0.0,1.0
2024-09-22T03:00:00.0,0.0,0.0,0.0,0.0,1.0
2024-09-22T04:00:00.0,0.0,0.0,0.0,0.0,1.0
2024-09-22T05:00:00.0,0.0,0.0,0.0,0.0,1.0
2024-09-22T06:00:00.0,1.2673,0.0,1.2673,0.0,0.725
2024-09-22T07:00:00.0,11.7687,0.0,11.7687,0.0,0.8417
2024-09-22T08:00:00.0,38.4699,0.0,38.4699,0.0,1.0
2024-09-22T09:00:00.0,97.8864,0.1876,97.6988,0.3997,1.0
2024-09-22T10:00:00.0,152.4091,0.9823,151.4269,1.7534,1.0
2024-09-22T11:00:00.0,215.328,7.5468,207.7812,12.4249,1.0
2024-09-22T12:00:00.0,237.9867,10.6299,227.3568,17.2514,1.0
2024-09-22T13:00:00.0,189.2762,0.9329,188.3433,1.5851,1.0
2024-09-22T14:00:00.0,176.7914,1.3917,175.3996,2.7213,1.0
2024-09-22T15:00:00.0,115.9632,1.3234,114.6398,2.9596,1.0
2024-09-22T16:00:00.0,77.8951,0.3203,77.5747,1.0419,1.0
2024-09-22T17:00:00.0,45.0942,0.3257,44.7685,2.1558,1.0
2024-09-22T18:00:00.0,4.9349,0.1812,4.7537,3.7738,0.9333
2024-09-22T19:00:00.0,0.0,0.0,0.0,0.0,1.0
2024-09-22T20:00:00.0,0.0,0.0,0.0,0.0,1.0
2024-09-22T21:00:00.0,0.0,0.0,0.0,0.0,1.0
2024-09-22T22:00:00.0,0.0,0.0,0.0,0.0,1.0
2024-09-22T23:00:00.0,0.0,0.0,0.0,0.0,1.0
2024-09-23T00:00:00.0,0.0,0.0,0.0,0.0,1.0
2024-09-23T01:00:00.0,0.0,0.0,0.0,0.0,1.0
2024-09-23T02:00:00.0,0.0,0.0,0.0,0.0,1.0
2024-09-23T03:00:00.0,0.0,0.0,0.0,0.0,1.0
2024-09-23T04:00:00.0,0.0,0.0,0.0,0.0,1.0
2024-09-23T05:00:00.0,0.0,0.0,0.0,0.0,1.0
2024-09-23T06:00:00.0,1.2797,0.0,1.2797,0.0,0.7333
2024-09-23T07:00:00.0,12.8481,0.0,12.8481,0.0,0.8417
2024-09-23T08:00:00.0,26.8631,0.0,26.8631,0.0,1.0
2024-09-23T09:00:00.0,84.8111,0.0302,84.7809,0.0656,1.0
2024-09-23T10:00:00.0,126.3688,0.0244,126.3443,0.0443,1.0
2024-09-23T11:00:00.0,185.2919,0.6864,184.6055,1.1515,1.0
2024-09-23T12:00:00.0,240.0232,5.1891,234.8341,8.498,1.0
2024-09-23T13:00:00.0,188.9467,1.3433,187.6035,2.248,1.0
2024-09-23T14:00:00.0,177.2388,1.4215,175.8173,2.8291,1.0
2024-09-23T15:00:00.0,171.7845,5.1126,166.6719,11.7799,1.0
2024-09-23T16:00:00.0,114.8876,1.7695,113.1181,6.0475,1.0
2024-09-23T17:00:00.0,48.1555,1.8147,46.3408,21.2675,1.0
2024-09-23T18:00:00.0,4.887,0.6016,4.2854,12.3905,0.9583
2024-09-23T19:00:00.0,0.0,0.0,0.0,0.0,1.0
2024-09-23T20:00:00.0,0.0,0.0,0.0,0.0,1.0
2024-09-23T21:00:00.0,0.0,0.0,0.0,0.0,1.0
2024-09-23T22:00:00.0,0.0,0.0,0.0,0.0,1.0
2024-09-23T23:00:00.0,0.0,0.0,0.0,0.0,1.0
2024-09-24T00:00:00.0,0.0,0.0,0.0,0.0,1.0
2024-09-24T01:00:00.0,0.0,0.0,0.0,0.0,1.0
2024-09-24T02:00:00.0,0.0,0.0,0.0,0.0,1.0
2024-09-24T03:00:00.0,0.0,0.0,0.0,0.0,1.0
2024-09-24T04:00:00.0,0.0,0.0,0.0,0.0,1.0
2024-09-24T05:00:00.0,0.0,0.0,0.0,0.0,1.0
2024-09-24T06:00:00.0,1.3356,0.0,1.3356,0.0,0.75
2024-09-24T07:00:00.0,29.3773,0.0032,29.3741,0.014,0.8417
2024-09-24T08:00:00.0,125.7543,2.1615,123.5928,6.9322,1.0
2024-09-24T09:00:00.0,218.484,39.2215,179.2625,90.1132,1.0
2024-09-24T10:00:00.0,258.2088,20.4318,237.777,37.5048,1.0
2024-09-24T11:00:00.0,394.8653,99.486,295.3793,169.2296,1.0
2024-09-24T12:00:00.0,379.6192,75.1185,304.5007,124.3863,1.0
2024-09-24T13:00:00.0,274.8016,37.6913,237.1103,63.4317,1.0
2024-09-24T14:00:00.0,269.1982,24.7404,244.4578,47.9686,1.0
2024-09-24T15:00:00.0,192.8371,9.9772,182.8598,24.784,1.0
2024-09-24T16:00:00.0,145.3869,9.5245,135.8623,36.0215,1.0
2024-09-24T17:00:00.0,69.1219,19.3259,49.796,121.2564,1.0
2024-09-24T18:00:00.0,4.2001,0.5449,3.6552,12.1325,0.85
2024-09-24T19:00:00.0,0.0,0.0,0.0,0.0,1.0
2024-09-24T20:00:00.0,0.0,0.0,0.0,0.0,1.0
2024-09-24T21:00:00.0,0.0,0.0,0.0,0.0,1.0
2024-09-24T22:00:00.0,0.0,0.0,0.0,0.0,1.0
2024-09-24T23:00:00.0,0.0,0.0,0.0,0.0,1.0
2024-09-25T00:00:00.0,0.0,0.0,0.0,0.0,1.0
2024-09-25T01:00:00.0,0.0,0.0,0.0,0.0,1.0
2024-09-25T02:00:00.0,0.0,0.0,0.0,0.0,1.0
2024-09-25T03:00:00.0,0.0,0.0,0.0,0.0,1.0
2024-09-25T04:00:00.0,0.0,0.0,0.0,0.0,1.0
2024-09-25T05:00:00.0,0.0,0.0,0.0,0.0,1.0
2024-09-25T06:00:00.0,1.2211,0.0,1.2211,0.0,0.7667
2024-09-25T07:00:00.0,14.1431,0.0,14.1431,0.0,0.8417
2024-09-25T08:00:00.0,30.3206,0.0,30.3206,0.0,1.0
2024-09-25T09:00:00.0,62.9901,0.0007,62.9894,0.0014,1.0
2024-09-25T10:00:00.0,165.8395,0.4702,165.3693,0.8804,1.0
2024-09-25T11:00:00.0,131.58,0.1221,131.4579,0.2147,1.0
2024-09-25T12:00:00.0,124.5021,0.0223,124.4798,0.0373,1.0
2024-09-25T13:00:00.0,178.7658,1.7132,177.0526,2.9511,1.0
2024-09-25T14:00:00.0,137.0253,0.1495,136.8759,0.3112,1.0
2024-09-25T15:00:00.0,150.5658,1.7874,148.7785,4.1557,1.0
2024-09-25T16:00:00.0,141.0998,42.4558,98.644,171.1035,1.0
2024-09-25T17:00:00.0,79.405,25.4865,53.9185,200.4762,1.0
2024-09-25T18:00:00.0,3.2499,0.3944,2.8555,9.4536,0.8667
2024-09-25T19:00:00.0,0.0,0.0,0.0,0.0,1.0
2024-09-25T20:00:00.0,0.0,0.0,0.0,0.0,1.0
2024-09-25T21:00:00.0,0.0,0.0,0.0,0.0,1.0
2024-09-25T22:00:00.0,0.0,0.0,0.0,0.0,1.0
2024-09-25T23:00:00.0,0.0,0.0,0.0,0.0,1.0
2024-09-26T00:00:00.0,0.0,0.0,0.0,0.0,1.0
2024-09-26T01:00:00.0,0.0,0.0,0.0,0.0,1.0
2024-09-26T02:00:00.0,0.0,0.0,0.0,0.0,1.0
2024-09-26T03:00:00.0,0.0,0.0,0.0,0.0,1.0
2024-09-26T04:00:00.0,0.0,0.0,0.0,0.0,1.0
2024-09-26T05:00:00.0,0.0,0.0,0.0,0.0,1.0
2024-09-26T06:00:00.0,5.7999,0.3989,5.401,7.569,0.775
2024-09-26T07:00:00.0,50.9904,3.9518,47.0386,31.8004,0.8417
2024-09-26T08:00:00.0,70.1298,3.724,66.4058,14.5289,1.0
2024-09-26T09:00:00.0,92.0192,0.0535,91.9657,0.1373,1.0
2024-09-26T10:00:00.0,144.4645,0.1491,144.3154,0.2766,1.0
2024-09-26T11:00:00.0,190.3067,0.5882,189.7185,1.0185,1.0
2024-09-26T12:00:00.0,227.595,3.5135,224.0815,5.9275,1.0
2024-09-26T13:00:00.0,202.8036,1.6827,201.1209,2.9067,1.0
2024-09-26T14:00:00.0,205.2944,3.2073,202.0871,6.4143,1.0
2024-09-26T15:00:00.0,196.8524,7.5957,189.2567,18.7819,1.0
2024-09-26T16:00:00.0,54.6151,0.0586,54.5566,0.2688,1.0
2024-09-26T17:00:00.0,66.4187,5.9595,60.4592,77.0212,1.0
2024-09-26T18:00:00.0,2.8991,1.2546,1.6445,32.6863,0.8917
2024-09-26T19:00:00.0,0.0,0.0,0.0,0.0,1.0
2024-09-26T20:00:00.0,0.0,0.0,0.0,0.0,1.0
2024-09-26T21:00:00.0,0.0,0.0,0.0,0.0,1.0
2024-09-26T22:00:00.0,0.0,0.0,0.0,0.0,1.0
2024-09-26T23:00:00.0,0.0,0.0,0.0,0.0,1.0
2024-09-27T00:00:00.0,0.0,0.0,0.0,0.0,1.0
2024-09-27T01:00:00.0,0.0,0.0,0.0,0.0,1.0
2024-09-27T02:00:00.0,0.0,0.0,0.0,0.0,1.0
2024-09-27T03:00:00.0,0.0,0.0,0.0,0.0,1.0
2024-09-27T04:00:00.0,0.0,0.0,0.0,0.0,1.0
2024-09-27T05:00:00.0,0.0,0.0,0.0,0.0,1.0
2024-09-27T06:00:00.0,7.5517,3.0374,4.5143,61.0795,0.7917
2024-09-27T07:00:00.0,116.1414,79.043,37.0984,509.9455,0.8417
2024-09-27T08:00:00.0,212.227,115.7425,96.4845,422.2704,1.0
2024-09-27T09:00:00.0,270.8909,114.1325,156.7584,253.6228,1.0
2024-09-27T10:00:00.0,428.5421,257.0466,171.4955,499.7269,1.0
2024-09-27T11:00:00.0,575.5546,467.5814,107.9732,817.8431,1.0
2024-09-27T12:00:00.0,574.8918,447.2936,127.5982,760.3738,1.0
2024-09-27T13:00:00.0,571.3586,471.4157,99.9429,836.8489,1.0
2024-09-27T14:00:00.0,459.032,331.4885,127.5435,662.7145,1.0
2024-09-27T15:00:00.0,370.1323,282.6544,87.4779,695.8817,1.0
2024-09-27T16:00:00.0,202.9022,114.2358,88.6664,450.0814,1.0
2024-09-27T17:00:00.0,85.5287,52.8061,32.7226,398.7566,1.0
2024-09-27T18:00:00.0,1.876,0.3459,1.53,10.1338,0.9083
2024-09-27T19:00:00.0,0.0,0.0,0.0,0.0,1.0
2024-09-27T20:00:00.0,0.0,0.0,0.0,0.0,1.0
2024-09-27T21:00:00.0,0.0,0.0,0.0,0.0,1.0
2024-09-27T22:00:00.0,0.0,0.0,0.0,0.0,1.0
2024-09-27T23:00:00.0,0.0,0.0,0.0,0.0,1.0
2024-09-28T00:00:00.0,0.0,0.0,0.0,0.0,1.0
2024-09-28T01:00:00.0,0.0,0.0,0.0,0.0,1.0
2024-09-28T02:00:00.0,0.0,0.0,0.0,0.0,1.0
2024-09-28T03:00:00.0,0.0,0.0,0.0,0.0,1.0
2024-09-28T04:00:00.0,0.0,0.0,0.0,0.0,1.0
2024-09-28T05:00:00.0,0.0,0.0,0.0,0.0,1.0
2024-09-28T06:00:00.0,0.6972,0.0,0.6972,0.0,0.8083
2024-09-28T07:00:00.0,26.5951,1.0266,25.5685,4.8283,0.7167
2024-09-28T08:00:00.0,224.0243,129.602,94.4223,444.0486,1.0
2024-09-28T09:00:00.0,331.5754,146.0118,185.5636,352.6772,1.0
2024-09-28T10:00:00.0,435.2809,212.7747,222.5061,417.9027,1.0
2024-09-28T11:00:00.0,469.1629,192.1478,277.015,340.7511,1.0
2024-09-28T12:00:00.0,363.9503,65.012,298.9383,111.6162,1.0
2024-09-28T13:00:00.0,392.7022,92.2663,300.4359,164.1708,1.0
2024-09-28T14:00:00.0,273.8286,28.8821,244.9465,60.2297,1.0
2024-09-28T15:00:00.0,268.6041,64.8999,203.7042,166.9252,1.0
2024-09-28T16:00:00.0,166.1629,37.7846,128.3783,143.7753,1.0
2024-09-28T17:00:00.0,65.3089,20.4683,44.8406,155.0442,1.0
2024-09-28T18:00:00.0,1.0862,0.041,1.0453,1.2674,0.925
2024-09-28T19:00:00.0,0.0,0.0,0.0,0.0,1.0
2024-09-28T20:00:00.0,0.0,0.0,0.0,0.0,1.0
2024-09-28T21:00:00.0,0.0,0.0,0.0,0.0,1.0
2024-09-28T22:00:00.0,0.0,0.0,0.0,0.0,1.0
2024-09-28T23:00:00.0,0.0,0.0,0.0,0.0,1.0
2024-09-29T00:00:00.0,0.0,0.0,0.0,0.0,1.0
2024-09-29T01:00:00.0,0.0,0.0,0.0,0.0,1.0
2024-09-29T02:00:00.0,0.0,0.0,0.0,0.0,1.0
2024-09-29T03:00:00.0,0.0,0.0,0.0,0.0,1.0
2024-09-29T04:00:00.0,0.0,0.0,0.0,0.0,1.0
2024-09-29T05:00:00.0,0.0,0.0,0.0,0.0,1.0
2024-09-29T06:00:00.0,0.5121,0.0,0.5121,0.0,0.8167
2024-09-29T07:00:00.0,10.4911,0.0,10.4911,0.0,0.7167
2024-09-29T08:00:00.0,21.9985,0.0,21.9985,0.0,1.0
2024-09-29T09:00:00.0,30.1242,0.0,30.1242,0.0,1.0
2024-09-29T10:00:00.0,45.8523,0.0,45.8523,0.0,1.0
2024-09-29T11:00:00.0,43.175,0.0,43.175,0.0,1.0
2024-09-29T12:00:00.0,95.3821,0.0296,95.3525,0.0514,1.0
2024-09-29T13:00:00.0,97.6982,0.03,97.6682,0.0531,1.0
2024-09-29T14:00:00.0,73.7942,0.0677,73.7264,0.1437,1.0
2024-09-29T15:00:00.0,43.8306,0.0,43.8306,0.0,1.0
2024-09-29T16:00:00.0,29.11,0.6631,28.4469,3.5632,1.0
2024-09-29T17:00:00.0,46.7299,16.8845,29.8454,109.93,1.0
2024-09-29T18:00:00.0,0.6021,0.0,0.6021,0.0001,0.95
2024-09-29T19:00:00.0,0.0,0.0,0.0,0.0,1.0
2024-09-29T20:00:00.0,0.0,0.0,0.0,0.0,1.0
2024-09-29T21:00:00.0,0.0,0.0,0.0,0.0,1.0
2024-09-29T22:00:00.0,0.0,0.0,0.0,0.0,1.0
2024-09-29T23:00:00.0,0.0,0.0,0.0,0.0,1.0
2024-09-30T00:00:00.0,0.0,0.0,0.0,0.0,1.0
2024-09-30T01:00:00.0,0.0,0.0,0.0,0.0,1.0
2024-09-30T02:00:00.0,0.0,0.0,0.0,0.0,1.0
2024-09-30T03:00:00.0,0.0,0.0,0.0,0.0,1.0
2024-09-30T04:00:00.0,0.0,0.0,0.0,0.0,1.0
2024-09-30T05:00:00.0,0.0,0.0,0.0,0.0,1.0
2024-09-30T06:00:00.0,0.5207,0.0,0.5207,0.0,0.8333
2024-09-30T07:00:00.0,11.6436,0.0,11.6436,0.0,0.7167
2024-09-30T08:00:00.0,40.5517,0.0347,40.5171,0.101,1.0
2024-09-30T09:00:00.0,113.7158,15.5789,98.1369,35.524,1.0
2024-09-30T10:00:00.0,308.5976,77.0419,231.5557,154.8009,1.0
2024-09-30T11:00:00.0,284.9151,63.3039,221.6112,114.177,0.9083
2024-09-30T12:00:00.0,378.8381,120.2723,258.5658,210.8944,0.9667
2024-09-30T13:00:00.0,556.9464,472.7107,84.2357,866.1761,1.0
2024-09-30T14:00:00.0,488.8112,420.0524,68.7588,873.3594,1.0
2024-09-30T15:00:00.0,356.206,281.5313,74.6747,728.8077,1.0
2024-09-30T16:00:00.0,204.7661,139.541,65.2252,574.7419,1.0
2024-09-30T17:00:00.0,71.3581,45.5194,25.8387,393.7254,1.0
2024-09-30T18:00:00.0,0.4556,0.0662,0.3894,0.0,0.9667
2024-09-30T19:00:00.0,0.0,0.0,0.0,0.0,1.0
2024-09-30T20:00:00.0,0.0,0.0,0.0,0.0,1.0
2024-09-30T21:00:00.0,0.0,0.0,0.0,0.0,1.0
2024-09-30T22:00:00.0,0.0,0.0,0.0,0.0,1.0
2024-09-30T23:00:00.0,0.0,0.0,0.0,0.0,1.0
2024-10-01T00:00:00.0,0.0,0.0,0.0,0.0,1.0
2024-10-01T01:00:00.0,0.0,0.0,0.0,0.0,1.0
2024-10-01T02:00:00.0,0.0,0.0,0.0,0.0,1.0
2024-10-01T03:00:00.0,0.0,0.0,0.0,0.0,1.0
2024-10-01T04:00:00.0,0.0,0.0,0.0,0.0,1.0
2024-10-01T05:00:00.0,0.0,0.0,0.0,0.0,1.0
2024-10-01T06:00:00.0,0.4258,0.0,0.4258,0.0,0.85
2024-10-01T07:00:00.0,11.0154,0.0,11.0154,0.0,0.7167
2024-10-01T08:00:00.0,22.5365,0.0,22.5365,0.0,1.0
2024-10-01T09:00:00.0,121.0494,1.5168,119.5325,3.4819,1.0
2024-10-01T10:00:00.0,320.5546,112.6579,207.8968,220.1351,1.0
2024-10-01T11:00:00.0,319.6245,92.5511,227.0733,171.5197,0.9083
2024-10-01T12:00:00.0,328.6729,73.9298,254.7432,130.8959,0.9667
2024-10-01T13:00:00.0,414.8434,197.82,217.0235,368.4004,1.0
2024-10-01T14:00:00.0,392.8326,227.7549,165.0778,489.0391,1.0
2024-10-01T15:00:00.0,348.3465,255.9391,92.4074,682.8107,1.0
2024-10-01T16:00:00.0,182.9107,103.1406,79.7701,423.5311,1.0
2024-10-01T17:00:00.0,60.0004,29.2315,30.7689,252.6231,0.9083
2024-10-01T18:00:00.0,0.1942,0.0083,0.1859,0.0,0.95
2024-10-01T19:00:00.0,0.0,0.0,0.0,0.0,1.0
2024-10-01T20:00:00.0,0.0,0.0,0.0,0.0,1.0
2024-10-01T21:00:00.0,0.0,0.0,0.0,0.0,1.0
2024-10-01T22:00:00.0,0.0,0.0,0.0,0.0,1.0
2024-10-01T23:00:00.0,0.0,0.0,0.0,0.0,1.0
2024-10-02T00:00:00.0,0.0,0.0,0.0,0.0,1.0
2024-10-02T01:00:00.0,0.0,0.0,0.0,0.0,1.0
2024-10-02T02:00:00.0,0.0,0.0,0.0,0.0,1.0
2024-10-02T03:00:00.0,0.0,0.0,0.0,0.0,1.0
2024-10-02T04:00:00.0,0.0,0.0,0.0,0.0,1.0
2024-10-02T05:00:00.0,0.0,0.0,0.0,0.0,1.0
2024-10-02T06:00:00.0,1.0115,0.0,1.0115,0.0,0.8583
2024-10-02T07:00:00.0,44.1746,8.1711,36.0034,44.1594,0.7167
2024-10-02T08:00:00.0,127.9081,82.9619,44.9462,339.1004,1.0
2024-10-02T09:00:00.0,126.5984,1.1937,125.4047,2.7637,1.0
2024-10-02T10:00:00.0,227.9714,12.8512,215.1202,26.7456,1.0
2024-10-02T11:00:00.0,224.91,27.7694,197.1406,51.1144,0.9083
2024-10-02T12:00:00.0,264.5904,83.6211,180.9693,150.1181,0.9667
2024-10-02T13:00:00.0,380.2487,142.6871,237.5616,264.136,1.0
2024-10-02T14:00:00.0,377.1719,209.3488,167.8231,459.6673,1.0
2024-10-02T15:00:00.0,349.6401,269.0771,80.5629,729.9328,1.0
2024-10-02T16:00:00.0,144.1008,40.812,103.2889,158.2325,1.0
2024-10-02T17:00:00.0,52.7906,21.2533,31.5373,211.6161,0.9083
2024-10-02T18:00:00.0,0.0532,0.0025,0.0507,0.0,0.975
2024-10-02T19:00:00.0,0.0,0.0,0.0,0.0,1.0
2024-10-02T20:00:00.0,0.0,0.0,0.0,0.0,1.0
2024-10-02T21:00:00.0,0.0,0.0,0.0,0.0,1.0
2024-10-02T22:00:00.0,0.0,0.0,0.0,0.0,1.0
2024-10-02T23:00:00.0,0.0,0.0,0.0,0.0,1.0
2024-10-03T00:00:00.0,0.0,0.0,0.0,0.0,1.0
2024-10-03T01:00:00.0,0.0,0.0,0.0,0.0,1.0
2024-10-03T02:00:00.0,0.0,0.0,0.0,0.0,1.0
2024-10-03T03:00:00.0,0.0,0.0,0.0,0.0,1.0
2024-10-03T04:00:00.0,0.0,0.0,0.0,0.0,1.0
2024-10-03T05:00:00.0,0.0,0.0,0.0,0.0,1.0
2024-10-03T06:00:00.0,0.2755,0.0,0.2755,0.0,0.875
2024-10-03T07:00:00.0,10.2344,0.0,10.2344,0.0,0.7167
2024-10-03T08:00:00.0,31.998,0.0001,31.9979,0.0004,1.0
2024-10-03T09:00:00.0,45.4327,0.0001,45.4327,0.0002,1.0
2024-10-03T10:00:00.0,67.7307,0.0001,67.7306,0.0001,1.0
2024-10-03T11:00:00.0,76.0668,0.0024,76.0643,0.0046,1.0
2024-10-03T12:00:00.0,96.8787,0.106,96.7728,0.1921,1.0
2024-10-03T13:00:00.0,182.8372,3.8031,179.0341,7.1203,1.0
2024-10-03T14:00:00.0,116.2227,0.024,116.1987,0.0552,1.0
2024-10-03T15:00:00.0,132.5952,0.7027,131.8925,1.9177,1.0
2024-10-03T16:00:00.0,78.2076,11.9791,66.2285,68.4161,1.0
2024-10-03T17:00:00.0,47.4279,16.7079,30.72,147.1901,0.9083
2024-10-03T18:00:00.0,0.0,0.0,0.0,0.0,0.9917
2024-10-03T19:00:00.0,0.0,0.0,0.0,0.0,1.0
2024-10-03T20:00:00.0,0.0,0.0,0.0,0.0,1.0
2024-10-03T21:00:00.0,0.0,0.0,0.0,0.0,1.0
2024-10-03T22:00:00.0,0.0,0.0,0.0,0.0,1.0
2024-10-03T23:00:00.0,0.0,0.0,0.0,0.0,1.0
2024-10-04T00:00:00.0,0.0,0.0,0.0,0.0,1.0
2024-10-04T01:00:00.0,0.0,0.0,0.0,0.0,1.0
2024-10-04T02:00:00.0,0.0,0.0,0.0,0.0,1.0
2024-10-04T03:00:00.0,0.0,0.0,0.0,0.0,1.0
2024-10-04T04:00:00.0,0.0,0.0,0.0,0.0,1.0
2024-10-04T05:00:00.0,0.0,0.0,0.0,0.0,1.0
2024-10-04T06:00:00.0,1.2098,0.0065,1.2033,0.1889,0.8917
2024-10-04T07:00:00.0,42.3284,1.8034,40.525,15.2382,0.7167
2024-10-04T08:00:00.0,21.3991,0.0,21.3991,0.0,1.0
2024-10-04T09:00:00.0,29.856,0.0,29.856,0.0,1.0
2024-10-04T10:00:00.0,51.8007,0.0001,51.8005,0.0003,1.0
2024-10-04T11:00:00.0,93.8202,0.0063,93.8139,0.012,1.0
2024-10-04T12:00:00.0,109.2899,0.0019,109.288,0.0034,1.0
2024-10-04T13:00:00.0,120.4618,0.0181,120.4437,0.035,1.0
2024-10-04T14:00:00.0,89.6287,0.0063,89.6223,0.0148,1.0
2024-10-04T15:00:00.0,122.0662,0.303,121.7632,0.8623,1.0
2024-10-04T16:00:00.0,65.817,0.015,65.8021,0.0822,1.0
2024-10-04T17:00:00.0,33.435,3.5389,29.8961,45.101,0.9167
2024-10-04T18:00:00.0,0.0,0.0,0.0,0.0,1.0
2024-10-04T19:00:00.0,0.0,0.0,0.0,0.0,1.0
2024-10-04T20:00:00.0,0.0,0.0,0.0,0.0,1.0
2024-10-04T21:00:00.0,0.0,0.0,0.0,0.0,1.0
2024-10-04T22:00:00.0,0.0,0.0,0.0,0.0,1.0
2024-10-04T23:00:00.0,0.0,0.0,0.0,0.0,1.0
2024-10-05T00:00:00.0,0.0,0.0,0.0,0.0,1.0
2024-10-05T01:00:00.0,0.0,0.0,0.0,0.0,1.0
2024-10-05T02:00:00.0,0.0,0.0,0.0,0.0,1.0
2024-10-05T03:00:00.0,0.0,0.0,0.0,0.0,1.0
2024-10-05T04:00:00.0,0.0,0.0,0.0,0.0,1.0
2024-10-05T05:00:00.0,0.0,0.0,0.0,0.0,1.0
2024-10-05T06:00:00.0,0.3098,0.0,0.3098,0.0,0.9
2024-10-05T07:00:00.0,17.9092,0.0,17.9092,0.0,0.5917
2024-10-05T08:00:00.0,21.2587,0.0,21.2587,0.0,1.0
2024-10-05T09:00:00.0,27.2231,0.0,27.2231,0.0,1.0
2024-10-05T10:00:00.0,40.3675,0.0,40.3675,0.0,1.0
2024-10-05T11:00:00.0,37.182,0.0,37.182,0.0,1.0
2024-10-05T12:00:00.0,36.4989,0.0,36.4989,0.0,1.0
2024-10-05T13:00:00.0,39.0589,0.0,39.0589,0.0,1.0
2024-10-05T14:00:00.0,46.3549,0.0,46.3549,0.0001,1.0
2024-10-05T15:00:00.0,79.2382,0.0006,79.2376,0.0017,1.0
2024-10-05T16:00:00.0,37.0223,0.0,37.0223,0.0,1.0
2024-10-05T17:00:00.0,10.2961,1.0066,9.2895,20.3549,0.9333
2024-10-05T18:00:00.0,0.0,0.0,0.0,0.0,1.0
2024-10-05T19:00:00.0,0.0,0.0,0.0,0.0,1.0
2024-10-05T20:00:00.0,0.0,0.0,0.0,0.0,1.0
2024-10-05T21:00:00.0,0.0,0.0,0.0,0.0,1.0
2024-10-05T22:00:00.0,0.0,0.0,0.0,0.0,1.0
2024-10-05T23:00:00.0,0.0,0.0,0.0,0.0,1.0
2024-10-06T00:00:00.0,0.0,0.0,0.0,0.0,1.0
2024-10-06T01:00:00.0,0.0,0.0,0.0,0.0,1.0
2024-10-06T02:00:00.0,0.0,0.0,0.0,0.0,1.0
2024-10-06T03:00:00.0,0.0,0.0,0.0,0.0,1.0
2024-10-06T04:00:00.0,0.0,0.0,0.0,0.0,1.0
2024-10-06T05:00:00.0,0.0,0.0,0.0,0.0,1.0
2024-10-06T06:00:00.0,0.1429,0.0,0.1429,0.0,0.9167
2024-10-06T07:00:00.0,12.2173,0.5513,11.666,3.0947,0.5917
2024-10-06T08:00:00.0,208.7414,131.0744,77.6669,506.8788,1.0
2024-10-06T09:00:00.0,253.0391,97.0556,155.9835,273.7595,1.0
2024-10-06T10:00:00.0,214.4561,37.4972,176.9589,80.0322,1.0
2024-10-06T11:00:00.0,178.7975,13.6928,165.1047,26.7775,1.0
2024-10-06T12:00:00.0,161.3581,0.5167,160.8414,0.9649,1.0
2024-10-06T13:00:00.0,180.2612,1.1295,179.1316,2.1792,1.0
2024-10-06T14:00:00.0,112.821,0.1912,112.6298,0.4518,1.0
2024-10-06T15:00:00.0,174.1238,20.1828,153.941,65.032,1.0
2024-10-06T16:00:00.0,107.7424,17.0678,90.6746,87.5431,1.0
2024-10-06T17:00:00.0,33.7753,5.9331,27.8422,59.9972,0.9583
2024-10-06T18:00:00.0,0.0,0.0,0.0,0.0,1.0
2024-10-06T19:00:00.0,0.0,0.0,0.0,0.0,1.0
2024-10-06T20:00:00.0,0.0,0.0,0.0,0.0,1.0
2024-10-06T21:00:00.0,0.0,0.0,0.0,0.0,1.0
2024-10-06T22:00:00.0,0.0,0.0,0.0,0.0,1.0
2024-10-06T23:00:00.0,0.0,0.0,0.0,0.0,1.0
2024-10-07T00:00:00.0,0.0,0.0,0.0,0.0,1.0
2024-10-07T01:00:00.0,0.0,0.0,0.0,0.0,1.0
2024-10-07T02:00:00.0,0.0,0.0,0.0,0.0,1.0
2024-10-07T03:00:00.0,0.0,0.0,0.0,0.0,1.0
2024-10-07T04:00:00.0,0.0,0.0,0.0,0.0,1.0
2024-10-07T05:00:00.0,0.0,0.0,0.0,0.0,1.0
2024-10-07T06:00:00.0,0.2296,0.0,0.2296,0.0,0.9333
2024-10-07T07:00:00.0,25.2771,0.0001,25.277,0.0011,0.5917
2024-10-07T08:00:00.0,28.2853,0.0,28.2853,0.0002,1.0
2024-10-07T09:00:00.0,113.5961,13.0066,100.5895,35.5965,1.0
2024-10-07T10:00:00.0,192.2471,9.0907,183.1564,20.5767,1.0
2024-10-07T11:00:00.0,150.9113,2.0646,148.8467,4.007,1.0
2024-10-07T12:00:00.0,247.4915,12.4617,235.0298,23.3658,1.0
2024-10-07T13:00:00.0,311.8755,60.2113,251.6642,119.6387,1.0
2024-10-07T14:00:00.0,244.9067,30.3051,214.6016,68.6492,1.0
2024-10-07T15:00:00.0,149.9021,11.3177,138.5843,31.0449,1.0
2024-10-07T16:00:00.0,95.8028,13.942,81.8608,88.0676,1.0
2024-10-07T17:00:00.0,34.4905,13.1257,21.3648,136.13,0.975
2024-10-07T18:00:00.0,0.0,0.0,0.0,0.0,1.0
2024-10-07T19:00:00.0,0.0,0.0,0.0,0.0,1.0
2024-10-07T20:00:00.0,0.0,0.0,0.0,0.0,1.0
2024-10-07T21:00:00.0,0.0,0.0,0.0,0.0,1.0
2024-10-07T22:00:00.0,0.0,0.0,0.0,0.0,1.0
2024-10-07T23:00:00.0,0.0,0.0,0.0,0.0,1.0
2024-10-08T00:00:00.0,0.0,0.0,0.0,0.0,1.0
2024-10-08T01:00:00.0,0.0,0.0,0.0,0.0,1.0
2024-10-08T02:00:00.0,0.0,0.0,0.0,0.0,1.0
2024-10-08T03:00:00.0,0.0,0.0,0.0,0.0,1.0
2024-10-08T04:00:00.0,0.0,0.0,0.0,0.0,1.0
2024-10-08T05:00:00.0,0.0,0.0,0.0,0.0,1.0
2024-10-08T06:00:00.0,0.3796,0.0135,0.3661,0.0,0.9417
2024-10-08T07:00:00.0,63.9759,32.4154,31.5605,272.3011,0.5917
2024-10-08T08:00:00.0,178.6522,103.5359,75.1163,445.4729,1.0
2024-10-08T09:00:00.0,163.2954,6.3106,156.9848,16.1231,1.0
2024-10-08T10:00:00.0,312.4789,111.1232,201.3556,239.5955,1.0
2024-10-08T11:00:00.0,331.6221,125.6706,205.9515,243.9394,1.0
2024-10-08T12:00:00.0,443.5533,267.0901,176.4633,507.6709,1.0
2024-10-08T13:00:00.0,480.3399,358.7298,121.6101,718.1157,1.0
2024-10-08T14:00:00.0,405.8207,298.9804,106.8403,692.5962,1.0
2024-10-08T15:00:00.0,302.1571,220.1732,81.9839,662.3383,1.0
2024-10-08T16:00:00.0,160.6301,101.8435,58.7867,493.4243,1.0
2024-10-08T17:00:00.0,18.1227,2.8654,15.2572,24.2179,0.9917
2024-10-08T18:00:00.0,0.0,0.0,0.0,0.0,1.0
2024-10-08T19:00:00.0,0.0,0.0,0.0,0.0,1.0
2024-10-08T20:00:00.0,0.0,0.0,0.0,0.0,1.0
2024-10-08T21:00:00.0,0.0,0.0,0.0,0.0,1.0
2024-10-08T22:00:00.0,0.0,0.0,0.0,0.0,1.0
2024-10-08T23:00:00.0,0.0,0.0,0.0,0.0,1.0
2024-10-09T00:00:00.0,0.0,0.0,0.0,0.0,1.0
2024-10-09T01:00:00.0,0.0,0.0,0.0,0.0,1.0
2024-10-09T02:00:00.0,0.0,0.0,0.0,0.0,1.0
2024-10-09T03:00:00.0,0.0,0.0,0.0,0.0,1.0
2024-10-09T04:00:00.0,0.0,0.0,0.0,0.0,1.0
2024-10-09T05:00:00.0,0.0,0.0,0.0,0.0,1.0
2024-10-09T06:00:00.0,0.0263,0.0,0.0263,0.0,0.9583
2024-10-09T07:00:00.0,7.7842,0.0,7.7842,0.0,0.5917
2024-10-09T08:00:00.0,20.5488,0.0,20.5488,0.0,1.0
2024-10-09T09:00:00.0,90.5796,0.0895,90.4901,0.2509,1.0
2024-10-09T10:00:00.0,77.6517,0.0016,77.6501,0.0037,1.0
2024-10-09T11:00:00.0,209.2196,14.4707,194.7489,28.1246,1.0
2024-10-09T12:00:00.0,247.1897,16.5942,230.5955,31.8465,1.0
2024-10-09T13:00:00.0,366.0201,162.7251,203.295,329.5414,1.0
2024-10-09T14:00:00.0,266.9098,71.7533,195.1565,170.2518,1.0
2024-10-09T15:00:00.0,229.568,99.8699,129.6982,319.4396,1.0
2024-10-09T16:00:00.0,149.4386,82.4753,66.9633,409.4638,1.0
2024-10-09T17:00:00.0,23.8914,4.4647,19.4267,55.0318,0.8917
2024-10-09T18:00:00.0,0.0,0.0,0.0,0.0,1.0
2024-10-09T19:00:00.0,0.0,0.0,0.0,0.0,1.0
2024-10-09T20:00:00.0,0.0,0.0,0.0,0.0,1.0
2024-10-09T21:00:00.0,0.0,0.0,0.0,0.0,1.0
2024-10-09T22:00:00.0,0.0,0.0,0.0,0.0,1.0
2024-10-09T23:00:00.0,0.0,0.0,0.0,0.0,1.0
2024-10-10T00:00:00.0,0.0,0.0,0.0,0.0,1.0
2024-10-10T01:00:00.0,0.0,0.0,0.0,0.0,1.0
2024-10-10T02:00:00.0,0.0,0.0,0.0,0.0,1.0
2024-10-10T03:00:00.0,0.0,0.0,0.0,0.0,1.0
2024-10-10T04:00:00.0,0.0,0.0,0.0,0.0,1.0
2024-10-10T05:00:00.0,0.0,0.0,0.0,0.0,1.0
2024-10-10T06:00:00.0,0.0952,0.0076,0.0876,0.0,0.975
2024-10-10T07:00:00.0,62.6239,39.6388,22.9851,372.3036,0.5917
2024-10-10T08:00:00.0,207.9343,160.2458,47.6885,682.7717,1.0
2024-10-10T09:00:00.0,323.5258,243.3074,80.2184,686.6088,1.0
2024-10-10T10:00:00.0,453.5049,376.5059,76.9989,842.7826,1.0
2024-10-10T11:00:00.0,519.9744,434.2987,85.6758,866.9897,1.0
2024-10-10T12:00:00.0,495.7549,366.093,129.662,710.9211,1.0
2024-10-10T13:00:00.0,488.0522,385.6222,102.43,787.3603,1.0
2024-10-10T14:00:00.0,349.54,208.8735,140.6665,497.2132,1.0
2024-10-10T15:00:00.0,271.8564,181.5075,90.3488,568.6719,1.0
2024-10-10T16:00:00.0,150.6568,95.2828,55.374,481.9685,1.0
2024-10-10T17:00:00.0,26.2243,12.071,14.1533,151.1865,0.9167
2024-10-10T18:00:00.0,0.0,0.0,0.0,0.0,1.0
2024-10-10T19:00:00.0,0.0,0.0,0.0,0.0,1.0
2024-10-10T20:00:00.0,0.0,0.0,0.0,0.0,1.0
2024-10-10T21:00:00.0,0.0,0.0,0.0,0.0,1.0
2024-10-10T22:00:00.0,0.0,0.0,0.0,0.0,1.0
2024-10-10T23:00:00.0,0.0,0.0,0.0,0.0,1.0
2024-10-11T00:00:00.0,0.0,0.0,0.0,0.0,1.0
2024-10-11T01:00:00.0,0.0,0.0,0.0,0.0,1.0
2024-10-11T02:00:00.0,0.0,0.0,0.0,0.0,1.0
2024-10-11T03:00:00.0,0.0,0.0,0.0,0.0,1.0
2024-10-11T04:00:00.0,0.0,0.0,0.0,0.0,1.0
2024-10-11T05:00:00.0,0.0,0.0,0.0,0.0,1.0
2024-10-11T06:00:00.0,0.0196,0.0015,0.0182,0.0,0.9917
2024-10-11T07:00:00.0,55.6931,30.6384,25.0547,287.5978,0.5917
2024-10-11T08:00:00.0,190.205,130.9093,59.2956,574.6016,1.0
2024-10-11T09:00:00.0,327.2893,252.1645,75.1248,716.1124,1.0
2024-10-11T10:00:00.0,444.5232,361.5576,82.9656,819.8616,1.0
2024-10-11T11:00:00.0,508.8632,417.0737,91.7895,841.6797,1.0
2024-10-11T12:00:00.0,525.1938,429.2146,95.9792,842.1469,1.0
2024-10-11T13:00:00.0,478.8222,373.4369,105.3853,771.9889,1.0
2024-10-11T14:00:00.0,350.1833,214.6927,135.4906,510.9643,1.0
2024-10-11T15:00:00.0,269.85,179.9291,89.9209,581.2139,1.0
2024-10-11T16:00:00.0,146.2307,92.1411,54.0896,487.8716,1.0
2024-10-11T17:00:00.0,22.1545,8.7182,13.4363,113.5079,0.925
2024-10-11T18:00:00.0,0.0,0.0,0.0,0.0,1.0
2024-10-11T19:00:00.0,0.0,0.0,0.0,0.0,1.0
2024-10-11T20:00:00.0,0.0,0.0,0.0,0.0,1.0
2024-10-11T21:00:00.0,0.0,0.0,0.0,0.0,1.0
2024-10-11T22:00:00.0,0.0,0.0,0.0,0.0,1.0
2024-10-11T23:00:00.0,0.0,0.0,0.0,0.0,1.0
2024-10-12T00:00:00.0,0.0,0.0,0.0,0.0,1.0
2024-10-12T01:00:00.0,0.0,0.0,0.0,0.0,1.0
2024-10-12T02:00:00.0,0.0,0.0,0.0,0.0,1.0
2024-10-12T03:00:00.0,0.0,0.0,0.0,0.0,1.0
2024-10-12T04:00:00.0,0.0,0.0,0.0,0.0,1.0
2024-10-12T05:00:00.0,0.0,0.0,0.0,0.0,1.0
2024-10-12T06:00:00.0,0.0,0.0,0.0,0.0,1.0
2024-10-12T07:00:00.0,52.2907,27.4245,24.8662,266.2249,0.5917
2024-10-12T08:00:00.0,192.8452,132.4139,60.4313,588.0101,1.0
2024-10-12T09:00:00.0,301.2405,201.1257,100.1148,575.043,1.0
2024-10-12T10:00:00.0,437.5203,348.0643,89.456,798.5957,1.0
2024-10-12T11:00:00.0,444.0285,290.1391,153.8894,596.7344,1.0
2024-10-12T12:00:00.0,283.8631,42.4442,241.4189,84.1993,1.0
2024-10-12T13:00:00.0,272.4114,47.2386,225.1727,99.5933,1.0
2024-10-12T14:00:00.0,302.5843,139.9973,162.5869,347.3329,1.0
2024-10-12T15:00:00.0,253.8001,151.0432,102.7569,504.6771,1.0
2024-10-12T16:00:00.0,141.0682,92.2648,48.8034,521.3334,1.0
2024-10-12T17:00:00.0,21.6923,10.7848,10.9075,151.5995,0.9417
2024-10-12T18:00:00.0,0.0,0.0,0.0,0.0,1.0
2024-10-12T19:00:00.0,0.0,0.0,0.0,0.0,1.0
2024-10-12T20:00:00.0,0.0,0.0,0.0,0.0,1.0
2024-10-12T21:00:00.0,0.0,0.0,0.0,0.0,1.0
2024-10-12T22:00:00.0,0.0,0.0,0.0,0.0,1.0
2024-10-12T23:00:00.0,0.0,0.0,0.0,0.0,1.0
2024-10-13T00:00:00.0,0.0,0.0,0.0,0.0,1.0
2024-10-13T01:00:00.0,0.0,0.0,0.0,0.0,1.0
2024-10-13T02:00:00.0,0.0,0.0,0.0,0.0,1.0
2024-10-13T03:00:00.0,0.0,0.0,0.0,0.0,1.0
2024-10-13T04:00:00.0,0.0,0.0,0.0,0.0,1.0
2024-10-13T05:00:00.0,0.0,0.0,0.0,0.0,1.0
2024-10-13T06:00:00.0,0.0,0.0,0.0,0.0,1.0
2024-10-13T07:00:00.0,16.2917,0.0,16.2917,0.0,0.5167
2024-10-13T08:00:00.0,44.439,0.0096,44.4294,0.0392,0.9667
2024-10-13T09:00:00.0,74.4427,0.0007,74.442,0.002,1.0
2024-10-13T10:00:00.0,108.0165,0.0184,107.9981,0.0409,1.0
2024-10-13T11:00:00.0,86.3832,0.0133,86.3699,0.0281,1.0
2024-10-13T12:00:00.0,96.4589,0.0012,96.4577,0.0024,1.0
2024-10-13T13:00:00.0,116.5681,0.0377,116.5305,0.0814,1.0
2024-10-13T14:00:00.0,96.3947,0.0194,96.3753,0.045,1.0
2024-10-13T15:00:00.0,95.7908,0.6239,95.1669,2.0175,1.0
2024-10-13T16:00:00.0,47.2422,0.6728,46.5694,5.6779,1.0
2024-10-13T17:00:00.0,15.1123,3.0477,12.0646,45.0625,0.9583
2024-10-13T18:00:00.0,0.0,0.0,0.0,0.0,1.0
2024-10-13T19:00:00.0,0.0,0.0,0.0,0.0,1.0
2024-10-13T20:00:00.0,0.0,0.0,0.0,0.0,1.0
2024-10-13T21:00:00.0,0.0,0.0,0.0,0.0,1.0
2024-10-13T22:00:00.0,0.0,0.0,0.0,0.0,1.0
2024-10-13T23:00:00.0,0.0,0.0,0.0,0.0,1.0
2024-10-14T00:00:00.0,0.0,0.0,0.0,0.0,1.0
2024-10-14T01:00:00.0,0.0,0.0,0.0,0.0,1.0
2024-10-14T02:00:00.0,0.0,0.0,0.0,0.0,1.0
2024-10-14T03:00:00.0,0.0,0.0,0.0,0.0,1.0
2024-10-14T04:00:00.0,0.0,0.0,0.0,0.0,1.0
2024-10-14T05:00:00.0,0.0,0.0,0.0,0.0,1.0
2024-10-14T06:00:00.0,0.0,0.0,0.0,0.0,1.0
2024-10-14T07:00:00.0,5.3075,0.0,5.3075,0.0,0.5333
2024-10-14T08:00:00.0,18.9812,0.0,18.9812,0.0,0.9667
2024-10-14T09:00:00.0,31.4298,0.0,31.4298,0.0,1.0
2024-10-14T10:00:00.0,122.2415,0.7292,121.5123,1.7208,1.0
2024-10-14T11:00:00.0,143.395,0.2593,143.1356,0.5319,1.0
2024-10-14T12:00:00.0,178.2159,1.2821,176.9337,2.594,1.0
2024-10-14T13:00:00.0,125.0027,0.0337,124.969,0.0718,1.0
2024-10-14T14:00:00.0,127.2309,0.2179,127.013,0.5626,1.0
2024-10-14T15:00:00.0,121.5378,2.1935,119.3442,8.5144,1.0
2024-10-14T16:00:00.0,84.2287,14.9048,69.3239,99.9322,1.0
2024-10-14T17:00:00.0,13.0948,1.9815,11.1133,29.7679,0.9833
2024-10-14T18:00:00.0,0.0,0.0,0.0,0.0,1.0
2024-10-14T19:00:00.0,0.0,0.0,0.0,0.0,1.0
2024-10-14T20:00:00.0,0.0,0.0,0.0,0.0,1.0
2024-10-14T21:00:00.0,0.0,0.0,0.0,0.0,1.0
2024-10-14T22:00:00.0,0.0,0.0,0.0,0.0,1.0
2024-10-14T23:00:00.0,0.0,0.0,0.0,0.0,1.0
2024-10-15T00:00:00.0,0.0,0.0,0.0,0.0,1.0
2024-10-15T01:00:00.0,0.0,0.0,0.0,0.0,1.0
2024-10-15T02:00:00.0,0.0,0.0,0.0,0.0,1.0
2024-10-15T03:00:00.0,0.0,0.0,0.0,0.0,1.0
2024-10-15T04:00:00.0,0.0,0.0,0.0,0.0,1.0
2024-10-15T05:00:00.0,0.0,0.0,0.0,0.0,1.0
2024-10-15T06:00:00.0,0.0,0.0,0.0,0.0,1.0
2024-10-15T07:00:00.0,4.5563,0.0,4.5563,0.0,0.5417
2024-10-15T08:00:00.0,17.4229,0.0,17.4229,0.0,0.9667
2024-10-15T09:00:00.0,25.3593,0.0,25.3593,0.0,1.0
2024-10-15T10:00:00.0,59.3847,0.0004,59.3843,0.0008,1.0
2024-10-15T11:00:00.0,60.7107,0.0002,60.7105,0.0005,1.0
2024-10-15T12:00:00.0,65.7855,0.0003,65.7852,0.0007,1.0
2024-10-15T13:00:00.0,67.7087,0.002,67.7067,0.0043,1.0
2024-10-15T14:00:00.0,31.146,0.0,31.146,0.0,1.0
2024-10-15T15:00:00.0,57.0098,0.0556,56.9542,0.1874,1.0
2024-10-15T16:00:00.0,51.1443,0.2121,50.9322,2.0243,1.0
2024-10-15T17:00:00.0,10.175,0.67,9.505,12.593,1.0
2024-10-15T18:00:00.0,0.0,0.0,0.0,0.0,1.0
2024-10-15T19:00:00.0,0.0,0.0,0.0,0.0,1.0
2024-10-15T20:00:00.0,0.0,0.0,0.0,0.0,1.0
2024-10-15T21:00:00.0,0.0,0.0,0.0,0.0,1.0
2024-10-15T22:00:00.0,0.0,0.0,0.0,0.0,1.0
2024-10-15T23:00:00.0,0.0,0.0,0.0,0.0,1.0
2024-10-16T00:00:00.0,0.0,0.0,0.0,0.0,1.0
2024-10-16T01:00:00.0,0.0,0.0,0.0,0.0,1.0
2024-10-16T02:00:00.0,0.0,0.0,0.0,0.0,1.0
2024-10-16T03:00:00.0,0.0,0.0,0.0,0.0,1.0
2024-10-16T04:00:00.0,0.0,0.0,0.0,0.0,1.0
2024-10-16T05:00:00.0,0.0,0.0,0.0,0.0,1.0
2024-10-16T06:00:00.0,0.0,0.0,0.0,0.0,1.0
2024-10-16T07:00:00.0,4.1871,0.0,4.1871,0.0,0.5583
2024-10-16T08:00:00.0,17.4396,0.0,17.4396,0.0,0.9667
2024-10-16T09:00:00.0,25.6741,0.0,25.6741,0.0,1.0
2024-10-16T10:00:00.0,112.9291,1.6629,111.2662,3.7617,1.0
2024-10-16T11:00:00.0,322.7599,73.6333,249.1266,156.8314,0.875
2024-10-16T12:00:00.0,339.946,78.2686,261.6775,162.6055,1.0
2024-10-16T13:00:00.0,283.7797,64.4839,219.2958,139.1511,1.0
2024-10-16T14:00:00.0,250.1137,116.7369,133.3768,321.8517,1.0
2024-10-16T15:00:00.0,236.93,149.6418,87.2881,513.2905,1.0
2024-10-16T16:00:00.0,90.8913,13.4596,77.4318,77.9885,1.0
2024-10-16T17:00:00.0,9.5471,0.3374,9.2096,5.16,0.8917
2024-10-16T18:00:00.0,0.0,0.0,0.0,0.0,1.0
2024-10-16T19:00:00.0,0.0,0.0,0.0,0.0,1.0
2024-10-16T20:00:00.0,0.0,0.0,0.0,0.0,1.0
2024-10-16T21:00:00.0,0.0,0.0,0.0,0.0,1.0
2024-10-16T22:00:00.0,0.0,0.0,0.0,0.0,1.0
2024-10-16T23:00:00.0,0.0,0.0,0.0,0.0,1.0
2024-10-17T00:00:00.0,0.0,0.0,0.0,0.0,1.0
2024-10-17T01:00:00.0,0.0,0.0,0.0,0.0,1.0
2024-10-17T02:00:00.0,0.0,0.0,0.0,0.0,1.0
2024-10-17T03:00:00.0,0.0,0.0,0.0,0.0,1.0
2024-10-17T04:00:00.0,0.0,0.0,0.0,0.0,1.0
2024-10-17T05:00:00.0,0.0,0.0,0.0,0.0,1.0
2024-10-17T06:00:00.0,0.0,0.0,0.0,0.0,1.0
2024-10-17T07:00:00.0,33.9791,14.1221,19.857,151.8909,0.575
2024-10-17T08:00:00.0,164.9288,110.8936,54.0353,545.362,0.9667
2024-10-17T09:00:00.0,298.8245,228.638,70.1866,714.5934,1.0
2024-10-17T10:00:00.0,342.2212,216.2067,126.0145,540.6144,1.0
2024-10-17T11:00:00.0,384.563,229.5977,154.9653,493.1776,1.0
2024-10-17T12:00:00.0,221.5463,16.0428,205.5035,33.6254,1.0
2024-10-17T13:00:00.0,302.1216,125.3442,176.7774,283.4172,1.0
2024-10-17T14:00:00.0,324.8455,212.3655,112.48,568.0413,1.0
2024-10-17T15:00:00.0,245.3252,174.9185,70.4067,612.6115,1.0
2024-10-17T16:00:00.0,111.9818,67.9236,44.0582,447.0029,1.0
2024-10-17T17:00:00.0,9.6134,3.304,6.3093,60.4856,0.9083
2024-10-17T18:00:00.0,0.0,0.0,0.0,0.0,1.0
2024-10-17T19:00:00.0,0.0,0.0,0.0,0.0,1.0
2024-10-17T20:00:00.0,0.0,0.0,0.0,0.0,1.0
2024-10-17T21:00:00.0,0.0,0.0,0.0,0.0,1.0
2024-10-17T22:00:00.0,0.0,0.0,0.0,0.0,1.0
2024-10-17T23:00:00.0,0.0,0.0,0.0,0.0,1.0
2024-10-18T00:00:00.0,0.0,0.0,0.0,0.0,1.0
2024-10-18T01:00:00.0,0.0,0.0,0.0,0.0,1.0
2024-10-18T02:00:00.0,0.0,0.0,0.0,0.0,1.0
2024-10-18T03:00:00.0,0.0,0.0,0.0,0.0,1.0
2024-10-18T04:00:00.0,0.0,0.0,0.0,0.0,1.0
2024-10-18T05:00:00.0,0.0,0.0,0.0,0.0,1.0
2024-10-18T06:00:00.0,0.0,0.0,0.0,0.0,1.0
2024-10-18T07:00:00.0,3.39,0.0,3.39,0.0,0.5917
2024-10-18T08:00:00.0,14.8968,0.0,14.8968,0.0,0.9667
2024-10-18T09:00:00.0,28.9269,0.0003,28.9266,0.0009,1.0
2024-10-18T10:00:00.0,82.2134,0.0183,82.1951,0.047,1.0
2024-10-18T11:00:00.0,78.7148,0.0017,78.713,0.0039,1.0
2024-10-18T12:00:00.0,56.3879,0.0,56.3879,0.0,1.0
2024-10-18T13:00:00.0,112.5479,0.1173,112.4306,0.2739,1.0
2024-10-18T14:00:00.0,87.4006,1.2993,86.1013,3.8337,1.0
2024-10-18T15:00:00.0,135.1933,10.0026,125.1907,33.4423,1.0
2024-10-18T16:00:00.0,56.2126,1.9525,54.2602,22.1938,1.0
2024-10-18T17:00:00.0,7.4662,1.2754,6.1908,24.5347,0.925
2024-10-18T18:00:00.0,0.0,0.0,0.0,0.0,1.0
2024-10-18T19:00:00.0,0.0,0.0,0.0,0.0,1.0
2024-10-18T20:00:00.0,0.0,0.0,0.0,0.0,1.0
2024-10-18T21:00:00.0,0.0,0.0,0.0,0.0,1.0
2024-10-18T22:00:00.0,0.0,0.0,0.0,0.0,1.0
2024-10-18T23:00:00.0,0.0,0.0,0.0,0.0,1.0
2024-10-19T00:00:00.0,0.0,0.0,0.0,0.0,1.0
2024-10-19T01:00:00.0,0.0,0.0,0.0,0.0,1.0
2024-10-19T02:00:00.0,0.0,0.0,0.0,0.0,1.0
2024-10-19T03:00:00.0,0.0,0.0,0.0,0.0,1.0
2024-10-19T04:00:00.0,0.0,0.0,0.0,0.0,1.0
2024-10-19T05:00:00.0,0.0,0.0,0.0,0.0,1.0
2024-10-19T06:00:00.0,0.0,0.0,0.0,0.0,1.0
2024-10-19T07:00:00.0,26.3386,8.1956,18.143,93.7221,0.6083
2024-10-19T08:00:00.0,150.4165,91.1763,59.2402,464.0086,0.9667
2024-10-19T09:00:00.0,278.7119,195.4981,83.2138,624.3597,1.0
2024-10-19T10:00:00.0,393.5956,304.1932,89.4024,762.2249,1.0
2024-10-19T11:00:00.0,410.137,278.0249,132.1121,619.0324,1.0
2024-10-19T12:00:00.0,359.8572,150.0257,209.8315,322.5987,1.0
2024-10-19T13:00:00.0,323.5602,90.5694,232.9908,206.0135,1.0
2024-10-19T14:00:00.0,248.1705,43.4901,204.6804,117.1161,1.0
2024-10-19T15:00:00.0,175.9811,36.4903,139.4908,141.0955,1.0
2024-10-19T16:00:00.0,81.6285,14.1235,67.505,95.3019,1.0
2024-10-19T17:00:00.0,5.6339,0.5215,5.1123,10.8816,0.9417
2024-10-19T18:00:00.0,0.0,0.0,0.0,0.0,1.0
2024-10-19T19:00:00.0,0.0,0.0,0.0,0.0,1.0
2024-10-19T20:00:00.0,0.0,0.0,0.0,0.0,1.0
2024-10-19T21:00:00.0,0.0,0.0,0.0,0.0,1.0
2024-10-19T22:00:00.0,0.0,0.0,0.0,0.0,1.0
2024-10-19T23:00:00.0,0.0,0.0,0.0,0.0,1.0
2024-10-20T00:00:00.0,0.0,0.0,0.0,0.0,1.0
2024-10-20T01:00:00.0,0.0,0.0,0.0,0.0,1.0
2024-10-20T02:00:00.0,0.0,0.0,0.0,0.0,1.0
2024-10-20T03:00:00.0,0.0,0.0,0.0,0.0,1.0
2024-10-20T04:00:00.0,0.0,0.0,0.0,0.0,1.0
2024-10-20T05:00:00.0,0.0,0.0,0.0,0.0,1.0
2024-10-20T06:00:00.0,0.0,0.0,0.0,0.0,1.0
2024-10-20T07:00:00.0,2.8642,0.0,2.8642,0.0,0.6167
2024-10-20T08:00:00.0,68.6611,22.3619,46.2992,95.2689,0.8417
2024-10-20T09:00:00.0,122.1116,48.0606,74.0511,178.6335,1.0
2024-10-20T10:00:00.0,158.9987,27.9124,131.0863,73.5227,1.0
2024-10-20T11:00:00.0,173.8667,5.7496,168.1171,12.9644,1.0
2024-10-20T12:00:00.0,192.7572,11.1689,181.5883,24.5118,1.0
2024-10-20T13:00:00.0,226.5321,42.9754,183.5567,98.6386,1.0
2024-10-20T14:00:00.0,130.7589,0.3901,130.3688,1.0727,1.0
2024-10-20T15:00:00.0,149.6042,43.8913,105.7128,190.035,1.0
2024-10-20T16:00:00.0,90.2634,36.3838,53.8796,249.9619,1.0
2024-10-20T17:00:00.0,4.7653,0.3079,4.4575,6.102,0.9583
2024-10-20T18:00:00.0,0.0,0.0,0.0,0.0,1.0
2024-10-20T19:00:00.0,0.0,0.0,0.0,0.0,1.0
2024-10-20T20:00:00.0,0.0,0.0,0.0,0.0,1.0
2024-10-20T21:00:00.0,0.0,0.0,0.0,0.0,1.0
2024-10-20T22:00:00.0,0.0,0.0,0.0,0.0,1.0
2024-10-20T23:00:00.0,0.0,0.0,0.0,0.0,1.0
2024-10-21T00:00:00.0,0.0,0.0,0.0,0.0,1.0
2024-10-21T01:00:00.0,0.0,0.0,0.0,0.0,1.0
2024-10-21T02:00:00.0,0.0,0.0,0.0,0.0,1.0
2024-10-21T03:00:00.0,0.0,0.0,0.0,0.0,1.0
2024-10-21T04:00:00.0,0.0,0.0,0.0,0.0,1.0
2024-10-21T05:00:00.0,0.0,0.0,0.0,0.0,1.0
2024-10-21T06:00:00.0,0.0,0.0,0.0,0.0,1.0
2024-10-21T07:00:00.0,24.0615,9.1356,14.9259,114.354,0.6333
2024-10-21T08:00:00.0,146.6861,93.46,53.2261,506.5924,0.8417
2024-10-21T09:00:00.0,279.169,205.261,73.908,684.2043,1.0
2024-10-21T10:00:00.0,368.7144,271.9764,96.738,703.6842,1.0
2024-10-21T11:00:00.0,437.2576,336.6955,100.5621,762.559,1.0
2024-10-21T12:00:00.0,439.589,324.3032,115.2858,714.2532,1.0
2024-10-21T13:00:00.0,300.9967,81.1463,219.8504,189.1631,1.0
2024-10-21T14:00:00.0,216.0847,34.409,181.6757,93.1714,1.0
2024-10-21T15:00:00.0,114.9263,4.5839,110.3424,15.7467,1.0
2024-10-21T16:00:00.0,50.0948,0.7019,49.3929,5.9811,1.0
2024-10-21T17:00:00.0,3.532,0.1426,3.3894,3.4479,0.9833
2024-10-21T18:00:00.0,0.0,0.0,0.0,0.0,1.0
2024-10-21T19:00:00.0,0.0,0.0,0.0,0.0,1.0
2024-10-21T20:00:00.0,0.0,0.0,0.0,0.0,1.0
2024-10-21T21:00:00.0,0.0,0.0,0.0,0.0,1.0
2024-10-21T22:00:00.0,0.0,0.0,0.0,0.0,1.0
2024-10-21T23:00:00.0,0.0,0.0,0.0,0.0,1.0
2024-10-22T00:00:00.0,0.0,0.0,0.0,0.0,1.0
2024-10-22T01:00:00.0,0.0,0.0,0.0,0.0,1.0
2024-10-22T02:00:00.0,0.0,0.0,0.0,0.0,1.0
2024-10-22T03:00:00.0,0.0,0.0,0.0,0.0,1.0
2024-10-22T04:00:00.0,0.0,0.0,0.0,0.0,1.0
2024-10-22T05:00:00.0,0.0,0.0,0.0,0.0,1.0
2024-10-22T06:00:00.0,0.0,0.0,0.0,0.0,1.0
2024-10-22T07:00:00.0,2.5587,0.0,2.5587,0.0,0.65
2024-10-22T08:00:00.0,45.2081,0.8317,44.3764,3.6871,0.8417
2024-10-22T09:00:00.0,94.7256,5.0882,89.6375,17.6126,1.0
2024-10-22T10:00:00.0,219.9023,36.7495,183.1528,97.8681,1.0
2024-10-22T11:00:00.0,250.1764,35.4717,214.7047,80.9197,1.0
2024-10-22T12:00:00.0,398.3892,251.9228,146.4665,562.8672,1.0
2024-10-22T13:00:00.0,382.4935,258.8441,123.6494,613.2347,1.0
2024-10-22T14:00:00.0,271.9788,145.1519,126.827,407.4565,1.0
2024-10-22T15:00:00.0,140.1772,22.189,117.9882,91.693,1.0
2024-10-22T16:00:00.0,83.2305,42.4115,40.819,329.758,1.0
2024-10-22T17:00:00.0,3.2458,0.5199,2.7259,13.3406,1.0
2024-10-22T18:00:00.0,0.0,0.0,0.0,0.0,1.0
2024-10-22T19:00:00.0,0.0,0.0,0.0,0.0,1.0
2024-10-22T20:00:00.0,0.0,0.0,0.0,0.0,1.0
2024-10-22T21:00:00.0,0.0,0.0,0.0,0.0,1.0
2024-10-22T22:00:00.0,0.0,0.0,0.0,0.0,1.0
2024-10-22T23:00:00.0,0.0,0.0,0.0,0.0,1.0
2024-10-23T00:00:00.0,0.0,0.0,0.0,0.0,1.0
2024-10-23T01:00:00.0,0.0,0.0,0.0,0.0,1.0
2024-10-23T02:00:00.0,0.0,0.0,0.0,0.0,1.0
2024-10-23T03:00:00.0,0.0,0.0,0.0,0.0,1.0
2024-10-23T04:00:00.0,0.0,0.0,0.0,0.0,1.0
2024-10-23T05:00:00.0,0.0,0.0,0.0,0.0,1.0
2024-10-23T06:00:00.0,0.0,0.0,0.0,0.0,1.0
2024-10-23T07:00:00.0,10.3404,0.0015,10.3389,0.0207,0.6667
2024-10-23T08:00:00.0,65.044,0.1296,64.9143,0.6091,0.8417
2024-10-23T09:00:00.0,151.5722,18.695,132.8772,59.4123,1.0
2024-10-23T10:00:00.0,178.4539,12.4493,166.0046,34.869,1.0
2024-10-23T11:00:00.0,218.301,23.1915,195.1095,53.9096,1.0
2024-10-23T12:00:00.0,241.7105,19.0115,222.6989,43.0666,1.0
2024-10-23T13:00:00.0,253.4663,25.7899,227.6764,61.7015,1.0
2024-10-23T14:00:00.0,210.2367,21.9104,188.3263,63.7381,1.0
2024-10-23T15:00:00.0,136.6821,11.546,125.1361,44.2488,1.0
2024-10-23T16:00:00.0,53.5683,1.8752,51.693,20.1681,1.0
2024-10-23T17:00:00.0,2.2457,0.1009,2.1449,2.845,0.8917
2024-10-23T18:00:00.0,0.0,0.0,0.0,0.0,1.0
2024-10-23T19:00:00.0,0.0,0.0,0.0,0.0,1.0
2024-10-23T20:00:00.0,0.0,0.0,0.0,0.0,1.0
2024-10-23T21:00:00.0,0.0,0.0,0.0,0.0,1.0
2024-10-23T22:00:00.0,0.0,0.0,0.0,0.0,1.0
2024-10-23T23:00:00.0,0.0,0.0,0.0,0.0,1.0
2024-10-24T00:00:00.0,0.0,0.0,0.0,0.0,1.0
2024-10-24T01:00:00.0,0.0,0.0,0.0,0.0,1.0
2024-10-24T02:00:00.0,0.0,0.0,0.0,0.0,1.0
2024-10-24T03:00:00.0,0.0,0.0,0.0,0.0,1.0
2024-10-24T04:00:00.0,0.0,0.0,0.0,0.0,1.0
2024-10-24T05:00:00.0,0.0,0.0,0.0,0.0,1.0
2024-10-24T06:00:00.0,0.0,0.0,0.0,0.0,1.0
2024-10-24T07:00:00.0,1.9523,0.0,1.9523,0.0,0.675
2024-10-24T08:00:00.0,13.5385,0.0,13.5385,0.0,0.8417
2024-10-24T09:00:00.0,21.8097,0.0,21.8097,0.0,1.0
2024-10-24T10:00:00.0,30.7785,0.0,30.7785,0.0,1.0
2024-10-24T11:00:00.0,59.1083,0.0017,59.1066,0.0039,1.0
2024-10-24T12:00:00.0,41.6893,0.0,41.6893,0.0,1.0
2024-10-24T13:00:00.0,98.4422,0.3037,98.1385,0.7861,1.0
2024-10-24T14:00:00.0,176.7228,9.6784,167.0445,27.8469,1.0
2024-10-24T15:00:00.0,121.4707,4.1731,117.2976,17.1472,1.0
2024-10-24T16:00:00.0,51.5792,3.3299,48.2493,36.548,1.0
2024-10-24T17:00:00.0,1.5842,0.0522,1.532,1.4998,0.9083
2024-10-24T18:00:00.0,0.0,0.0,0.0,0.0,1.0
2024-10-24T19:00:00.0,0.0,0.0,0.0,0.0,1.0
2024-10-24T20:00:00.0,0.0,0.0,0.0,0.0,1.0
2024-10-24T21:00:00.0,0.0,0.0,0.0,0.0,1.0
2024-10-24T22:00:00.0,0.0,0.0,0.0,0.0,1.0
2024-10-24T23:00:00.0,0.0,0.0,0.0,0.0,1.0
2024-10-25T00:00:00.0,0.0,0.0,0.0,0.0,1.0
2024-10-25T01:00:00.0,0.0,0.0,0.0,0.0,1.0
2024-10-25T02:00:00.0,0.0,0.0,0.0,0.0,1.0
2024-10-25T03:00:00.0,0.0,0.0,0.0,0.0,1.0
2024-10-25T04:00:00.0,0.0,0.0,0.0,0.0,1.0
2024-10-25T05:00:00.0,0.0,0.0,0.0,0.0,1.0
2024-10-25T06:00:00.0,0.0,0.0,0.0,0.0,1.0
2024-10-25T07:00:00.0,1.8192,0.0,1.8192,0.0,0.6917
2024-10-25T08:00:00.0,14.5518,0.3128,14.239,1.4152,0.8417
2024-10-25T09:00:00.0,57.9964,13.4561,44.5403,54.3373,1.0
2024-10-25T10:00:00.0,138.1346,7.792,130.3426,22.4614,1.0
2024-10-25T11:00:00.0,180.2994,15.9198,164.3796,37.5598,1.0
2024-10-25T12:00:00.0,242.2163,26.3011,215.9152,60.9204,1.0
2024-10-25T13:00:00.0,111.4967,3.1953,108.3014,7.5836,1.0
2024-10-25T14:00:00.0,85.2483,1.1301,84.1182,3.8581,1.0
2024-10-25T15:00:00.0,182.0764,99.5186,82.5579,428.2654,1.0
2024-10-25T16:00:00.0,66.8332,24.2003,42.6328,190.9523,1.0
2024-10-25T17:00:00.0,1.2293,0.005,1.2243,0.0801,0.925
2024-10-25T18:00:00.0,0.0,0.0,0.0,0.0,1.0
2024-10-25T19:00:00.0,0.0,0.0,0.0,0.0,1.0
2024-10-25T20:00:00.0,0.0,0.0,0.0,0.0,1.0
2024-10-25T21:00:00.0,0.0,0.0,0.0,0.0,1.0
2024-10-25T22:00:00.0,0.0,0.0,0.0,0.0,1.0
2024-10-25T23:00:00.0,0.0,0.0,0.0,0.0,1.0
2024-10-26T00:00:00.0,0.0,0.0,0.0,0.0,1.0
2024-10-26T01:00:00.0,0.0,0.0,0.0,0.0,1.0
2024-10-26T02:00:00.0,0.0,0.0,0.0,0.0,1.0
2024-10-26T03:00:00.0,0.0,0.0,0.0,0.0,1.0
2024-10-26T04:00:00.0,0.0,0.0,0.0,0.0,1.0
2024-10-26T05:00:00.0,0.0,0.0,0.0,0.0,1.0
2024-10-26T06:00:00.0,0.0,0.0,0.0,0.0,1.0
2024-10-26T07:00:00.0,1.7572,0.0,1.7572,0.0,0.7083
2024-10-26T08:00:00.0,37.6592,0.0915,37.5677,0.446,0.8417
2024-10-26T09:00:00.0,44.5431,0.0587,44.4844,0.255,1.0
2024-10-26T10:00:00.0,131.6715,9.6103,122.0612,24.9257,1.0
2024-10-26T11:00:00.0,289.4877,60.2361,229.2516,145.3636,1.0
2024-10-26T12:00:00.0,208.3086,23.3103,184.9983,54.4181,1.0
2024-10-26T13:00:00.0,188.6016,8.6189,179.9827,22.3501,1.0
2024-10-26T14:00:00.0,188.6408,13.0919,175.5488,39.0105,1.0
2024-10-26T15:00:00.0,113.9651,8.4622,105.5029,34.0509,1.0
2024-10-26T16:00:00.0,58.4181,22.6731,35.745,178.4946,1.0
2024-10-26T17:00:00.0,0.7723,0.0001,0.7722,0.0018,0.95
2024-10-26T18:00:00.0,0.0,0.0,0.0,0.0,1.0
2024-10-26T19:00:00.0,0.0,0.0,0.0,0.0,1.0
2024-10-26T20:00:00.0,0.0,0.0,0.0,0.0,1.0
2024-10-26T21:00:00.0,0.0,0.0,0.0,0.0,1.0
2024-10-26T22:00:00.0,0.0,0.0,0.0,0.0,1.0
2024-10-26T23:00:00.0,0.0,0.0,0.0,0.0,1.0
2024-10-27T00:00:00.0,0.0,0.0,0.0,0.0,1.0
2024-10-27T01:00:00.0,0.0,0.0,0.0,0.0,1.0
2024-10-27T02:00:00.0,0.0,0.0,0.0,0.0,1.0
2024-10-27T03:00:00.0,0.0,0.0,0.0,0.0,1.0
2024-10-27T04:00:00.0,0.0,0.0,0.0,0.0,1.0
2024-10-27T05:00:00.0,0.0,0.0,0.0,0.0,1.0
2024-10-27T06:00:00.0,0.0,0.0,0.0,0.0,1.0
2024-10-27T07:00:00.0,1.5529,0.0,1.5529,0.0,0.725
2024-10-27T08:00:00.0,14.1622,0.0,14.1622,0.0,0.7167
2024-10-27T09:00:00.0,40.9815,0.0377,40.9438,0.1222,1.0
2024-10-27T10:00:00.0,62.3149,0.0169,62.298,0.0519,1.0
2024-10-27T11:00:00.0,68.6449,0.0012,68.6437,0.0029,1.0
2024-10-27T12:00:00.0,65.6833,0.0001,65.6832,0.0002,1.0
2024-10-27T13:00:00.0,97.0497,0.0123,97.0374,0.0326,1.0
2024-10-27T14:00:00.0,71.1251,0.0429,71.0822,0.1501,1.0
2024-10-27T15:00:00.0,103.74,2.4449,101.2951,10.7549,1.0
2024-10-27T16:00:00.0,49.1322,5.6743,43.4579,66.2567,1.0
2024-10-27T17:00:00.0,0.5363,0.0103,0.526,0.1744,0.9583
2024-10-27T18:00:00.0,0.0,0.0,0.0,0.0,1.0
2024-10-27T19:00:00.0,0.0,0.0,0.0,0.0,1.0
2024-10-27T20:00:00.0,0.0,0.0,0.0,0.0,1.0
2024-10-27T21:00:00.0,0.0,0.0,0.0,0.0,1.0
2024-10-27T22:00:00.0,0.0,0.0,0.0,0.0,1.0
2024-10-27T23:00:00.0,0.0,0.0,0.0,0.0,1.0
2024-10-28T00:00:00.0,0.0,0.0,0.0,0.0,1.0
2024-10-28T01:00:00.0,0.0,0.0,0.0,0.0,1.0
2024-10-28T02:00:00.0,0.0,0.0,0.0,0.0,1.0
2024-10-28T03:00:00.0,0.0,0.0,0.0,0.0,1.0
2024-10-28T04:00:00.0,0.0,0.0,0.0,0.0,1.0
2024-10-28T05:00:00.0,0.0,0.0,0.0,0.0,1.0
2024-10-28T06:00:00.0,0.0,0.0,0.0,0.0,1.0
2024-10-28T07:00:00.0,1.2631,0.0,1.2631,0.0,0.7417
2024-10-28T08:00:00.0,12.8569,0.0,12.8569,0.0,0.7167
2024-10-28T09:00:00.0,93.3463,21.9617,71.3847,77.103,1.0
2024-10-28T10:00:00.0,154.8945,12.0754,142.8191,34.7188,1.0
2024-10-28T11:00:00.0,80.7938,0.0444,80.7494,0.107,1.0
2024-10-28T12:00:00.0,203.2038,14.5863,188.6174,35.2229,1.0
2024-10-28T13:00:00.0,223.6914,40.7494,182.942,104.8043,1.0
2024-10-28T14:00:00.0,200.7726,87.1153,113.6574,292.4787,1.0
2024-10-28T15:00:00.0,184.5874,119.9267,64.6607,542.8582,1.0
2024-10-28T16:00:00.0,58.2427,26.7953,31.4474,242.9893,1.0
2024-10-28T17:00:00.0,0.3403,0.0069,0.3334,0.0,0.975
2024-10-28T18:00:00.0,0.0,0.0,0.0,0.0,1.0
2024-10-28T19:00:00.0,0.0,0.0,0.0,0.0,1.0
2024-10-28T20:00:00.0,0.0,0.0,0.0,0.0,1.0
2024-10-28T21:00:00.0,0.0,0.0,0.0,0.0,1.0
2024-10-28T22:00:00.0,0.0,0.0,0.0,0.0,1.0
2024-10-28T23:00:00.0,0.0,0.0,0.0,0.0,1.0
2024-10-29T00:00:00.0,0.0,0.0,0.0,0.0,1.0
2024-10-29T01:00:00.0,0.0,0.0,0.0,0.0,1.0
2024-10-29T02:00:00.0,0.0,0.0,0.0,0.0,1.0
2024-10-29T03:00:00.0,0.0,0.0,0.0,0.0,1.0
2024-10-29T04:00:00.0,0.0,0.0,0.0,0.0,1.0
2024-10-29T05:00:00.0,0.0,0.0,0.0,0.0,1.0
2024-10-29T06:00:00.0,0.0,0.0,0.0,0.0,1.0
2024-10-29T07:00:00.0,9.3164,3.2167,6.0998,60.3079,0.75
2024-10-29T08:00:00.0,105.6068,66.5674,39.0394,450.8685,0.7167
2024-10-29T09:00:00.0,174.8086,87.3181,87.4905,365.455,1.0
2024-10-29T10:00:00.0,180.6046,16.3391,164.2656,47.3629,1.0
2024-10-29T11:00:00.0,236.2184,48.9441,187.2743,121.4222,1.0
2024-10-29T12:00:00.0,181.4467,12.2222,169.2245,29.6352,1.0
2024-10-29T13:00:00.0,188.6001,17.2642,171.3359,46.6113,1.0
2024-10-29T14:00:00.0,143.4646,6.9043,136.5603,22.2961,1.0
2024-10-29T15:00:00.0,106.5317,9.7239,96.8078,45.1498,1.0
2024-10-29T16:00:00.0,46.5468,9.349,37.1979,107.4417,1.0
2024-10-29T17:00:00.0,0.1583,0.0039,0.1544,0.0,0.9917
2024-10-29T18:00:00.0,0.0,0.0,0.0,0.0,1.0
2024-10-29T19:00:00.0,0.0,0.0,0.0,0.0,1.0
2024-10-29T20:00:00.0,0.0,0.0,0.0,0.0,1.0
2024-10-29T21:00:00.0,0.0,0.0,0.0,0.0,1.0
2024-10-29T22:00:00.0,0.0,0.0,0.0,0.0,1.0
2024-10-29T23:00:00.0,0.0,0.0,0.0,0.0,1.0
2024-10-30T00:00:00.0,0.0,0.0,0.0,0.0,1.0
2024-10-30T01:00:00.0,0.0,0.0,0.0,0.0,1.0
2024-10-30T02:00:00.0,0.0,0.0,0.0,0.0,1.0
2024-10-30T03:00:00.0,0.0,0.0,0.0,0.0,1.0
2024-10-30T04:00:00.0,0.0,0.0,0.0,0.0,1.0
2024-10-30T05:00:00.0,0.0,0.0,0.0,0.0,1.0
2024-10-30T06:00:00.0,0.0,0.0,0.0,0.0,1.0
2024-10-30T07:00:00.0,0.941,0.0,0.941,0.0,0.7667
2024-10-30T08:00:00.0,11.6797,0.0,11.6797,0.0,0.7167
2024-10-30T09:00:00.0,20.7657,0.0,20.7657,0.0,1.0
2024-10-30T10:00:00.0,25.8795,0.0,25.8795,0.0,1.0
2024-10-30T11:00:00.0,56.4932,0.0004,56.4927,0.0011,1.0
2024-10-30T12:00:00.0,85.3785,0.0031,85.3754,0.0075,1.0
2024-10-30T13:00:00.0,83.667,0.001,83.6661,0.0027,1.0
2024-10-30T14:00:00.0,72.3451,0.0118,72.3333,0.0426,1.0
2024-10-30T15:00:00.0,62.8239,0.0125,62.8114,0.0682,1.0
2024-10-30T16:00:00.0,33.6817,2.5213,31.1604,44.7687,1.0
2024-10-30T17:00:00.0,0.0586,0.0048,0.0538,0.0,1.0
2024-10-30T18:00:00.0,0.0,0.0,0.0,0.0,1.0
2024-10-30T19:00:00.0,0.0,0.0,0.0,0.0,1.0
2024-10-30T20:00:00.0,0.0,0.0,0.0,0.0,1.0
2024-10-30T21:00:00.0,0.0,0.0,0.0,0.0,1.0
2024-10-30T22:00:00.0,0.0,0.0,0.0,0.0,1.0
2024-10-30T23:00:00.0,0.0,0.0,0.0,0.0,1.0
2024-10-31T00:00:00.0,0.0,0.0,0.0,0.0,1.0
2024-10-31T01:00:00.0,0.0,0.0,0.0,0.0,1.0
2024-10-31T02:00:00.0,0.0,0.0,0.0,0.0,1.0
2024-10-31T03:00:00.0,0.0,0.0,0.0,0.0,1.0
2024-10-31T04:00:00.0,0.0,0.0,0.0,0.0,1.0
2024-10-31T05:00:00.0,0.0,0.0,0.0,0.0,1.0
2024-10-31T06:00:00.0,0.0,0.0,0.0,0.0,1.0
2024-10-31T07:00:00.0,0.8222,0.0,0.8222,0.0,0.7833
2024-10-31T08:00:00.0,11.3607,0.0,11.3607,0.0,0.7167
2024-10-31T09:00:00.0,20.6566,0.0,20.6566,0.0,1.0
2024-10-31T10:00:00.0,52.7595,0.0,52.7595,0.0,1.0
2024-10-31T11:00:00.0,88.41,0.0269,88.3831,0.0676,1.0
2024-10-31T12:00:00.0,115.9148,0.0724,115.8424,0.1801,1.0
2024-10-31T13:00:00.0,106.1405,0.0172,106.1232,0.0469,1.0
2024-10-31T14:00:00.0,84.0504,0.0406,84.0098,0.1488,1.0
2024-10-31T15:00:00.0,68.0417,0.0372,68.0045,0.2025,1.0
2024-10-31T16:00:00.0,32.7664,2.1488,30.6176,39.2913,0.9083
2024-10-31T17:00:00.0,0.0087,0.0032,0.0055,0.0,0.9833
2024-10-31T18:00:00.0,0.0,0.0,0.0,0.0,1.0
2024-10-31T19:00:00.0,0.0,0.0,0.0,0.0,1.0
2024-10-31T20:00:00.0,0.0,0.0,0.0,0.0,1.0
2024-10-31T21:00:00.0,0.0,0.0,0.0,0.0,1.0
2024-10-31T22:00:00.0,0.0,0.0,0.0,0.0,1.0
2024-10-31T23:00:00.0,0.0,0.0,0.0,0.0,1.0
2024-11-01T00:00:00.0,0.0,0.0,0.0,0.0,1.0
2024-11-01T01:00:00.0,0.0,0.0,0.0,0.0,1.0
2024-11-01T02:00:00.0,0.0,0.0,0.0,0.0,1.0
2024-11-01T03:00:00.0,0.0,0.0,0.0,0.0,1.0
2024-11-01T04:00:00.0,0.0,0.0,0.0,0.0,1.0
2024-11-01T05:00:00.0,0.0,0.0,0.0,0.0,1.0
2024-11-01T06:00:00.0,0.0,0.0,0.0,0.0,1.0
2024-11-01T07:00:00.0,0.7638,0.0,0.7638,0.0,0.8
2024-11-01T08:00:00.0,11.7267,0.0,11.7267,0.0,0.7167
2024-11-01T09:00:00.0,21.0109,0.0,21.0109,0.0,1.0
2024-11-01T10:00:00.0,27.412,0.0,27.412,0.0,1.0
2024-11-01T11:00:00.0,78.4379,0.0307,78.4072,0.0782,1.0
2024-11-01T12:00:00.0,109.3034,0.0688,109.2346,0.1732,1.0
2024-11-01T13:00:00.0,91.5891,0.0029,91.5862,0.0082,1.0
2024-11-01T14:00:00.0,77.2161,0.012,77.204,0.0448,1.0
2024-11-01T15:00:00.0,61.8427,0.0134,61.8293,0.0815,1.0
2024-11-01T16:00:00.0,30.998,1.924,29.074,36.3626,0.9167
2024-11-01T17:00:00.0,0.0,0.0,0.0,0.0,1.0
2024-11-01T18:00:00.0,0.0,0.0,0.0,0.0,1.0
2024-11-01T19:00:00.0,0.0,0.0,0.0,0.0,1.0
2024-11-01T20:00:00.0,0.0,0.0,0.0,0.0,1.0
2024-11-01T21:00:00.0,0.0,0.0,0.0,0.0,1.0
2024-11-01T22:00:00.0,0.0,0.0,0.0,0.0,1.0
2024-11-01T23:00:00.0,0.0,0.0,0.0,0.0,1.0
2024-11-02T00:00:00.0,0.0,0.0,0.0,0.0,1.0
2024-11-02T01:00:00.0,0.0,0.0,0.0,0.0,1.0
2024-11-02T02:00:00.0,0.0,0.0,0.0,0.0,1.0
2024-11-02T03:00:00.0,0.0,0.0,0.0,0.0,1.0
2024-11-02T04:00:00.0,0.0,0.0,0.0,0.0,1.0
2024-11-02T05:00:00.0,0.0,0.0,0.0,0.0,1.0
2024-11-02T06:00:00.0,0.0,0.0,0.0,0.0,1.0
2024-11-02T07:00:00.0,0.5855,0.0,0.5855,0.0,0.8167
2024-11-02T08:00:00.0,10.4318,0.0,10.4318,0.0,0.7167
2024-11-02T09:00:00.0,19.5627,0.0,19.5627,0.0,1.0
2024-11-02T10:00:00.0,25.1868,0.0,25.1868,0.0,1.0
2024-11-02T11:00:00.0,48.0311,0.0,48.0311,0.0,1.0
2024-11-02T12:00:00.0,69.6223,0.0004,69.6219,0.001,1.0
2024-11-02T13:00:00.0,61.5735,0.0,61.5735,0.0,1.0
2024-11-02T14:00:00.0,54.1767,0.0002,54.1765,0.0008,1.0
2024-11-02T15:00:00.0,46.1431,0.003,46.1401,0.0208,1.0
2024-11-02T16:00:00.0,26.7493,1.0533,25.696,21.6262,0.925
2024-11-02T17:00:00.0,0.0,0.0,0.0,0.0,1.0
2024-11-02T18:00:00.0,0.0,0.0,0.0,0.0,1.0
2024-11-02T19:00:00.0,0.0,0.0,0.0,0.0,1.0
2024-11-02T20:00:00.0,0.0,0.0,0.0,0.0,1.0
2024-11-02T21:00:00.0,0.0,0.0,0.0,0.0,1.0
2024-11-02T22:00:00.0,0.0,0.0,0.0,0.0,1.0
2024-11-02T23:00:00.0,0.0,0.0,0.0,0.0,1.0
2024-11-03T00:00:00.0,0.0,0.0,0.0,0.0,1.0
2024-11-03T01:00:00.0,0.0,0.0,0.0,0.0,1.0
2024-11-03T02:00:00.0,0.0,0.0,0.0,0.0,1.0
2024-11-03T03:00:00.0,0.0,0.0,0.0,0.0,1.0
2024-11-03T04:00:00.0,0.0,0.0,0.0,0.0,1.0
2024-11-03T05:00:00.0,0.0,0.0,0.0,0.0,1.0
2024-11-03T06:00:00.0,0.0,0.0,0.0,0.0,1.0
2024-11-03T07:00:00.0,0.4961,0.0,0.4961,0.0,0.8333
2024-11-03T08:00:00.0,10.1676,0.0,10.1676,0.0,0.7167
2024-11-03T09:00:00.0,19.3127,0.0,19.3127,0.0,1.0
2024-11-03T10:00:00.0,27.9687,0.0,27.9687,0.0,1.0
2024-11-03T11:00:00.0,68.2963,0.0091,68.2872,0.0237,1.0
2024-11-03T12:00:00.0,143.3465,0.7505,142.5961,1.9506,1.0
2024-11-03T13:00:00.0,141.9071,1.1435,140.7636,3.2462,1.0
2024-11-03T14:00:00.0,141.1043,17.2603,123.8439,61.2691,1.0
2024-11-03T15:00:00.0,94.2113,10.5428,83.6685,66.4273,1.0
2024-11-03T16:00:00.0,34.3769,11.9366,22.4402,134.3442,0.9417
2024-11-03T17:00:00.0,0.0,0.0,0.0,0.0,1.0
2024-11-03T18:00:00.0,0.0,0.0,0.0,0.0,1.0
2024-11-03T19:00:00.0,0.0,0.0,0.0,0.0,1.0
2024-11-03T20:00:00.0,0.0,0.0,0.0,0.0,1.0
2024-11-03T21:00:00.0,0.0,0.0,0.0,0.0,1.0
2024-11-03T22:00:00.0,0.0,0.0,0.0,0.0,1.0
2024-11-03T23:00:00.0,0.0,0.0,0.0,0.0,1.0
2024-11-04T00:00:00.0,0.0,0.0,0.0,0.0,1.0
2024-11-04T01:00:00.0,0.0,0.0,0.0,0.0,1.0
2024-11-04T02:00:00.0,0.0,0.0,0.0,0.0,1.0
2024-11-04T03:00:00.0,0.0,0.0,0.0,0.0,1.0
2024-11-04T04:00:00.0,0.0,0.0,0.0,0.0,1.0
2024-11-04T05:00:00.0,0.0,0.0,0.0,0.0,1.0
2024-11-04T06:00:00.0,0.0,0.0,0.0,0.0,1.0
2024-11-04T07:00:00.0,0.3346,0.0,0.3346,0.0,0.8417
2024-11-04T08:00:00.0,8.4281,0.0,8.4281,0.0,0.5917
2024-11-04T09:00:00.0,18.5528,0.0,18.5528,0.0,1.0
2024-11-04T10:00:00.0,51.7038,0.0001,51.7037,0.0003,1.0
2024-11-04T11:00:00.0,120.4607,0.8603,119.6004,2.2874,1.0
2024-11-04T12:00:00.0,143.1554,1.1618,141.9937,3.0425,1.0
2024-11-04T13:00:00.0,117.5443,0.1797,117.3646,0.5102,1.0
2024-11-04T14:00:00.0,52.0352,0.9368,51.0984,3.8809,1.0
2024-11-04T15:00:00.0,132.5989,70.9857,61.6132,378.8936,1.0
2024-11-04T16:00:00.0,28.5339,4.784,23.7498,51.6739,0.9583
2024-11-04T17:00:00.0,0.0,0.0,0.0,0.0,1.0
2024-11-04T18:00:00.0,0.0,0.0,0.0,0.0,1.0
2024-11-04T19:00:00.0,0.0,0.0,0.0,0.0,1.0
2024-11-04T20:00:00.0,0.0,0.0,0.0,0.0,1.0
2024-11-04T21:00:00.0,0.0,0.0,0.0,0.0,1.0
2024-11-04T22:00:00.0,0.0,0.0,0.0,0.0,1.0
2024-11-04T23:00:00.0,0.0,0.0,0.0,0.0,1.0
2024-11-05T00:00:00.0,0.0,0.0,0.0,0.0,1.0
2024-11-05T01:00:00.0,0.0,0.0,0.0,0.0,1.0
2024-11-05T02:00:00.0,0.0,0.0,0.0,0.0,1.0
2024-11-05T03:00:00.0,0.0,0.0,0.0,0.0,1.0
2024-11-05T04:00:00.0,0.0,0.0,0.0,0.0,1.0
2024-11-05T05:00:00.0,0.0,0.0,0.0,0.0,1.0
2024-11-05T06:00:00.0,0.0,0.0,0.0,0.0,1.0
2024-11-05T07:00:00.0,0.2804,0.0,0.2804,0.0,0.8583
2024-11-05T08:00:00.0,8.5732,0.0,8.5732,0.0,0.5917
2024-11-05T09:00:00.0,18.7235,0.0,18.7235,0.0,1.0
2024-11-05T10:00:00.0,24.1033,0.0,24.1033,0.0,1.0
2024-11-05T11:00:00.0,61.5802,0.0031,61.5771,0.0083,1.0
2024-11-05T12:00:00.0,86.0629,0.004,86.0589,0.0105,1.0
2024-11-05T13:00:00.0,67.0274,0.0002,67.0272,0.0006,1.0
2024-11-05T14:00:00.0,64.6073,0.0037,64.6036,0.014,1.0
2024-11-05T15:00:00.0,54.3913,0.0594,54.3319,0.4561,1.0
2024-11-05T16:00:00.0,23.8398,3.1482,20.6916,50.4558,0.9667
2024-11-05T17:00:00.0,0.0,0.0,0.0,0.0,1.0
2024-11-05T18:00:00.0,0.0,0.0,0.0,0.0,1.0
2024-11-05T19:00:00.0,0.0,0.0,0.0,0.0,1.0
2024-11-05T20:00:00.0,0.0,0.0,0.0,0.0,1.0
2024-11-05T21:00:00.0,0.0,0.0,0.0,0.0,1.0
2024-11-05T22:00:00.0,0.0,0.0,0.0,0.0,1.0
2024-11-05T23:00:00.0,0.0,0.0,0.0,0.0,1.0
2024-11-06T00:00:00.0,0.0,0.0,0.0,0.0,1.0
2024-11-06T01:00:00.0,0.0,0.0,0.0,0.0,1.0
2024-11-06T02:00:00.0,0.0,0.0,0.0,0.0,1.0
2024-11-06T03:00:00.0,0.0,0.0,0.0,0.0,1.0
2024-11-06T04:00:00.0,0.0,0.0,0.0,0.0,1.0
2024-11-06T05:00:00.0,0.0,0.0,0.0,0.0,1.0
2024-11-06T06:00:00.0,0.0,0.0,0.0,0.0,1.0
2024-11-06T07:00:00.0,0.224,0.0,0.224,0.0,0.875
2024-11-06T08:00:00.0,8.3244,0.0,8.3244,0.0,0.5917
2024-11-06T09:00:00.0,18.4988,0.0,18.4988,0.0,1.0
2024-11-06T10:00:00.0,48.1942,0.0024,48.1917,0.0079,1.0
2024-11-06T11:00:00.0,71.1186,0.0426,71.076,0.1157,1.0
2024-11-06T12:00:00.0,110.772,0.1009,110.6711,0.2711,1.0
2024-11-06T13:00:00.0,71.9413,0.0001,71.9413,0.0002,1.0
2024-11-06T14:00:00.0,43.3694,0.0,43.3694,0.0,1.0
2024-11-06T15:00:00.0,42.9145,0.0074,42.9072,0.0575,1.0
2024-11-06T16:00:00.0,21.4289,2.5486,18.8803,44.513,0.9833
2024-11-06T17:00:00.0,0.0,0.0,0.0,0.0,1.0
2024-11-06T18:00:00.0,0.0,0.0,0.0,0.0,1.0
2024-11-06T19:00:00.0,0.0,0.0,0.0,0.0,1.0
2024-11-06T20:00:00.0,0.0,0.0,0.0,0.0,1.0
2024-11-06T21:00:00.0,0.0,0.0,0.0,0.0,1.0
2024-11-06T22:00:00.0,0.0,0.0,0.0,0.0,1.0
2024-11-06T23:00:00.0,0.0,0.0,0.0,0.0,1.0
2024-11-07T00:00:00.0,0.0,0.0,0.0,0.0,1.0
2024-11-07T01:00:00.0,0.0,0.0,0.0,0.0,1.0
2024-11-07T02:00:00.0,0.0,0.0,0.0,0.0,1.0
2024-11-07T03:00:00.0,0.0,0.0,0.0,0.0,1.0
2024-11-07T04:00:00.0,0.0,0.0,0.0,0.0,1.0
2024-11-07T05:00:00.0,0.0,0.0,0.0,0.0,1.0
2024-11-07T06:00:00.0,0.0,0.0,0.0,0.0,1.0
2024-11-07T07:00:00.0,0.1713,0.0,0.1713,0.0,0.8917
2024-11-07T08:00:00.0,7.9666,0.0,7.9666,0.0,0.5917
2024-11-07T09:00:00.0,18.1874,0.0,18.1874,0.0,1.0
2024-11-07T10:00:00.0,23.6299,0.0,23.6299,0.0,1.0
2024-11-07T11:00:00.0,41.2825,0.0,41.2825,0.0001,1.0
2024-11-07T12:00:00.0,52.7907,0.0005,52.7902,0.0013,1.0
2024-11-07T13:00:00.0,38.9027,0.0,38.9027,0.0,1.0
2024-11-07T14:00:00.0,73.5337,0.3916,73.1421,1.6592,1.0
2024-11-07T15:00:00.0,87.3119,1.6898,85.6221,9.9547,1.0
2024-11-07T16:00:00.0,20.1072,1.9066,18.2006,33.9637,0.875
2024-11-07T17:00:00.0,0.0,0.0,0.0,0.0,1.0
2024-11-07T18:00:00.0,0.0,0.0,0.0,0.0,1.0
2024-11-07T19:00:00.0,0.0,0.0,0.0,0.0,1.0
2024-11-07T20:00:00.0,0.0,0.0,0.0,0.0,1.0
2024-11-07T21:00:00.0,0.0,0.0,0.0,0.0,1.0
2024-11-07T22:00:00.0,0.0,0.0,0.0,0.0,1.0
2024-11-07T23:00:00.0,0.0,0.0,0.0,0.0,1.0
2024-11-08T00:00:00.0,0.0,0.0,0.0,0.0,1.0
2024-11-08T01:00:00.0,0.0,0.0,0.0,0.0,1.0
2024-11-08T02:00:00.0,0.0,0.0,0.0,0.0,1.0
2024-11-08T03:00:00.0,0.0,0.0,0.0,0.0,1.0
2024-11-08T04:00:00.0,0.0,0.0,0.0,0.0,1.0
2024-11-08T05:00:00.0,0.0,0.0,0.0,0.0,1.0
2024-11-08T06:00:00.0,0.0,0.0,0.0,0.0,1.0
2024-11-08T07:00:00.0,0.1286,0.0,0.1286,0.0,0.9083
2024-11-08T08:00:00.0,7.5851,0.0,7.5851,0.0,0.5917
2024-11-08T09:00:00.0,17.526,0.0,17.526,0.0,1.0
2024-11-08T10:00:00.0,34.4436,0.0005,34.4431,0.0017,1.0
2024-11-08T11:00:00.0,90.5247,0.7705,89.7542,2.1644,1.0
2024-11-08T12:00:00.0,79.8981,0.003,79.8951,0.0084,1.0
2024-11-08T13:00:00.0,58.1253,0.0005,58.1249,0.0013,1.0
2024-11-08T14:00:00.0,78.2491,1.0715,77.1776,4.418,1.0
2024-11-08T15:00:00.0,77.6856,0.9871,76.6985,5.3837,1.0
2024-11-08T16:00:00.0,15.7434,0.0003,15.7431,0.0041,0.8917
2024-11-08T17:00:00.0,0.0,0.0,0.0,0.0,1.0
2024-11-08T18:00:00.0,0.0,0.0,0.0,0.0,1.0
2024-11-08T19:00:00.0,0.0,0.0,0.0,0.0,1.0
2024-11-08T20:00:00.0,0.0,0.0,0.0,0.0,1.0
2024-11-08T21:00:00.0,0.0,0.0,0.0,0.0,1.0
2024-11-08T22:00:00.0,0.0,0.0,0.0,0.0,1.0
2024-11-08T23:00:00.0,0.0,0.0,0.0,0.0,1.0
2024-11-09T00:00:00.0,0.0,0.0,0.0,0.0,1.0
2024-11-09T01:00:00.0,0.0,0.0,0.0,0.0,1.0
2024-11-09T02:00:00.0,0.0,0.0,0.0,0.0,1.0
2024-11-09T03:00:00.0,0.0,0.0,0.0,0.0,1.0
2024-11-09T04:00:00.0,0.0,0.0,0.0,0.0,1.0
2024-11-09T05:00:00.0,0.0,0.0,0.0,0.0,1.0
2024-11-09T06:00:00.0,0.0,0.0,0.0,0.0,1.0
2024-11-09T07:00:00.0,0.0884,0.0,0.0884,0.0,0.9167
2024-11-09T08:00:00.0,7.0057,0.0,7.0057,0.0,0.5917
2024-11-09T09:00:00.0,16.8064,0.0,16.8064,0.0,1.0
2024-11-09T10:00:00.0,22.4522,0.0,22.4522,0.0,1.0
2024-11-09T11:00:00.0,59.4191,0.0282,59.3909,0.0793,1.0
2024-11-09T12:00:00.0,85.4486,0.02,85.4286,0.0558,1.0
2024-11-09T13:00:00.0,32.9291,0.0,32.9291,0.0,1.0
2024-11-09T14:00:00.0,83.9799,1.027,82.9529,4.2958,1.0
2024-11-09T15:00:00.0,89.7765,7.0931,82.6834,50.6234,1.0
2024-11-09T16:00:00.0,21.1801,7.3311,13.849,105.3091,0.9
2024-11-09T17:00:00.0,0.0,0.0,0.0,0.0,1.0
2024-11-09T18:00:00.0,0.0,0.0,0.0,0.0,1.0
2024-11-09T19:00:00.0,0.0,0.0,0.0,0.0,1.0
2024-11-09T20:00:00.0,0.0,0.0,0.0,0.0,1.0
2024-11-09T21:00:00.0,0.0,0.0,0.0,0.0,1.0
2024-11-09T22:00:00.0,0.0,0.0,0.0,0.0,1.0
2024-11-09T23:00:00.0,0.0,0.0,0.0,0.0,1.0
2024-11-10T00:00:00.0,0.0,0.0,0.0,0.0,1.0
2024-11-10T01:00:00.0,0.0,0.0,0.0,0.0,1.0
2024-11-10T02:00:00.0,0.0,0.0,0.0,0.0,1.0
2024-11-10T03:00:00.0,0.0,0.0,0.0,0.0,1.0
2024-11-10T04:00:00.0,0.0,0.0,0.0,0.0,1.0
2024-11-10T05:00:00.0,0.0,0.0,0.0,0.0,1.0
2024-11-10T06:00:00.0,0.0,0.0,0.0,0.0,1.0
2024-11-10T07:00:00.0,0.0635,0.0,0.0635,0.0,0.9333
2024-11-10T08:00:00.0,7.507,0.0,7.507,0.0,0.5917
2024-11-10T09:00:00.0,59.8812,0.464,59.4172,1.9315,1.0
2024-11-10T10:00:00.0,105.9939,1.6676,104.3263,6.2578,1.0
2024-11-10T11:00:00.0,136.4978,9.575,126.9228,27.4817,1.0
2024-11-10T12:00:00.0,141.6954,4.5861,137.1093,12.9706,1.0
2024-11-10T13:00:00.0,116.583,0.419,116.1641,1.3094,1.0
2024-11-10T14:00:00.0,88.536,1.0509,87.4851,4.6523,1.0
2024-11-10T15:00:00.0,108.3553,49.8895,58.4658,337.9578,1.0
2024-11-10T16:00:00.0,20.9227,8.0898,12.8329,114.023,0.9167
2024-11-10T17:00:00.0,0.0,0.0,0.0,0.0,1.0
2024-11-10T18:00:00.0,0.0,0.0,0.0,0.0,1.0
2024-11-10T19:00:00.0,0.0,0.0,0.0,0.0,1.0
2024-11-10T20:00:00.0,0.0,0.0,0.0,0.0,1.0
2024-11-10T21:00:00.0,0.0,0.0,0.0,0.0,1.0
2024-11-10T22:00:00.0,0.0,0.0,0.0,0.0,1.0
2024-11-10T23:00:00.0,0.0,0.0,0.0,0.0,1.0
2024-11-11T00:00:00.0,0.0,0.0,0.0,0.0,1.0
2024-11-11T01:00:00.0,0.0,0.0,0.0,0.0,1.0
2024-11-11T02:00:00.0,0.0,0.0,0.0,0.0,1.0
2024-11-11T03:00:00.0,0.0,0.0,0.0,0.0,1.0
2024-11-11T04:00:00.0,0.0,0.0,0.0,0.0,1.0
2024-11-11T05:00:00.0,0.0,0.0,0.0,0.0,1.0
2024-11-11T06:00:00.0,0.0,0.0,0.0,0.0,1.0
2024-11-11T07:00:00.0,0.0343,0.0,0.0343,0.0,0.95
2024-11-11T08:00:00.0,6.3076,0.0,6.3076,0.0,0.5
2024-11-11T09:00:00.0,43.9087,1.4929,42.4158,6.2727,0.9667
2024-11-11T10:00:00.0,156.6115,19.1525,137.459,69.4109,1.0
2024-11-11T11:00:00.0,203.6344,36.1129,167.5215,107.0701,1.0
2024-11-11T12:00:00.0,156.7582,5.9545,150.8037,17.0952,1.0
2024-11-11T13:00:00.0,190.5589,20.2809,170.278,63.7137,1.0
2024-11-11T14:00:00.0,131.1663,7.5277,123.6386,27.6823,1.0
2024-11-11T15:00:00.0,96.5826,19.5759,77.0067,133.4446,1.0
2024-11-11T16:00:00.0,18.5187,5.6858,12.8329,85.3891,0.925
2024-11-11T17:00:00.0,0.0,0.0,0.0,0.0,1.0
2024-11-11T18:00:00.0,0.0,0.0,0.0,0.0,1.0
2024-11-11T19:00:00.0,0.0,0.0,0.0,0.0,1.0
2024-11-11T20:00:00.0,0.0,0.0,0.0,0.0,1.0
2024-11-11T21:00:00.0,0.0,0.0,0.0,0.0,1.0
2024-11-11T22:00:00.0,0.0,0.0,0.0,0.0,1.0
2024-11-11T23:00:00.0,0.0,0.0,0.0,0.0,1.0
2024-11-12T00:00:00.0,0.0,0.0,0.0,0.0,1.0
2024-11-12T01:00:00.0,0.0,0.0,0.0,0.0,1.0
2024-11-12T02:00:00.0,0.0,0.0,0.0,0.0,1.0
2024-11-12T03:00:00.0,0.0,0.0,0.0,0.0,1.0
2024-11-12T04:00:00.0,0.0,0.0,0.0,0.0,1.0
2024-11-12T05:00:00.0,0.0,0.0,0.0,0.0,1.0
2024-11-12T06:00:00.0,0.0,0.0,0.0,0.0,1.0
2024-11-12T07:00:00.0,0.1415,0.0065,0.135,0.0,0.9667
2024-11-12T08:00:00.0,50.3676,25.7846,24.583,268.678,0.5
2024-11-12T09:00:00.0,143.107,79.5188,63.5882,418.4596,0.9667
2024-11-12T10:00:00.0,236.1653,144.7528,91.4125,520.3209,1.0
2024-11-12T11:00:00.0,253.4153,97.0024,156.4129,292.4072,1.0
2024-11-12T12:00:00.0,281.1473,160.3002,120.8472,467.1749,1.0
2024-11-12T13:00:00.0,240.4335,97.2556,143.1779,313.7095,1.0
2024-11-12T14:00:00.0,217.2181,149.5423,67.6757,588.4094,1.0
2024-11-12T15:00:00.0,118.3301,77.2284,41.1017,507.5952,1.0
2024-11-12T16:00:00.0,18.2973,8.5905,9.7067,134.9731,0.9417
2024-11-12T17:00:00.0,0.0,0.0,0.0,0.0,1.0
2024-11-12T18:00:00.0,0.0,0.0,0.0,0.0,1.0
2024-11-12T19:00:00.0,0.0,0.0,0.0,0.0,1.0
2024-11-12T20:00:00.0,0.0,0.0,0.0,0.0,1.0
2024-11-12T21:00:00.0,0.0,0.0,0.0,0.0,1.0
2024-11-12T22:00:00.0,0.0,0.0,0.0,0.0,1.0
2024-11-12T23:00:00.0,0.0,0.0,0.0,0.0,1.0
2024-11-13T00:00:00.0,0.0,0.0,0.0,0.0,1.0
2024-11-13T01:00:00.0,0.0,0.0,0.0,0.0,1.0
2024-11-13T02:00:00.0,0.0,0.0,0.0,0.0,1.0
2024-11-13T03:00:00.0,0.0,0.0,0.0,0.0,1.0
2024-11-13T04:00:00.0,0.0,0.0,0.0,0.0,1.0
2024-11-13T05:00:00.0,0.0,0.0,0.0,0.0,1.0
2024-11-13T06:00:00.0,0.0,0.0,0.0,0.0,1.0
2024-11-13T07:00:00.0,0.0058,0.0,0.0058,0.0,0.9833
2024-11-13T08:00:00.0,5.9216,0.0,5.9216,0.0,0.5
2024-11-13T09:00:00.0,73.3805,14.7561,58.6245,64.764,0.9667
2024-11-13T10:00:00.0,252.4819,190.7565,61.7254,688.1103,1.0
2024-11-13T11:00:00.0,289.5237,189.1047,100.419,583.398,1.0
2024-11-13T12:00:00.0,290.3263,185.2005,105.1258,547.5798,1.0
2024-11-13T13:00:00.0,286.2551,212.7904,73.4647,684.7263,1.0
2024-11-13T14:00:00.0,206.3284,129.9131,76.4153,523.6522,1.0
2024-11-13T15:00:00.0,108.6299,62.2844,46.3455,405.1701,1.0
2024-11-13T16:00:00.0,14.4917,3.8723,10.6194,59.6967,0.95
2024-11-13T17:00:00.0,0.0,0.0,0.0,0.0,1.0
2024-11-13T18:00:00.0,0.0,0.0,0.0,0.0,1.0
2024-11-13T19:00:00.0,0.0,0.0,0.0,0.0,1.0
2024-11-13T20:00:00.0,0.0,0.0,0.0,0.0,1.0
2024-11-13T21:00:00.0,0.0,0.0,0.0,0.0,1.0
2024-11-13T22:00:00.0,0.0,0.0,0.0,0.0,1.0
2024-11-13T23:00:00.0,0.0,0.0,0.0,0.0,1.0
2024-11-14T00:00:00.0,0.0,0.0,0.0,0.0,1.0
2024-11-14T01:00:00.0,0.0,0.0,0.0,0.0,1.0
2024-11-14T02:00:00.0,0.0,0.0,0.0,0.0,1.0
2024-11-14T03:00:00.0,0.0,0.0,0.0,0.0,1.0
2024-11-14T04:00:00.0,0.0,0.0,0.0,0.0,1.0
2024-11-14T05:00:00.0,0.0,0.0,0.0,0.0,1.0
2024-11-14T06:00:00.0,0.0,0.0,0.0,0.0,1.0
2024-11-14T07:00:00.0,0.0009,0.0,0.0009,0.0,0.9917
2024-11-14T08:00:00.0,4.5172,0.0,4.5172,0.0,0.5
2024-11-14T09:00:00.0,40.6364,0.0059,40.6305,0.0328,0.9667
2024-11-14T10:00:00.0,82.242,0.0768,82.1652,0.2701,1.0
2024-11-14T11:00:00.0,128.3915,2.1042,126.2874,6.4162,1.0
2024-11-14T12:00:00.0,123.5324,0.889,122.6434,2.6455,1.0
2024-11-14T13:00:00.0,109.2997,0.2428,109.0569,0.8054,1.0
2024-11-14T14:00:00.0,47.4517,0.0235,47.4281,0.0853,1.0
2024-11-14T15:00:00.0,48.8425,0.3703,48.4722,3.5806,1.0
2024-11-14T16:00:00.0,11.7108,1.2464,10.4644,23.033,0.9667
2024-11-14T17:00:00.0,0.0,0.0,0.0,0.0,1.0
2024-11-14T18:00:00.0,0.0,0.0,0.0,0.0,1.0
2024-11-14T19:00:00.0,0.0,0.0,0.0,0.0,1.0
2024-11-14T20:00:00.0,0.0,0.0,0.0,0.0,1.0
2024-11-14T21:00:00.0,0.0,0.0,0.0,0.0,1.0
2024-11-14T22:00:00.0,0.0,0.0,0.0,0.0,1.0
2024-11-14T23:00:00.0,0.0,0.0,0.0,0.0,1.0
2024-11-15T00:00:00.0,0.0,0.0,0.0,0.0,1.0
2024-11-15T01:00:00.0,0.0,0.0,0.0,0.0,1.0
2024-11-15T02:00:00.0,0.0,0.0,0.0,0.0,1.0
2024-11-15T03:00:00.0,0.0,0.0,0.0,0.0,1.0
2024-11-15T04:00:00.0,0.0,0.0,0.0,0.0,1.0
2024-11-15T05:00:00.0,0.0,0.0,0.0,0.0,1.0
2024-11-15T06:00:00.0,0.0,0.0,0.0,0.0,1.0
2024-11-15T07:00:00.0,0.0,0.0,0.0,0.0,1.0
2024-11-15T08:00:00.0,5.0769,0.0,5.0769,0.0,0.5083
2024-11-15T09:00:00.0,16.3655,0.0,16.3655,0.0,0.9667
2024-11-15T10:00:00.0,22.0911,0.0,22.0911,0.0,1.0
2024-11-15T11:00:00.0,58.807,0.0001,58.8069,0.0004,1.0
2024-11-15T12:00:00.0,94.8701,0.0146,94.8555,0.0442,1.0
2024-11-15T13:00:00.0,153.2078,25.5689,127.6389,88.1053,1.0
2024-11-15T14:00:00.0,146.1386,36.1642,109.9744,155.0261,1.0
2024-11-15T15:00:00.0,79.9664,16.3036,63.6628,137.0901,1.0
2024-11-15T16:00:00.0,13.2853,5.0232,8.2621,86.7154,0.8583
2024-11-15T17:00:00.0,0.0,0.0,0.0,0.0,1.0
2024-11-15T18:00:00.0,0.0,0.0,0.0,0.0,1.0
2024-11-15T19:00:00.0,0.0,0.0,0.0,0.0,1.0
2024-11-15T20:00:00.0,0.0,0.0,0.0,0.0,1.0
2024-11-15T21:00:00.0,0.0,0.0,0.0,0.0,1.0
2024-11-15T22:00:00.0,0.0,0.0,0.0,0.0,1.0
2024-11-15T23:00:00.0,0.0,0.0,0.0,0.0,1.0
2024-11-16T00:00:00.0,0.0,0.0,0.0,0.0,1.0
2024-11-16T01:00:00.0,0.0,0.0,0.0,0.0,1.0
2024-11-16T02:00:00.0,0.0,0.0,0.0,0.0,1.0
2024-11-16T03:00:00.0,0.0,0.0,0.0,0.0,1.0
2024-11-16T04:00:00.0,0.0,0.0,0.0,0.0,1.0
2024-11-16T05:00:00.0,0.0,0.0,0.0,0.0,1.0
2024-11-16T06:00:00.0,0.0,0.0,0.0,0.0,1.0
2024-11-16T07:00:00.0,0.0,0.0,0.0,0.0,1.0
2024-11-16T08:00:00.0,4.6414,0.0,4.6414,0.0,0.525
2024-11-16T09:00:00.0,64.4934,6.8614,57.632,31.7638,0.9667
2024-11-16T10:00:00.0,211.5339,131.5222,80.0117,501.6467,1.0
2024-11-16T11:00:00.0,207.4683,84.9206,122.5477,278.5674,1.0
2024-11-16T12:00:00.0,149.5616,8.2309,141.3307,25.1033,1.0
2024-11-16T13:00:00.0,190.0849,73.3205,116.7643,251.9614,1.0
2024-11-16T14:00:00.0,156.4241,43.7622,112.6619,196.8391,1.0
2024-11-16T15:00:00.0,91.2195,28.1679,63.0516,210.9673,1.0
2024-11-16T16:00:00.0,11.9813,3.6812,8.3001,64.1133,0.8583
2024-11-16T17:00:00.0,0.0,0.0,0.0,0.0,1.0
2024-11-16T18:00:00.0,0.0,0.0,0.0,0.0,1.0
2024-11-16T19:00:00.0,0.0,0.0,0.0,0.0,1.0
2024-11-16T20:00:00.0,0.0,0.0,0.0,0.0,1.0
2024-11-16T21:00:00.0,0.0,0.0,0.0,0.0,1.0
2024-11-16T22:00:00.0,0.0,0.0,0.0,0.0,1.0
2024-11-16T23:00:00.0,0.0,0.0,0.0,0.0,1.0
2024-11-17T00:00:00.0,0.0,0.0,0.0,0.0,1.0
2024-11-17T01:00:00.0,0.0,0.0,0.0,0.0,1.0
2024-11-17T02:00:00.0,0.0,0.0,0.0,0.0,1.0
2024-11-17T03:00:00.0,0.0,0.0,0.0,0.0,1.0
2024-11-17T04:00:00.0,0.0,0.0,0.0,0.0,1.0
2024-11-17T05:00:00.0,0.0,0.0,0.0,0.0,1.0
2024-11-17T06:00:00.0,0.0,0.0,0.0,0.0,1.0
2024-11-17T07:00:00.0,0.0,0.0,0.0,0.0,1.0
2024-11-17T08:00:00.0,33.7317,13.9819,19.7498,164.7047,0.5417
2024-11-17T09:00:00.0,123.927,54.5991,69.3279,321.1087,0.9667
2024-11-17T10:00:00.0,183.0742,69.3245,113.7496,277.0917,1.0
2024-11-17T11:00:00.0,256.9118,141.9779,114.934,452.5717,1.0
2024-11-17T12:00:00.0,284.3914,192.8111,91.5804,598.8458,1.0
2024-11-17T13:00:00.0,271.5529,196.9589,74.594,666.1324,1.0
2024-11-17T14:00:00.0,135.484,64.9998,70.4842,297.4578,1.0
2024-11-17T15:00:00.0,97.9402,55.4671,42.4731,399.7334,1.0
2024-11-17T16:00:00.0,10.5816,3.0492,7.5324,55.3985,0.875
2024-11-17T17:00:00.0,0.0,0.0,0.0,0.0,1.0
2024-11-17T18:00:00.0,0.0,0.0,0.0,0.0,1.0
2024-11-17T19:00:00.0,0.0,0.0,0.0,0.0,1.0
2024-11-17T20:00:00.0,0.0,0.0,0.0,0.0,1.0
2024-11-17T21:00:00.0,0.0,0.0,0.0,0.0,1.0
2024-11-17T22:00:00.0,0.0,0.0,0.0,0.0,1.0
2024-11-17T23:00:00.0,0.0,0.0,0.0,0.0,1.0
2024-11-18T00:00:00.0,0.0,0.0,0.0,0.0,1.0
2024-11-18T01:00:00.0,0.0,0.0,0.0,0.0,1.0
2024-11-18T02:00:00.0,0.0,0.0,0.0,0.0,1.0
2024-11-18T03:00:00.0,0.0,0.0,0.0,0.0,1.0
2024-11-18T04:00:00.0,0.0,0.0,0.0,0.0,1.0
2024-11-18T05:00:00.0,0.0,0.0,0.0,0.0,1.0
2024-11-18T06:00:00.0,0.0,0.0,0.0,0.0,1.0
2024-11-18T07:00:00.0,0.0,0.0,0.0,0.0,1.0
2024-11-18T08:00:00.0,4.3076,0.0,4.3076,0.0,0.55
2024-11-18T09:00:00.0,29.0685,0.0003,29.0682,0.0016,0.9667
2024-11-18T10:00:00.0,26.2682,0.0,26.2682,0.0,1.0
2024-11-18T11:00:00.0,50.693,0.0,50.693,0.0001,1.0
2024-11-18T12:00:00.0,53.7462,0.0,53.7461,0.0,1.0
2024-11-18T13:00:00.0,116.9365,5.1185,111.818,18.4668,1.0
2024-11-18T14:00:00.0,122.2724,7.6611,114.6113,33.0812,1.0
2024-11-18T15:00:00.0,85.2253,40.6418,44.5835,311.2527,1.0
2024-11-18T16:00:00.0,9.5279,2.757,6.771,52.1803,0.8833
2024-11-18T17:00:00.0,0.0,0.0,0.0,0.0,1.0
2024-11-18T18:00:00.0,0.0,0.0,0.0,0.0,1.0
2024-11-18T19:00:00.0,0.0,0.0,0.0,0.0,1.0
2024-11-18T20:00:00.0,0.0,0.0,0.0,0.0,1.0
2024-11-18T21:00:00.0,0.0,0.0,0.0,0.0,1.0
2024-11-18T22:00:00.0,0.0,0.0,0.0,0.0,1.0
2024-11-18T23:00:00.0,0.0,0.0,0.0,0.0,1.0
2024-11-19T00:00:00.0,0.0,0.0,0.0,0.0,1.0
2024-11-19T01:00:00.0,0.0,0.0,0.0,0.0,1.0
2024-11-19T02:00:00.0,0.0,0.0,0.0,0.0,1.0
2024-11-19T03:00:00.0,0.0,0.0,0.0,0.0,1.0
2024-11-19T04:00:00.0,0.0,0.0,0.0,0.0,1.0
2024-11-19T05:00:00.0,0.0,0.0,0.0,0.0,1.0
2024-11-19T06:00:00.0,0.0,0.0,0.0,0.0,1.0
2024-11-19T07:00:00.0,0.0,0.0,0.0,0.0,1.0
2024-11-19T08:00:00.0,22.1861,0.3847,21.8014,4.8137,0.5667
2024-11-19T09:00:00.0,97.3417,31.4848,65.8569,176.3735,0.9667
2024-11-19T10:00:00.0,98.1951,0.6282,97.5669,2.4945,1.0
2024-11-19T11:00:00.0,150.8521,76.7447,74.1074,247.8007,1.0
2024-11-19T12:00:00.0,274.6315,182.5151,92.1164,579.9274,1.0
2024-11-19T13:00:00.0,250.79,166.0231,84.7669,565.7935,1.0
2024-11-19T14:00:00.0,169.0352,97.0756,71.9596,417.7187,1.0
2024-11-19T15:00:00.0,97.0827,61.7472,35.3355,471.9731,1.0
2024-11-19T16:00:00.0,9.7264,4.0457,5.6808,83.2591,0.8917
2024-11-19T17:00:00.0,0.0,0.0,0.0,0.0,1.0
2024-11-19T18:00:00.0,0.0,0.0,0.0,0.0,1.0
2024-11-19T19:00:00.0,0.0,0.0,0.0,0.0,1.0
2024-11-19T20:00:00.0,0.0,0.0,0.0,0.0,1.0
2024-11-19T21:00:00.0,0.0,0.0,0.0,0.0,1.0
2024-11-19T22:00:00.0,0.0,0.0,0.0,0.0,1.0
2024-11-19T23:00:00.0,0.0,0.0,0.0,0.0,1.0
2024-11-20T00:00:00.0,0.0,0.0,0.0,0.0,1.0
2024-11-20T01:00:00.0,0.0,0.0,0.0,0.0,1.0
2024-11-20T02:00:00.0,0.0,0.0,0.0,0.0,1.0
2024-11-20T03:00:00.0,0.0,0.0,0.0,0.0,1.0
2024-11-20T04:00:00.0,0.0,0.0,0.0,0.0,1.0
2024-11-20T05:00:00.0,0.0,0.0,0.0,0.0,1.0
2024-11-20T06:00:00.0,0.0,0.0,0.0,0.0,1.0
2024-11-20T07:00:00.0,0.0,0.0,0.0,0.0,1.0
2024-11-20T08:00:00.0,29.9712,14.74,15.2312,199.4735,0.5833
2024-11-20T09:00:00.0,129.5633,79.8951,49.6681,497.5729,0.8417
2024-11-20T10:00:00.0,228.7286,169.165,59.5637,684.3069,1.0
2024-11-20T11:00:00.0,241.7468,104.2351,137.5117,354.1129,1.0
2024-11-20T12:00:00.0,232.2769,64.5235,167.7534,207.4669,1.0
2024-11-20T13:00:00.0,187.673,31.4159,156.2571,110.5192,1.0
2024-11-20T14:00:00.0,156.896,44.2995,112.5965,215.6263,1.0
2024-11-20T15:00:00.0,88.497,40.3574,48.1397,291.1408,1.0
2024-11-20T16:00:00.0,7.7873,1.5149,6.2724,33.478,0.9083
2024-11-20T17:00:00.0,0.0,0.0,0.0,0.0,1.0
2024-11-20T18:00:00.0,0.0,0.0,0.0,0.0,1.0
2024-11-20T19:00:00.0,0.0,0.0,0.0,0.0,1.0
2024-11-20T20:00:00.0,0.0,0.0,0.0,0.0,1.0
2024-11-20T21:00:00.0,0.0,0.0,0.0,0.0,1.0
2024-11-20T22:00:00.0,0.0,0.0,0.0,0.0,1.0
2024-11-20T23:00:00.0,0.0,0.0,0.0,0.0,1.0
2024-11-21T00:00:00.0,0.0,0.0,0.0,0.0,1.0
2024-11-21T01:00:00.0,0.0,0.0,0.0,0.0,1.0
2024-11-21T02:00:00.0,0.0,0.0,0.0,0.0,1.0
2024-11-21T03:00:00.0,0.0,0.0,0.0,0.0,1.0
2024-11-21T04:00:00.0,0.0,0.0,0.0,0.0,1.0
2024-11-21T05:00:00.0,0.0,0.0,0.0,0.0,1.0
2024-11-21T06:00:00.0,0.0,0.0,0.0,0.0,1.0
2024-11-21T07:00:00.0,0.0,0.0,0.0,0.0,1.0
2024-11-21T08:00:00.0,3.1662,0.0,3.1662,0.0,0.5917
2024-11-21T09:00:00.0,14.5569,0.0,14.5569,0.0,0.8417
2024-11-21T10:00:00.0,20.9796,0.0,20.9796,0.0,1.0
2024-11-21T11:00:00.0,28.6256,0.0,28.6256,0.0,1.0
2024-11-21T12:00:00.0,42.9665,0.0027,42.9638,0.009,1.0
2024-11-21T13:00:00.0,89.1234,0.086,89.0374,0.2923,1.0
2024-11-21T14:00:00.0,109.7625,8.6831,101.0793,43.6838,1.0
2024-11-21T15:00:00.0,74.8641,11.569,63.2951,81.2449,1.0
2024-11-21T16:00:00.0,7.9324,2.3745,5.558,56.1393,0.9167
2024-11-21T17:00:00.0,0.0,0.0,0.0,0.0,1.0
2024-11-21T18:00:00.0,0.0,0.0,0.0,0.0,1.0
2024-11-21T19:00:00.0,0.0,0.0,0.0,0.0,1.0
2024-11-21T20:00:00.0,0.0,0.0,0.0,0.0,1.0
2024-11-21T21:00:00.0,0.0,0.0,0.0,0.0,1.0
2024-11-21T22:00:00.0,0.0,0.0,0.0,0.0,1.0
2024-11-21T23:00:00.0,0.0,0.0,0.0,0.0,1.0
2024-11-22T00:00:00.0,0.0,0.0,0.0,0.0,1.0
2024-11-22T01:00:00.0,0.0,0.0,0.0,0.0,1.0
2024-11-22T02:00:00.0,0.0,0.0,0.0,0.0,1.0
2024-11-22T03:00:00.0,0.0,0.0,0.0,0.0,1.0
2024-11-22T04:00:00.0,0.0,0.0,0.0,0.0,1.0
2024-11-22T05:00:00.0,0.0,0.0,0.0,0.0,1.0
2024-11-22T06:00:00.0,0.0,0.0,0.0,0.0,1.0
2024-11-22T07:00:00.0,0.0,0.0,0.0,0.0,1.0
2024-11-22T08:00:00.0,14.2615,0.0056,14.2559,0.079,0.6083
2024-11-22T09:00:00.0,91.101,22.0666,69.0344,116.2984,0.8417
2024-11-22T10:00:00.0,185.1699,85.2933,99.8766,375.7755,1.0
2024-11-22T11:00:00.0,196.3096,32.828,163.4816,111.4999,1.0
2024-11-22T12:00:00.0,208.2833,35.577,172.7063,117.0751,1.0
2024-11-22T13:00:00.0,195.6487,45.9626,149.6861,165.8736,1.0
2024-11-22T14:00:00.0,139.6564,21.2809,118.3755,96.3669,1.0
2024-11-22T15:00:00.0,72.9978,15.7042,57.2936,155.5755,1.0
2024-11-22T16:00:00.0,6.6158,1.5463,5.0695,34.1799,0.925
2024-11-22T17:00:00.0,0.0,0.0,0.0,0.0,1.0
2024-11-22T18:00:00.0,0.0,0.0,0.0,0.0,1.0
2024-11-22T19:00:00.0,0.0,0.0,0.0,0.0,1.0
2024-11-22T20:00:00.0,0.0,0.0,0.0,0.0,1.0
2024-11-22T21:00:00.0,0.0,0.0,0.0,0.0,1.0
2024-11-22T22:00:00.0,0.0,0.0,0.0,0.0,1.0
2024-11-22T23:00:00.0,0.0,0.0,0.0,0.0,1.0
2024-11-23T00:00:00.0,0.0,0.0,0.0,0.0,1.0
2024-11-23T01:00:00.0,0.0,0.0,0.0,0.0,1.0
2024-11-23T02:00:00.0,0.0,0.0,0.0,0.0,1.0
2024-11-23T03:00:00.0,0.0,0.0,0.0,0.0,1.0
2024-11-23T04:00:00.0,0.0,0.0,0.0,0.0,1.0
2024-11-23T05:00:00.0,0.0,0.0,0.0,0.0,1.0
2024-11-23T06:00:00.0,0.0,0.0,0.0,0.0,1.0
2024-11-23T07:00:00.0,0.0,0.0,0.0,0.0,1.0
2024-11-23T08:00:00.0,8.143,0.0,8.143,0.0,0.625
2024-11-23T09:00:00.0,27.7013,0.0,27.7013,0.0,0.8417
2024-11-23T10:00:00.0,19.0139,0.0,19.0139,0.0,1.0
2024-11-23T11:00:00.0,23.8668,0.0,23.8668,0.0,1.0
2024-11-23T12:00:00.0,47.719,0.0232,47.6958,0.0789,1.0
2024-11-23T13:00:00.0,92.1272,0.6961,91.431,2.4192,1.0
2024-11-23T14:00:00.0,60.4046,11.8029,48.6017,66.0523,1.0
2024-11-23T15:00:00.0,60.9972,9.6046,51.3925,86.7539,1.0
2024-11-23T16:00:00.0,5.2129,0.3773,4.8356,8.1217,0.9333
2024-11-23T17:00:00.0,0.0,0.0,0.0,0.0,1.0
2024-11-23T18:00:00.0,0.0,0.0,0.0,0.0,1.0
2024-11-23T19:00:00.0,0.0,0.0,0.0,0.0,1.0
2024-11-23T20:00:00.0,0.0,0.0,0.0,0.0,1.0
2024-11-23T21:00:00.0,0.0,0.0,0.0,0.0,1.0
2024-11-23T22:00:00.0,0.0,0.0,0.0,0.0,1.0
2024-11-23T23:00:00.0,0.0,0.0,0.0,0.0,1.0
2024-11-24T00:00:00.0,0.0,0.0,0.0,0.0,1.0
2024-11-24T01:00:00.0,0.0,0.0,0.0,0.0,1.0
2024-11-24T02:00:00.0,0.0,0.0,0.0,0.0,1.0
2024-11-24T03:00:00.0,0.0,0.0,0.0,0.0,1.0
2024-11-24T04:00:00.0,0.0,0.0,0.0,0.0,1.0
2024-11-24T05:00:00.0,0.0,0.0,0.0,0.0,1.0
2024-11-24T06:00:00.0,0.0,0.0,0.0,0.0,1.0
2024-11-24T07:00:00.0,0.0,0.0,0.0,0.0,1.0
2024-11-24T08:00:00.0,19.2342,6.0185,13.2157,88.2854,0.6333
2024-11-24T09:00:00.0,114.3858,65.8567,48.5292,438.5147,0.8417
2024-11-24T10:00:00.0,193.1965,115.5662,77.6303,494.4352,1.0
2024-11-24T11:00:00.0,216.3715,145.4917,70.8798,517.0748,1.0
2024-11-24T12:00:00.0,254.1108,172.2595,81.8512,578.1005,1.0
2024-11-24T13:00:00.0,165.2922,46.0248,119.2674,176.3351,1.0
2024-11-24T14:00:00.0,179.302,114.2672,65.0348,545.9175,1.0
2024-11-24T15:00:00.0,79.5748,39.4441,40.1307,325.2413,1.0
2024-11-24T16:00:00.0,5.4322,0.8756,4.5567,19.8723,0.825
2024-11-24T17:00:00.0,0.0,0.0,0.0,0.0,1.0
2024-11-24T18:00:00.0,0.0,0.0,0.0,0.0,1.0
2024-11-24T19:00:00.0,0.0,0.0,0.0,0.0,1.0
2024-11-24T20:00:00.0,0.0,0.0,0.0,0.0,1.0
2024-11-24T21:00:00.0,0.0,0.0,0.0,0.0,1.0
2024-11-24T22:00:00.0,0.0,0.0,0.0,0.0,1.0
2024-11-24T23:00:00.0,0.0,0.0,0.0,0.0,1.0
2024-11-25T00:00:00.0,0.0,0.0,0.0,0.0,1.0
2024-11-25T01:00:00.0,0.0,0.0,0.0,0.0,1.0
2024-11-25T02:00:00.0,0.0,0.0,0.0,0.0,1.0
2024-11-25T03:00:00.0,0.0,0.0,0.0,0.0,1.0
2024-11-25T04:00:00.0,0.0,0.0,0.0,0.0,1.0
2024-11-25T05:00:00.0,0.0,0.0,0.0,0.0,1.0
2024-11-25T06:00:00.0,0.0,0.0,0.0,0.0,1.0
2024-11-25T07:00:00.0,0.0,0.0,0.0,0.0,1.0
2024-11-25T08:00:00.0,17.4979,5.1192,12.3787,77.7211,0.65
2024-11-25T09:00:00.0,111.1082,63.4465,47.6617,430.946,0.8417
2024-11-25T10:00:00.0,207.1289,144.851,62.2779,631.4056,1.0
2024-11-25T11:00:00.0,255.3659,172.5304,82.8354,617.9767,1.0
2024-11-25T12:00:00.0,216.117,139.5601,76.5569,472.9516,1.0
2024-11-25T13:00:00.0,237.4005,179.1039,58.2966,669.7426,1.0
2024-11-25T14:00:00.0,183.6507,130.6153,53.0354,630.1039,1.0
2024-11-25T15:00:00.0,77.6683,39.7565,37.9118,353.2554,1.0
2024-11-25T16:00:00.0,5.294,1.4501,3.8439,35.3007,0.825
2024-11-25T17:00:00.0,0.0,0.0,0.0,0.0,1.0
2024-11-25T18:00:00.0,0.0,0.0,0.0,0.0,1.0
2024-11-25T19:00:00.0,0.0,0.0,0.0,0.0,1.0
2024-11-25T20:00:00.0,0.0,0.0,0.0,0.0,1.0
2024-11-25T21:00:00.0,0.0,0.0,0.0,0.0,1.0
2024-11-25T22:00:00.0,0.0,0.0,0.0,0.0,1.0
2024-11-25T23:00:00.0,0.0,0.0,0.0,0.0,1.0
2024-11-26T00:00:00.0,0.0,0.0,0.0,0.0,1.0
2024-11-26T01:00:00.0,0.0,0.0,0.0,0.0,1.0
2024-11-26T02:00:00.0,0.0,0.0,0.0,0.0,1.0
2024-11-26T03:00:00.0,0.0,0.0,0.0,0.0,1.0
2024-11-26T04:00:00.0,0.0,0.0,0.0,0.0,1.0
2024-11-26T05:00:00.0,0.0,0.0,0.0,0.0,1.0
2024-11-26T06:00:00.0,0.0,0.0,0.0,0.0,1.0
2024-11-26T07:00:00.0,0.0,0.0,0.0,0.0,1.0
2024-11-26T08:00:00.0,16.9602,6.8008,10.1594,112.1949,0.6667
2024-11-26T09:00:00.0,107.7826,66.4725,41.3101,473.9381,0.8417
2024-11-26T10:00:00.0,198.9699,142.2429,56.727,623.1543,1.0
2024-11-26T11:00:00.0,258.8672,198.1713,60.6958,716.7712,1.0
2024-11-26T12:00:00.0,262.1728,185.4193,76.7535,637.9005,1.0
2024-11-26T13:00:00.0,237.7141,165.8389,71.8752,625.3975,1.0
2024-11-26T14:00:00.0,178.1741,128.0191,50.155,627.5289,1.0
2024-11-26T15:00:00.0,75.1905,33.9808,41.2097,309.3318,1.0
2024-11-26T16:00:00.0,4.8847,1.5553,3.3294,38.8254,0.8333
2024-11-26T17:00:00.0,0.0,0.0,0.0,0.0,1.0
2024-11-26T18:00:00.0,0.0,0.0,0.0,0.0,1.0
2024-11-26T19:00:00.0,0.0,0.0,0.0,0.0,1.0
2024-11-26T20:00:00.0,0.0,0.0,0.0,0.0,1.0
2024-11-26T21:00:00.0,0.0,0.0,0.0,0.0,1.0
2024-11-26T22:00:00.0,0.0,0.0,0.0,0.0,1.0
2024-11-26T23:00:00.0,0.0,0.0,0.0,0.0,1.0
2024-11-27T00:00:00.0,0.0,0.0,0.0,0.0,1.0
2024-11-27T01:00:00.0,0.0,0.0,0.0,0.0,1.0
2024-11-27T02:00:00.0,0.0,0.0,0.0,0.0,1.0
2024-11-27T03:00:00.0,0.0,0.0,0.0,0.0,1.0
2024-11-27T04:00:00.0,0.0,0.0,0.0,0.0,1.0
2024-11-27T05:00:00.0,0.0,0.0,0.0,0.0,1.0
2024-11-27T06:00:00.0,0.0,0.0,0.0,0.0,1.0
2024-11-27T07:00:00.0,0.0,0.0,0.0,0.0,1.0
2024-11-27T08:00:00.0,13.0839,3.2287,9.8552,56.0577,0.675
2024-11-27T09:00:00.0,97.2094,50.9145,46.2949,349.66,0.8417
2024-11-27T10:00:00.0,203.3885,155.9483,47.4402,699.0451,1.0
2024-11-27T11:00:00.0,266.6863,217.0022,49.6841,792.4578,1.0
2024-11-27T12:00:00.0,278.8345,225.5925,53.242,783.9563,1.0
2024-11-27T13:00:00.0,253.7184,205.4702,48.2482,780.7344,1.0
2024-11-27T14:00:00.0,181.9409,140.0856,41.8553,693.8033,1.0
2024-11-27T15:00:00.0,80.3528,53.036,27.3168,473.2761,1.0
2024-11-27T16:00:00.0,4.5797,1.6625,2.9172,42.1917,0.8417
2024-11-27T17:00:00.0,0.0,0.0,0.0,0.0,1.0
2024-11-27T18:00:00.0,0.0,0.0,0.0,0.0,1.0
2024-11-27T19:00:00.0,0.0,0.0,0.0,0.0,1.0
2024-11-27T20:00:00.0,0.0,0.0,0.0,0.0,1.0
2024-11-27T21:00:00.0,0.0,0.0,0.0,0.0,1.0
2024-11-27T22:00:00.0,0.0,0.0,0.0,0.0,1.0
2024-11-27T23:00:00.0,0.0,0.0,0.0,0.0,1.0
2024-11-28T00:00:00.0,0.0,0.0,0.0,0.0,1.0
2024-11-28T01:00:00.0,0.0,0.0,0.0,0.0,1.0
2024-11-28T02:00:00.0,0.0,0.0,0.0,0.0,1.0
2024-11-28T03:00:00.0,0.0,0.0,0.0,0.0,1.0
2024-11-28T04:00:00.0,0.0,0.0,0.0,0.0,1.0
2024-11-28T05:00:00.0,0.0,0.0,0.0,0.0,1.0
2024-11-28T06:00:00.0,0.0,0.0,0.0,0.0,1.0
2024-11-28T07:00:00.0,0.0,0.0,0.0,0.0,1.0
2024-11-28T08:00:00.0,1.6288,0.0,1.6288,0.0,0.6917
2024-11-28T09:00:00.0,11.2546,0.0,11.2546,0.0,0.8417
2024-11-28T10:00:00.0,17.2794,0.0,17.2794,0.0,1.0
2024-11-28T11:00:00.0,20.4158,0.0,20.4158,0.0,1.0
2024-11-28T12:00:00.0,21.124,0.0,21.124,0.0,1.0
2024-11-28T13:00:00.0,19.1295,0.0,19.1295,0.0,1.0
2024-11-28T14:00:00.0,25.5089,0.0103,25.4986,0.062,1.0
2024-11-28T15:00:00.0,49.0425,4.2843,44.7583,54.2408,1.0
2024-11-28T16:00:00.0,3.275,0.2189,3.0561,5.8502,0.85
2024-11-28T17:00:00.0,0.0,0.0,0.0,0.0,1.0
2024-11-28T18:00:00.0,0.0,0.0,0.0,0.0,1.0
2024-11-28T19:00:00.0,0.0,0.0,0.0,0.0,1.0
2024-11-28T20:00:00.0,0.0,0.0,0.0,0.0,1.0
2024-11-28T21:00:00.0,0.0,0.0,0.0,0.0,1.0
2024-11-28T22:00:00.0,0.0,0.0,0.0,0.0,1.0
2024-11-28T23:00:00.0,0.0,0.0,0.0,0.0,1.0
2024-11-29T00:00:00.0,0.0,0.0,0.0,0.0,1.0
2024-11-29T01:00:00.0,0.0,0.0,0.0,0.0,1.0
2024-11-29T02:00:00.0,0.0,0.0,0.0,0.0,1.0
2024-11-29T03:00:00.0,0.0,0.0,0.0,0.0,1.0
2024-11-29T04:00:00.0,0.0,0.0,0.0,0.0,1.0
2024-11-29T05:00:00.0,0.0,0.0,0.0,0.0,1.0
2024-11-29T06:00:00.0,0.0,0.0,0.0,0.0,1.0
2024-11-29T07:00:00.0,0.0,0.0,0.0,0.0,1.0
2024-11-29T08:00:00.0,1.1761,0.0,1.1761,0.0,0.7
2024-11-29T09:00:00.0,9.601,0.0,9.601,0.0,0.7167
2024-11-29T10:00:00.0,16.61,0.0,16.61,0.0,1.0
2024-11-29T11:00:00.0,22.4398,0.0,22.4398,0.0,1.0
2024-11-29T12:00:00.0,28.0406,0.0,28.0406,0.0,1.0
2024-11-29T13:00:00.0,18.8379,0.0,18.8379,0.0,1.0
2024-11-29T14:00:00.0,23.2419,0.3346,22.9073,2.148,1.0
2024-11-29T15:00:00.0,52.2247,11.7654,40.4594,105.9576,1.0
2024-11-29T16:00:00.0,3.066,0.107,2.959,2.7137,0.85
2024-11-29T17:00:00.0,0.0,0.0,0.0,0.0,1.0
2024-11-29T18:00:00.0,0.0,0.0,0.0,0.0,1.0
2024-11-29T19:00:00.0,0.0,0.0,0.0,0.0,1.0
2024-11-29T20:00:00.0,0.0,0.0,0.0,0.0,1.0
2024-11-29T21:00:00.0,0.0,0.0,0.0,0.0,1.0
2024-11-29T22:00:00.0,0.0,0.0,0.0,0.0,1.0
2024-11-29T23:00:00.0,0.0,0.0,0.0,0.0,1.0
2024-11-30T00:00:00.0,0.0,0.0,0.0,0.0,1.0
2024-11-30T01:00:00.0,0.0,0.0,0.0,0.0,1.0
2024-11-30T02:00:00.0,0.0,0.0,0.0,0.0,1.0
2024-11-30T03:00:00.0,0.0,0.0,0.0,0.0,1.0
2024-11-30T04:00:00.0,0.0,0.0,0.0,0.0,1.0
2024-11-30T05:00:00.0,0.0,0.0,0.0,0.0,1.0
2024-11-30T06:00:00.0,0.0,0.0,0.0,0.0,1.0
2024-11-30T07:00:00.0,0.0,0.0,0.0,0.0,1.0
2024-11-30T08:00:00.0,1.0691,0.0,1.0691,0.0,0.7167
2024-11-30T09:00:00.0,9.3604,0.0,9.3604,0.0,0.7167
2024-11-30T10:00:00.0,18.8712,0.0,18.8712,0.0,1.0
2024-11-30T11:00:00.0,38.4701,0.0006,38.4696,0.0021,1.0
2024-11-30T12:00:00.0,25.0577,0.0002,25.0574,0.0009,1.0
2024-11-30T13:00:00.0,75.9304,0.635,75.2954,2.5642,1.0
2024-11-30T14:00:00.0,49.5315,0.6576,48.8739,3.0371,1.0
2024-11-30T15:00:00.0,45.5664,4.6117,40.9547,54.1653,1.0
2024-11-30T16:00:00.0,2.7801,0.0984,2.6817,2.6565,0.8583
2024-11-30T17:00:00.0,0.0,0.0,0.0,0.0,1.0
2024-11-30T18:00:00.0,0.0,0.0,0.0,0.0,1.0
2024-11-30T19:00:00.0,0.0,0.0,0.0,0.0,1.0
2024-11-30T20:00:00.0,0.0,0.0,0.0,0.0,1.0
2024-11-30T21:00:00.0,0.0,0.0,0.0,0.0,1.0
2024-11-30T22:00:00.0,0.0,0.0,0.0,0.0,1.0
2024-11-30T23:00:00.0,0.0,0.0,0.0,0.0,1.0
2024-12-01T00:00:00.0,0.0,0.0,0.0,0.0,1.0
2024-12-01T01:00:00.0,0.0,0.0,0.0,0.0,1.0
2024-12-01T02:00:00.0,0.0,0.0,0.0,0.0,1.0
2024-12-01T03:00:00.0,0.0,0.0,0.0,0.0,1.0
2024-12-01T04:00:00.0,0.0,0.0,0.0,0.0,1.0
2024-12-01T05:00:00.0,0.0,0.0,0.0,0.0,1.0
2024-12-01T06:00:00.0,0.0,0.0,0.0,0.0,1.0
2024-12-01T07:00:00.0,0.0,0.0,0.0,0.0,1.0
2024-12-01T08:00:00.0,3.5905,0.0,3.5905,0.0,0.725
2024-12-01T09:00:00.0,40.4,1.369,39.031,8.5013,0.7167
2024-12-01T10:00:00.0,93.3748,2.7899,90.5849,12.8768,1.0
2024-12-01T11:00:00.0,156.2302,31.2478,124.9825,117.9563,1.0
2024-12-01T12:00:00.0,253.3199,197.3338,55.9861,712.4222,1.0
2024-12-01T13:00:00.0,193.8442,118.0599,75.7842,452.3609,1.0
2024-12-01T14:00:00.0,41.6076,15.6894,25.9181,97.7939,1.0
2024-12-01T15:00:00.0,37.5472,7.8129,29.7343,80.3273,1.0
2024-12-01T16:00:00.0,2.9607,0.6294,2.3314,17.888,0.8667
2024-12-01T17:00:00.0,0.0,0.0,0.0,0.0,1.0
2024-12-01T18:00:00.0,0.0,0.0,0.0,0.0,1.0
2024-12-01T19:00:00.0,0.0,0.0,0.0,0.0,1.0
2024-12-01T20:00:00.0,0.0,0.0,0.0,0.0,1.0
2024-12-01T21:00:00.0,0.0,0.0,0.0,0.0,1.0
2024-12-01T22:00:00.0,0.0,0.0,0.0,0.0,1.0
2024-12-01T23:00:00.0,0.0,0.0,0.0,0.0,1.0
2024-12-02T00:00:00.0,0.0,0.0,0.0,0.0,1.0
2024-12-02T01:00:00.0,0.0,0.0,0.0,0.0,1.0
2024-12-02T02:00:00.0,0.0,0.0,0.0,0.0,1.0
2024-12-02T03:00:00.0,0.0,0.0,0.0,0.0,1.0
2024-12-02T04:00:00.0,0.0,0.0,0.0,0.0,1.0
2024-12-02T05:00:00.0,0.0,0.0,0.0,0.0,1.0
2024-12-02T06:00:00.0,0.0,0.0,0.0,0.0,1.0
2024-12-02T07:00:00.0,0.0,0.0,0.0,0.0,1.0
2024-12-02T08:00:00.0,7.395,0.9327,6.4623,19.5508,0.7333
2024-12-02T09:00:00.0,77.4168,28.0369,49.3799,203.175,0.7167
2024-12-02T10:00:00.0,167.9108,104.122,63.7887,509.2676,1.0
2024-12-02T11:00:00.0,235.275,172.4145,62.8605,659.3044,1.0
2024-12-02T12:00:00.0,251.6136,187.956,63.6576,683.9835,1.0
2024-12-02T13:00:00.0,199.4171,103.5836,95.8335,410.8873,1.0
2024-12-02T14:00:00.0,107.8773,45.1793,62.698,264.9132,1.0
2024-12-02T15:00:00.0,69.7116,40.748,28.9635,388.5966,1.0
2024-12-02T16:00:00.0,2.8817,0.6675,2.2141,19.5359,0.8667
2024-12-02T17:00:00.0,0.0,0.0,0.0,0.0,1.0
2024-12-02T18:00:00.0,0.0,0.0,0.0,0.0,1.0
2024-12-02T19:00:00.0,0.0,0.0,0.0,0.0,1.0
2024-12-02T20:00:00.0,0.0,0.0,0.0,0.0,1.0
2024-12-02T21:00:00.0,0.0,0.0,0.0,0.0,1.0
2024-12-02T22:00:00.0,0.0,0.0,0.0,0.0,1.0
2024-12-02T23:00:00.0,0.0,0.0,0.0,0.0,1.0
2024-12-03T00:00:00.0,0.0,0.0,0.0,0.0,1.0
2024-12-03T01:00:00.0,0.0,0.0,0.0,0.0,1.0
2024-12-03T02:00:00.0,0.0,0.0,0.0,0.0,1.0
2024-12-03T03:00:00.0,0.0,0.0,0.0,0.0,1.0
2024-12-03T04:00:00.0,0.0,0.0,0.0,0.0,1.0
2024-12-03T05:00:00.0,0.0,0.0,0.0,0.0,1.0
2024-12-03T06:00:00.0,0.0,0.0,0.0,0.0,1.0
2024-12-03T07:00:00.0,0.0,0.0,0.0,0.0,1.0
2024-12-03T08:00:00.0,7.5666,1.7607,5.8058,36.8045,0.75
2024-12-03T09:00:00.0,62.7399,30.9666,31.7733,273.7637,0.7167
2024-12-03T10:00:00.0,43.7328,0.0004,43.7324,0.002,1.0
2024-12-03T11:00:00.0,102.7937,5.915,96.8787,22.0006,1.0
2024-12-03T12:00:00.0,185.1683,38.3457,146.8226,140.7195,1.0
2024-12-03T13:00:00.0,141.8181,9.6968,132.1213,37.5652,1.0
2024-12-03T14:00:00.0,101.2284,5.9033,95.3251,33.1431,1.0
2024-12-03T15:00:00.0,51.6561,8.7486,42.9076,119.0471,1.0
2024-12-03T16:00:00.0,2.5261,0.5341,1.992,15.5434,0.875
2024-12-03T17:00:00.0,0.0,0.0,0.0,0.0,1.0
2024-12-03T18:00:00.0,0.0,0.0,0.0,0.0,1.0
2024-12-03T19:00:00.0,0.0,0.0,0.0,0.0,1.0
2024-12-03T20:00:00.0,0.0,0.0,0.0,0.0,1.0
2024-12-03T21:00:00.0,0.0,0.0,0.0,0.0,1.0
2024-12-03T22:00:00.0,0.0,0.0,0.0,0.0,1.0
2024-12-03T23:00:00.0,0.0,0.0,0.0,0.0,1.0
2024-12-04T00:00:00.0,0.0,0.0,0.0,0.0,1.0
2024-12-04T01:00:00.0,0.0,0.0,0.0,0.0,1.0
2024-12-04T02:00:00.0,0.0,0.0,0.0,0.0,1.0
2024-12-04T03:00:00.0,0.0,0.0,0.0,0.0,1.0
2024-12-04T04:00:00.0,0.0,0.0,0.0,0.0,1.0
2024-12-04T05:00:00.0,0.0,0.0,0.0,0.0,1.0
2024-12-04T06:00:00.0,0.0,0.0,0.0,0.0,1.0
2024-12-04T07:00:00.0,0.0,0.0,0.0,0.0,1.0
2024-12-04T08:00:00.0,0.8897,0.0,0.8897,0.0,0.7583
2024-12-04T09:00:00.0,9.9303,0.0,9.9303,0.0,0.7167
2024-12-04T10:00:00.0,16.8443,0.0,16.8443,0.0,1.0
2024-12-04T11:00:00.0,19.9273,0.0,19.9273,0.0,1.0
2024-12-04T12:00:00.0,25.0068,0.0,25.0068,0.0,1.0
2024-12-04T13:00:00.0,88.2102,1.2638,86.9464,5.2197,1.0
2024-12-04T14:00:00.0,72.951,0.6151,72.3359,3.29,1.0
2024-12-04T15:00:00.0,42.5983,4.3799,38.2185,58.0857,1.0
2024-12-04T16:00:00.0,2.1718,0.0089,2.1629,0.265,0.875
2024-12-04T17:00:00.0,0.0,0.0,0.0,0.0,1.0
2024-12-04T18:00:00.0,0.0,0.0,0.0,0.0,1.0
2024-12-04T19:00:00.0,0.0,0.0,0.0,0.0,1.0
2024-12-04T20:00:00.0,0.0,0.0,0.0,0.0,1.0
2024-12-04T21:00:00.0,0.0,0.0,0.0,0.0,1.0
2024-12-04T22:00:00.0,0.0,0.0,0.0,0.0,1.0
2024-12-04T23:00:00.0,0.0,0.0,0.0,0.0,1.0
2024-12-05T00:00:00.0,0.0,0.0,0.0,0.0,1.0
2024-12-05T01:00:00.0,0.0,0.0,0.0,0.0,1.0
2024-12-05T02:00:00.0,0.0,0.0,0.0,0.0,1.0
2024-12-05T03:00:00.0,0.0,0.0,0.0,0.0,1.0
2024-12-05T04:00:00.0,0.0,0.0,0.0,0.0,1.0
2024-12-05T05:00:00.0,0.0,0.0,0.0,0.0,1.0
2024-12-05T06:00:00.0,0.0,0.0,0.0,0.0,1.0
2024-12-05T07:00:00.0,0.0,0.0,0.0,0.0,1.0
2024-12-05T08:00:00.0,1.3397,0.0,1.3397,0.0,0.7667
2024-12-05T09:00:00.0,14.7412,0.0,14.7412,0.0,0.7167
2024-12-05T10:00:00.0,16.517,0.0,16.517,0.0,1.0
2024-12-05T11:00:00.0,24.6378,0.0,24.6378,0.0,1.0
2024-12-05T12:00:00.0,49.7221,0.8177,48.9044,3.0835,1.0
2024-12-05T13:00:00.0,125.9212,8.452,117.4691,35.637,1.0
2024-12-05T14:00:00.0,99.8769,39.5181,60.3589,238.8856,1.0
2024-12-05T15:00:00.0,38.1545,11.5776,26.5769,134.5099,0.9083
2024-12-05T16:00:00.0,2.2403,0.2637,1.9766,8.0844,0.85
2024-12-05T17:00:00.0,0.0,0.0,0.0,0.0,1.0
2024-12-05T18:00:00.0,0.0,0.0,0.0,0.0,1.0
2024-12-05T19:00:00.0,0.0,0.0,0.0,0.0,1.0
2024-12-05T20:00:00.0,0.0,0.0,0.0,0.0,1.0
2024-12-05T21:00:00.0,0.0,0.0,0.0,0.0,1.0
2024-12-05T22:00:00.0,0.0,0.0,0.0,0.0,1.0
2024-12-05T23:00:00.0,0.0,0.0,0.0,0.0,1.0
2024-12-06T00:00:00.0,0.0,0.0,0.0,0.0,1.0
2024-12-06T01:00:00.0,0.0,0.0,0.0,0.0,1.0
2024-12-06T02:00:00.0,0.0,0.0,0.0,0.0,1.0
2024-12-06T03:00:00.0,0.0,0.0,0.0,0.0,1.0
2024-12-06T04:00:00.0,0.0,0.0,0.0,0.0,1.0
2024-12-06T05:00:00.0,0.0,0.0,0.0,0.0,1.0
2024-12-06T06:00:00.0,0.0,0.0,0.0,0.0,1.0
2024-12-06T07:00:00.0,0.0,0.0,0.0,0.0,1.0
2024-12-06T08:00:00.0,3.3693,0.0004,3.3688,0.0097,0.7833
2024-12-06T09:00:00.0,35.3812,0.0116,35.3696,0.1093,0.7167
2024-12-06T10:00:00.0,46.3218,0.0208,46.301,0.099,1.0
2024-12-06T11:00:00.0,22.5019,0.0207,22.4812,0.0784,1.0
2024-12-06T12:00:00.0,137.9405,40.3168,97.6237,151.6132,1.0
2024-12-06T13:00:00.0,124.0247,37.153,86.8718,145.9604,1.0
2024-12-06T14:00:00.0,78.2343,39.8747,38.3597,214.0864,1.0
2024-12-06T15:00:00.0,15.4697,4.2547,11.215,31.0875,0.9083
2024-12-06T16:00:00.0,0.5344,0.0,0.5344,0.0,0.85
2024-12-06T17:00:00.0,0.0,0.0,0.0,0.0,1.0
2024-12-06T18:00:00.0,0.0,0.0,0.0,0.0,1.0
2024-12-06T19:00:00.0,0.0,0.0,0.0,0.0,1.0
2024-12-06T20:00:00.0,0.0,0.0,0.0,0.0,1.0
2024-12-06T21:00:00.0,0.0,0.0,0.0,0.0,1.0
2024-12-06T22:00:00.0,0.0,0.0,0.0,0.0,1.0
2024-12-06T23:00:00.0,0.0,0.0,0.0,0.0,1.0
2024-12-07T00:00:00.0,0.0,0.0,0.0,0.0,1.0
2024-12-07T01:00:00.0,0.0,0.0,0.0,0.0,1.0
2024-12-07T02:00:00.0,0.0,0.0,0.0,0.0,1.0
2024-12-07T03:00:00.0,0.0,0.0,0.0,0.0,1.0
2024-12-07T04:00:00.0,0.0,0.0,0.0,0.0,1.0
2024-12-07T05:00:00.0,0.0,0.0,0.0,0.0,1.0
2024-12-07T06:00:00.0,0.0,0.0,0.0,0.0,1.0
2024-12-07T07:00:00.0,0.0,0.0,0.0,0.0,1.0
2024-12-07T08:00:00.0,0.7054,0.0,0.7054,0.0,0.7917
2024-12-07T09:00:00.0,28.8123,12.3124,16.4998,84.7419,0.7167
2024-12-07T10:00:00.0,157.1272,90.1064,67.0208,468.4697,1.0
2024-12-07T11:00:00.0,216.9453,138.2601,78.6853,553.7302,1.0
2024-12-07T12:00:00.0,249.7992,177.6087,72.1905,672.3334,1.0
2024-12-07T13:00:00.0,225.0107,158.79,66.2207,655.3122,1.0
2024-12-07T14:00:00.0,151.4668,92.4741,58.9927,495.6003,1.0
2024-12-07T15:00:00.0,64.0931,33.5415,30.5516,335.025,0.9083
2024-12-07T16:00:00.0,2.118,0.3089,1.8092,9.4918,0.8583
2024-12-07T17:00:00.0,0.0,0.0,0.0,0.0,1.0
2024-12-07T18:00:00.0,0.0,0.0,0.0,0.0,1.0
2024-12-07T19:00:00.0,0.0,0.0,0.0,0.0,1.0
2024-12-07T20:00:00.0,0.0,0.0,0.0,0.0,1.0
2024-12-07T21:00:00.0,0.0,0.0,0.0,0.0,1.0
2024-12-07T22:00:00.0,0.0,0.0,0.0,0.0,1.0
2024-12-07T23:00:00.0,0.0,0.0,0.0,0.0,1.0
2024-12-08T00:00:00.0,0.0,0.0,0.0,0.0,1.0
2024-12-08T01:00:00.0,0.0,0.0,0.0,0.0,1.0
2024-12-08T02:00:00.0,0.0,0.0,0.0,0.0,1.0
2024-12-08T03:00:00.0,0.0,0.0,0.0,0.0,1.0
2024-12-08T04:00:00.0,0.0,0.0,0.0,0.0,1.0
2024-12-08T05:00:00.0,0.0,0.0,0.0,0.0,1.0
2024-12-08T06:00:00.0,0.0,0.0,0.0,0.0,1.0
2024-12-08T07:00:00.0,0.0,0.0,0.0,0.0,1.0
2024-12-08T08:00:00.0,4.1258,0.4648,3.661,12.0406,0.8
2024-12-08T09:00:00.0,68.0135,24.8749,43.1386,203.5652,0.7167
2024-12-08T10:00:00.0,151.9794,84.6172,67.3622,460.7079,1.0
2024-12-08T11:00:00.0,78.412,4.0674,74.3447,17.8084,1.0
2024-12-08T12:00:00.0,114.1828,2.7561,111.4267,10.5521,1.0
2024-12-08T13:00:00.0,128.6427,6.3941,122.2486,26.6668,1.0
2024-12-08T14:00:00.0,135.6276,76.3127,59.315,445.5829,1.0
2024-12-08T15:00:00.0,67.4292,41.9812,25.4481,431.219,0.9083
2024-12-08T16:00:00.0,2.241,0.6422,1.5989,18.9186,0.8583
2024-12-08T17:00:00.0,0.0,0.0,0.0,0.0,1.0
2024-12-08T18:00:00.0,0.0,0.0,0.0,0.0,1.0
2024-12-08T19:00:00.0,0.0,0.0,0.0,0.0,1.0
2024-12-08T20:00:00.0,0.0,0.0,0.0,0.0,1.0
2024-12-08T21:00:00.0,0.0,0.0,0.0,0.0,1.0
2024-12-08T22:00:00.0,0.0,0.0,0.0,0.0,1.0
2024-12-08T23:00:00.0,0.0,0.0,0.0,0.0,1.0
2024-12-09T00:00:00.0,0.0,0.0,0.0,0.0,1.0
2024-12-09T01:00:00.0,0.0,0.0,0.0,0.0,1.0
2024-12-09T02:00:00.0,0.0,0.0,0.0,0.0,1.0
2024-12-09T03:00:00.0,0.0,0.0,0.0,0.0,1.0
2024-12-09T04:00:00.0,0.0,0.0,0.0,0.0,1.0
2024-12-09T05:00:00.0,0.0,0.0,0.0,0.0,1.0
2024-12-09T06:00:00.0,0.0,0.0,0.0,0.0,1.0
2024-12-09T07:00:00.0,0.0,0.0,0.0,0.0,1.0
2024-12-09T08:00:00.0,4.1355,0.9982,3.1373,26.7643,0.8083
2024-12-09T09:00:00.0,70.6315,34.9431,35.6884,311.2534,0.7167
2024-12-09T10:00:00.0,157.813,105.813,52.0,555.5333,1.0
2024-12-09T11:00:00.0,227.2402,175.1582,52.082,715.095,1.0
2024-12-09T12:00:00.0,252.8699,203.204,49.6659,778.7932,1.0
2024-12-09T13:00:00.0,228.7743,181.1771,47.5972,756.5104,1.0
2024-12-09T14:00:00.0,162.3356,121.5627,40.7729,667.5751,1.0
2024-12-09T15:00:00.0,66.1356,41.2085,24.9271,425.1516,0.9083
2024-12-09T16:00:00.0,2.1366,0.5888,1.5478,17.8363,0.8583
2024-12-09T17:00:00.0,0.0,0.0,0.0,0.0,1.0
2024-12-09T18:00:00.0,0.0,0.0,0.0,0.0,1.0
2024-12-09T19:00:00.0,0.0,0.0,0.0,0.0,1.0
2024-12-09T20:00:00.0,0.0,0.0,0.0,0.0,1.0
2024-12-09T21:00:00.0,0.0,0.0,0.0,0.0,1.0
2024-12-09T22:00:00.0,0.0,0.0,0.0,0.0,1.0
2024-12-09T23:00:00.0,0.0,0.0,0.0,0.0,1.0
2024-12-10T00:00:00.0,0.0,0.0,0.0,0.0,1.0
2024-12-10T01:00:00.0,0.0,0.0,0.0,0.0,1.0
2024-12-10T02:00:00.0,0.0,0.0,0.0,0.0,1.0
2024-12-10T03:00:00.0,0.0,0.0,0.0,0.0,1.0
2024-12-10T04:00:00.0,0.0,0.0,0.0,0.0,1.0
2024-12-10T05:00:00.0,0.0,0.0,0.0,0.0,1.0
2024-12-10T06:00:00.0,0.0,0.0,0.0,0.0,1.0
2024-12-10T07:00:00.0,0.0,0.0,0.0,0.0,1.0
2024-12-10T08:00:00.0,0.5324,0.0,0.5324,0.0,0.8167
2024-12-10T09:00:00.0,14.8651,0.0,14.8651,0.0001,0.7167
2024-12-10T10:00:00.0,58.4834,0.0011,58.4823,0.0066,1.0
2024-12-10T11:00:00.0,68.7448,0.0008,68.744,0.0033,1.0
2024-12-10T12:00:00.0,65.5758,0.0001,65.5757,0.0005,1.0
2024-12-10T13:00:00.0,68.746,0.0006,68.7454,0.0025,1.0
2024-12-10T14:00:00.0,34.5996,0.0002,34.5994,0.0011,1.0
2024-12-10T15:00:00.0,39.9206,6.0626,33.858,96.1168,0.9083
2024-12-10T16:00:00.0,1.9244,0.3022,1.6222,8.3815,0.8583
2024-12-10T17:00:00.0,0.0,0.0,0.0,0.0,1.0
2024-12-10T18:00:00.0,0.0,0.0,0.0,0.0,1.0
2024-12-10T19:00:00.0,0.0,0.0,0.0,0.0,1.0
2024-12-10T20:00:00.0,0.0,0.0,0.0,0.0,1.0
2024-12-10T21:00:00.0,0.0,0.0,0.0,0.0,1.0
2024-12-10T22:00:00.0,0.0,0.0,0.0,0.0,1.0
2024-12-10T23:00:00.0,0.0,0.0,0.0,0.0,1.0
2024-12-11T00:00:00.0,0.0,0.0,0.0,0.0,1.0
2024-12-11T01:00:00.0,0.0,0.0,0.0,0.0,1.0
2024-12-11T02:00:00.0,0.0,0.0,0.0,0.0,1.0
2024-12-11T03:00:00.0,0.0,0.0,0.0,0.0,1.0
2024-12-11T04:00:00.0,0.0,0.0,0.0,0.0,1.0
2024-12-11T05:00:00.0,0.0,0.0,0.0,0.0,1.0
2024-12-11T06:00:00.0,0.0,0.0,0.0,0.0,1.0
2024-12-11T07:00:00.0,0.0,0.0,0.0,0.0,1.0
2024-12-11T08:00:00.0,0.4791,0.0,0.4791,0.0,0.825
2024-12-11T09:00:00.0,9.1602,0.0,9.1602,0.0,0.7167
2024-12-11T10:00:00.0,16.666,0.0,16.666,0.0,1.0
2024-12-11T11:00:00.0,32.555,0.0,32.555,0.0,1.0
2024-12-11T12:00:00.0,48.2641,0.0,48.2641,0.0,1.0
2024-12-11T13:00:00.0,54.6386,0.0,54.6386,0.0,1.0
2024-12-11T14:00:00.0,28.367,0.0,28.367,0.0,1.0
2024-12-11T15:00:00.0,21.6193,0.0,21.6193,0.0,0.9083
2024-12-11T16:00:00.0,0.2507,0.0,0.2507,0.0,0.8583
2024-12-11T17:00:00.0,0.0,0.0,0.0,0.0,1.0
2024-12-11T18:00:00.0,0.0,0.0,0.0,0.0,1.0
2024-12-11T19:00:00.0,0.0,0.0,0.0,0.0,1.0
2024-12-11T20:00:00.0,0.0,0.0,0.0,0.0,1.0
2024-12-11T21:00:00.0,0.0,0.0,0.0,0.0,1.0
2024-12-11T22:00:00.0,0.0,0.0,0.0,0.0,1.0
2024-12-11T23:00:00.0,0.0,0.0,0.0,0.0,1.0
2024-12-12T00:00:00.0,0.0,0.0,0.0,0.0,1.0
2024-12-12T01:00:00.0,0.0,0.0,0.0,0.0,1.0
2024-12-12T02:00:00.0,0.0,0.0,0.0,0.0,1.0
2024-12-12T03:00:00.0,0.0,0.0,0.0,0.0,1.0
2024-12-12T04:00:00.0,0.0,0.0,0.0,0.0,1.0
2024-12-12T05:00:00.0,0.0,0.0,0.0,0.0,1.0
2024-12-12T06:00:00.0,0.0,0.0,0.0,0.0,1.0
2024-12-12T07:00:00.0,0.0,0.0,0.0,0.0,1.0
2024-12-12T08:00:00.0,0.4035,0.0,0.4035,0.0,0.8333
2024-12-12T09:00:00.0,8.5354,0.0,8.5354,0.0,0.7167
2024-12-12T10:00:00.0,16.0352,0.0,16.0352,0.0,1.0
2024-12-12T11:00:00.0,28.8073,0.0,28.8073,0.0,1.0
2024-12-12T12:00:00.0,20.4907,0.0,20.4907,0.0,1.0
2024-12-12T13:00:00.0,19.2407,0.0,19.2407,0.0,1.0
2024-12-12T14:00:00.0,14.398,0.0,14.398,0.0,1.0
2024-12-12T15:00:00.0,19.7113,0.0,19.7113,0.0,0.9083
2024-12-12T16:00:00.0,1.0965,0.0,1.0965,0.0,0.8583
2024-12-12T17:00:00.0,0.0,0.0,0.0,0.0,1.0
2024-12-12T18:00:00.0,0.0,0.0,0.0,0.0,1.0
2024-12-12T19:00:00.0,0.0,0.0,0.0,0.0,1.0
2024-12-12T20:00:00.0,0.0,0.0,0.0,0.0,1.0
2024-12-12T21:00:00.0,0.0,0.0,0.0,0.0,1.0
2024-12-12T22:00:00.0,0.0,0.0,0.0,0.0,1.0
2024-12-12T23:00:00.0,0.0,0.0,0.0,0.0,1.0
2024-12-13T00:00:00.0,0.0,0.0,0.0,0.0,1.0
2024-12-13T01:00:00.0,0.0,0.0,0.0,0.0,1.0
2024-12-13T02:00:00.0,0.0,0.0,0.0,0.0,1.0
2024-12-13T03:00:00.0,0.0,0.0,0.0,0.0,1.0
2024-12-13T04:00:00.0,0.0,0.0,0.0,0.0,1.0
2024-12-13T05:00:00.0,0.0,0.0,0.0,0.0,1.0
2024-12-13T06:00:00.0,0.0,0.0,0.0,0.0,1.0
2024-12-13T07:00:00.0,0.0,0.0,0.0,0.0,1.0
2024-12-13T08:00:00.0,0.3703,0.0,0.3703,0.0,0.8417
2024-12-13T09:00:00.0,8.557,0.0,8.557,0.0,0.7167
2024-12-13T10:00:00.0,31.7336,0.0001,31.7335,0.0006,1.0
2024-12-13T11:00:00.0,91.8452,0.1888,91.6564,0.7756,1.0
2024-12-13T12:00:00.0,95.3679,0.1351,95.2327,0.5283,1.0
2024-12-13T13:00:00.0,77.4144,0.0056,77.4088,0.0232,1.0
2024-12-13T14:00:00.0,41.3384,0.0307,41.3077,0.207,1.0
2024-12-13T15:00:00.0,43.1894,6.9125,36.2768,111.3083,0.9083
2024-12-13T16:00:00.0,1.8426,0.3923,1.4503,11.1521,0.8583
2024-12-13T17:00:00.0,0.0,0.0,0.0,0.0,1.0
2024-12-13T18:00:00.0,0.0,0.0,0.0,0.0,1.0
2024-12-13T19:00:00.0,0.0,0.0,0.0,0.0,1.0
2024-12-13T20:00:00.0,0.0,0.0,0.0,0.0,1.0
2024-12-13T21:00:00.0,0.0,0.0,0.0,0.0,1.0
2024-12-13T22:00:00.0,0.0,0.0,0.0,0.0,1.0
2024-12-13T23:00:00.0,0.0,0.0,0.0,0.0,1.0
2024-12-14T00:00:00.0,0.0,0.0,0.0,0.0,1.0
2024-12-14T01:00:00.0,0.0,0.0,0.0,0.0,1.0
2024-12-14T02:00:00.0,0.0,0.0,0.0,0.0,1.0
2024-12-14T03:00:00.0,0.0,0.0,0.0,0.0,1.0
2024-12-14T04:00:00.0,0.0,0.0,0.0,0.0,1.0
2024-12-14T05:00:00.0,0.0,0.0,0.0,0.0,1.0
2024-12-14T06:00:00.0,0.0,0.0,0.0,0.0,1.0
2024-12-14T07:00:00.0,0.0,0.0,0.0,0.0,1.0
2024-12-14T08:00:00.0,0.3326,0.0,0.3326,0.0,0.85
2024-12-14T09:00:00.0,17.4263,0.0451,17.3812,0.3269,0.7167
2024-12-14T10:00:00.0,110.1088,11.179,98.9298,59.9481,1.0
2024-12-14T11:00:00.0,161.6688,35.9229,125.7459,150.8183,1.0
2024-12-14T12:00:00.0,182.5534,57.849,124.7045,227.7291,1.0
2024-12-14T13:00:00.0,163.6499,54.6334,109.0165,222.6638,1.0
2024-12-14T14:00:00.0,62.45,0.7918,61.6581,3.8814,1.0
2024-12-14T15:00:00.0,17.2303,0.0003,17.23,0.0028,0.9083
2024-12-14T16:00:00.0,0.2435,0.0,0.2435,0.0,0.8583
2024-12-14T17:00:00.0,0.0,0.0,0.0,0.0,1.0
2024-12-14T18:00:00.0,0.0,0.0,0.0,0.0,1.0
2024-12-14T19:00:00.0,0.0,0.0,0.0,0.0,1.0
2024-12-14T20:00:00.0,0.0,0.0,0.0,0.0,1.0
2024-12-14T21:00:00.0,0.0,0.0,0.0,0.0,1.0
2024-12-14T22:00:00.0,0.0,0.0,0.0,0.0,1.0
2024-12-14T23:00:00.0,0.0,0.0,0.0,0.0,1.0
2024-12-15T00:00:00.0,0.0,0.0,0.0,0.0,1.0
2024-12-15T01:00:00.0,0.0,0.0,0.0,0.0,1.0
2024-12-15T02:00:00.0,0.0,0.0,0.0,0.0,1.0
2024-12-15T03:00:00.0,0.0,0.0,0.0,0.0,1.0
2024-12-15T04:00:00.0,0.0,0.0,0.0,0.0,1.0
2024-12-15T05:00:00.0,0.0,0.0,0.0,0.0,1.0
2024-12-15T06:00:00.0,0.0,0.0,0.0,0.0,1.0
2024-12-15T07:00:00.0,0.0,0.0,0.0,0.0,1.0
2024-12-15T08:00:00.0,1.4908,0.0208,1.47,0.6415,0.8583
2024-12-15T09:00:00.0,42.1636,2.634,39.5296,26.3381,0.5917
2024-12-15T10:00:00.0,80.2583,2.0151,78.2433,12.1795,1.0
2024-12-15T11:00:00.0,118.9454,17.122,101.8234,70.5778,1.0
2024-12-15T12:00:00.0,110.6918,6.2462,104.4456,24.6289,1.0
2024-12-15T13:00:00.0,64.5151,0.0263,64.4888,0.1208,1.0
2024-12-15T14:00:00.0,63.1369,2.5536,60.5833,15.542,1.0
2024-12-15T15:00:00.0,37.9718,4.7203,33.2515,73.8491,0.9083
2024-12-15T16:00:00.0,1.798,0.1411,1.6569,3.9536,0.8583
2024-12-15T17:00:00.0,0.0,0.0,0.0,0.0,1.0
2024-12-15T18:00:00.0,0.0,0.0,0.0,0.0,1.0
2024-12-15T19:00:00.0,0.0,0.0,0.0,0.0,1.0
2024-12-15T20:00:00.0,0.0,0.0,0.0,0.0,1.0
2024-12-15T21:00:00.0,0.0,0.0,0.0,0.0,1.0
2024-12-15T22:00:00.0,0.0,0.0,0.0,0.0,1.0
2024-12-15T23:00:00.0,0.0,0.0,0.0,0.0,1.0
2024-12-16T00:00:00.0,0.0,0.0,0.0,0.0,1.0
2024-12-16T01:00:00.0,0.0,0.0,0.0,0.0,1.0
2024-12-16T02:00:00.0,0.0,0.0,0.0,0.0,1.0
2024-12-16T03:00:00.0,0.0,0.0,0.0,0.0,1.0
2024-12-16T04:00:00.0,0.0,0.0,0.0,0.0,1.0
2024-12-16T05:00:00.0,0.0,0.0,0.0,0.0,1.0
2024-12-16T06:00:00.0,0.0,0.0,0.0,0.0,1.0
2024-12-16T07:00:00.0,0.0,0.0,0.0,0.0,1.0
2024-12-16T08:00:00.0,0.2366,0.0,0.2366,0.0,0.8667
2024-12-16T09:00:00.0,7.3644,0.0,7.3644,0.0,0.5917
2024-12-16T10:00:00.0,15.7137,0.0,15.7137,0.0,1.0
2024-12-16T11:00:00.0,19.7862,0.0,19.7862,0.0,1.0
2024-12-16T12:00:00.0,81.7535,3.9341,77.8194,15.6245,1.0
2024-12-16T13:00:00.0,97.8605,4.5552,93.3052,18.4947,1.0
2024-12-16T14:00:00.0,51.6596,7.4624,44.1972,50.5678,1.0
2024-12-16T15:00:00.0,49.595,12.3615,37.2334,128.1022,0.9083
2024-12-16T16:00:00.0,1.6271,0.0481,1.579,1.4723,0.8583
2024-12-16T17:00:00.0,0.0,0.0,0.0,0.0,1.0
2024-12-16T18:00:00.0,0.0,0.0,0.0,0.0,1.0
2024-12-16T19:00:00.0,0.0,0.0,0.0,0.0,1.0
2024-12-16T20:00:00.0,0.0,0.0,0.0,0.0,1.0
2024-12-16T21:00:00.0,0.0,0.0,0.0,0.0,1.0
2024-12-16T22:00:00.0,0.0,0.0,0.0,0.0,1.0
2024-12-16T23:00:00.0,0.0,0.0,0.0,0.0,1.0
2024-12-17T00:00:00.0,0.0,0.0,0.0,0.0,1.0
2024-12-17T01:00:00.0,0.0,0.0,0.0,0.0,1.0
2024-12-17T02:00:00.0,0.0,0.0,0.0,0.0,1.0
2024-12-17T03:00:00.0,0.0,0.0,0.0,0.0,1.0
2024-12-17T04:00:00.0,0.0,0.0,0.0,0.0,1.0
2024-12-17T05:00:00.0,0.0,0.0,0.0,0.0,1.0
2024-12-17T06:00:00.0,0.0,0.0,0.0,0.0,1.0
2024-12-17T07:00:00.0,0.0,0.0,0.0,0.0,1.0
2024-12-17T08:00:00.0,0.1815,0.0,0.1815,0.0,0.875
2024-12-17T09:00:00.0,5.7205,0.0,5.7205,0.0,0.5917
2024-12-17T10:00:00.0,12.9191,0.0,12.9191,0.0,1.0
2024-12-17T11:00:00.0,26.5296,0.0016,26.528,0.0066,1.0
2024-12-17T12:00:00.0,33.5546,0.0007,33.5539,0.0027,1.0
2024-12-17T13:00:00.0,38.949,0.8363,38.1127,3.9077,1.0
2024-12-17T14:00:00.0,89.6375,37.3708,52.2667,195.1176,1.0
2024-12-17T15:00:00.0,7.7474,0.0,7.7474,0.0,0.9083
2024-12-17T16:00:00.0,0.2557,0.0,0.2557,0.0,0.8583
2024-12-17T17:00:00.0,0.0,0.0,0.0,0.0,1.0
2024-12-17T18:00:00.0,0.0,0.0,0.0,0.0,1.0
2024-12-17T19:00:00.0,0.0,0.0,0.0,0.0,1.0
2024-12-17T20:00:00.0,0.0,0.0,0.0,0.0,1.0
2024-12-17T21:00:00.0,0.0,0.0,0.0,0.0,1.0
2024-12-17T22:00:00.0,0.0,0.0,0.0,0.0,1.0
2024-12-17T23:00:00.0,0.0,0.0,0.0,0.0,1.0
2024-12-18T00:00:00.0,0.0,0.0,0.0,0.0,1.0
2024-12-18T01:00:00.0,0.0,0.0,0.0,0.0,1.0
2024-12-18T02:00:00.0,0.0,0.0,0.0,0.0,1.0
2024-12-18T03:00:00.0,0.0,0.0,0.0,0.0,1.0
2024-12-18T04:00:00.0,0.0,0.0,0.0,0.0,1.0
2024-12-18T05:00:00.0,0.0,0.0,0.0,0.0,1.0
2024-12-18T06:00:00.0,0.0,0.0,0.0,0.0,1.0
2024-12-18T07:00:00.0,0.0,0.0,0.0,0.0,1.0
2024-12-18T08:00:00.0,0.1917,0.0,0.1917,0.0,0.875
2024-12-18T09:00:00.0,7.4134,0.0018,7.4115,0.0137,0.5917
2024-12-18T10:00:00.0,49.2147,0.093,49.1218,0.5914,1.0
2024-12-18T11:00:00.0,44.8094,0.0388,44.7705,0.1763,1.0
2024-12-18T12:00:00.0,25.3776,0.0,25.3776,0.0,1.0
2024-12-18T13:00:00.0,23.5229,0.0007,23.5222,0.0034,1.0
2024-12-18T14:00:00.0,46.9789,0.1847,46.7941,1.2086,1.0
2024-12-18T15:00:00.0,27.0851,1.5028,25.5823,23.1837,0.9083
2024-12-18T16:00:00.0,1.88,0.0735,1.8065,2.2164,0.85
2024-12-18T17:00:00.0,0.0,0.0,0.0,0.0,1.0
2024-12-18T18:00:00.0,0.0,0.0,0.0,0.0,1.0
2024-12-18T19:00:00.0,0.0,0.0,0.0,0.0,1.0
2024-12-18T20:00:00.0,0.0,0.0,0.0,0.0,1.0
2024-12-18T21:00:00.0,0.0,0.0,0.0,0.0,1.0
2024-12-18T22:00:00.0,0.0,0.0,0.0,0.0,1.0
2024-12-18T23:00:00.0,0.0,0.0,0.0,0.0,1.0
2024-12-19T00:00:00.0,0.0,0.0,0.0,0.0,1.0
2024-12-19T01:00:00.0,0.0,0.0,0.0,0.0,1.0
2024-12-19T02:00:00.0,0.0,0.0,0.0,0.0,1.0
2024-12-19T03:00:00.0,0.0,0.0,0.0,0.0,1.0
2024-12-19T04:00:00.0,0.0,0.0,0.0,0.0,1.0
2024-12-19T05:00:00.0,0.0,0.0,0.0,0.0,1.0
2024-12-19T06:00:00.0,0.0,0.0,0.0,0.0,1.0
2024-12-19T07:00:00.0,0.0,0.0,0.0,0.0,1.0
2024-12-19T08:00:00.0,0.6863,0.0,0.6863,0.0,0.8833
2024-12-19T09:00:00.0,27.2374,0.0005,27.237,0.0049,0.5917
2024-12-19T10:00:00.0,101.1201,51.5869,49.5332,264.1472,1.0
2024-12-19T11:00:00.0,196.5504,127.6684,68.8819,557.3087,1.0
2024-12-19T12:00:00.0,133.0786,49.6383,83.4403,197.4419,1.0
2024-12-19T13:00:00.0,216.9854,161.4743,55.5111,690.2539,1.0
2024-12-19T14:00:00.0,93.5576,24.881,68.6765,128.0576,1.0
2024-12-19T15:00:00.0,56.6996,20.7681,35.9315,214.5563,0.9083
2024-12-19T16:00:00.0,2.1276,0.2122,1.9154,6.4506,0.85
2024-12-19T17:00:00.0,0.0,0.0,0.0,0.0,1.0
2024-12-19T18:00:00.0,0.0,0.0,0.0,0.0,1.0
2024-12-19T19:00:00.0,0.0,0.0,0.0,0.0,1.0
2024-12-19T20:00:00.0,0.0,0.0,0.0,0.0,1.0
2024-12-19T21:00:00.0,0.0,0.0,0.0,0.0,1.0
2024-12-19T22:00:00.0,0.0,0.0,0.0,0.0,1.0
2024-12-19T23:00:00.0,0.0,0.0,0.0,0.0,1.0
2024-12-20T00:00:00.0,0.0,0.0,0.0,0.0,1.0
2024-12-20T01:00:00.0,0.0,0.0,0.0,0.0,1.0
2024-12-20T02:00:00.0,0.0,0.0,0.0,0.0,1.0
2024-12-20T03:00:00.0,0.0,0.0,0.0,0.0,1.0
2024-12-20T04:00:00.0,0.0,0.0,0.0,0.0,1.0
2024-12-20T05:00:00.0,0.0,0.0,0.0,0.0,1.0
2024-12-20T06:00:00.0,0.0,0.0,0.0,0.0,1.0
2024-12-20T07:00:00.0,0.0,0.0,0.0,0.0,1.0
2024-12-20T08:00:00.0,0.1586,0.0,0.1586,0.0,0.8917
2024-12-20T09:00:00.0,7.4499,0.3818,7.0681,2.9002,0.5917
2024-12-20T10:00:00.0,124.4253,65.3943,59.0311,379.485,1.0
2024-12-20T11:00:00.0,141.6749,64.5307,77.1442,267.4257,1.0
2024-12-20T12:00:00.0,171.4332,86.4408,84.9924,343.6159,1.0
2024-12-20T13:00:00.0,156.2669,59.6815,96.5854,246.4479,1.0
2024-12-20T14:00:00.0,111.31,58.5216,52.7884,344.7501,1.0
2024-12-20T15:00:00.0,54.1188,17.2219,36.8969,189.1316,0.9083
2024-12-20T16:00:00.0,2.1976,0.2312,1.9664,6.8434,0.85
2024-12-20T17:00:00.0,0.0,0.0,0.0,0.0,1.0
2024-12-20T18:00:00.0,0.0,0.0,0.0,0.0,1.0
2024-12-20T19:00:00.0,0.0,0.0,0.0,0.0,1.0
2024-12-20T20:00:00.0,0.0,0.0,0.0,0.0,1.0
2024-12-20T21:00:00.0,0.0,0.0,0.0,0.0,1.0
2024-12-20T22:00:00.0,0.0,0.0,0.0,0.0,1.0
2024-12-20T23:00:00.0,0.0,0.0,0.0,0.0,1.0
2024-12-21T00:00:00.0,0.0,0.0,0.0,0.0,1.0
2024-12-21T01:00:00.0,0.0,0.0,0.0,0.0,1.0
2024-12-21T02:00:00.0,0.0,0.0,0.0,0.0,1.0
2024-12-21T03:00:00.0,0.0,0.0,0.0,0.0,1.0
2024-12-21T04:00:00.0,0.0,0.0,0.0,0.0,1.0
2024-12-21T05:00:00.0,0.0,0.0,0.0,0.0,1.0
2024-12-21T06:00:00.0,0.0,0.0,0.0,0.0,1.0
2024-12-21T07:00:00.0,0.0,0.0,0.0,0.0,1.0
2024-12-21T08:00:00.0,0.1412,0.0,0.1412,0.0,0.8917
2024-12-21T09:00:00.0,6.8103,0.0214,6.7889,0.1634,0.5917
2024-12-21T10:00:00.0,90.8709,19.7646,71.1063,99.953,1.0
2024-12-21T11:00:00.0,192.1068,107.0792,85.0275,467.1736,1.0
2024-12-21T12:00:00.0,206.473,112.0476,94.4254,444.5535,1.0
2024-12-21T13:00:00.0,182.8891,84.4445,98.4445,359.182,1.0
2024-12-21T14:00:00.0,111.5235,25.295,86.2286,130.1761,1.0
2024-12-21T15:00:00.0,44.8855,11.9455,32.94,143.5925,0.9083
2024-12-21T16:00:00.0,2.2985,0.1585,2.14,4.4103,0.8417
2024-12-21T17:00:00.0,0.0,0.0,0.0,0.0,1.0
2024-12-21T18:00:00.0,0.0,0.0,0.0,0.0,1.0
2024-12-21T19:00:00.0,0.0,0.0,0.0,0.0,1.0
2024-12-21T20:00:00.0,0.0,0.0,0.0,0.0,1.0
2024-12-21T21:00:00.0,0.0,0.0,0.0,0.0,1.0
2024-12-21T22:00:00.0,0.0,0.0,0.0,0.0,1.0
2024-12-21T23:00:00.0,0.0,0.0,0.0,0.0,1.0
2024-12-22T00:00:00.0,0.0,0.0,0.0,0.0,1.0
2024-12-22T01:00:00.0,0.0,0.0,0.0,0.0,1.0
2024-12-22T02:00:00.0,0.0,0.0,0.0,0.0,1.0
2024-12-22T03:00:00.0,0.0,0.0,0.0,0.0,1.0
2024-12-22T04:00:00.0,0.0,0.0,0.0,0.0,1.0
2024-12-22T05:00:00.0,0.0,0.0,0.0,0.0,1.0
2024-12-22T06:00:00.0,0.0,0.0,0.0,0.0,1.0
2024-12-22T07:00:00.0,0.0,0.0,0.0,0.0,1.0
2024-12-22T08:00:00.0,1.0716,0.0137,1.0578,0.2694,0.9
2024-12-22T09:00:00.0,50.6257,16.0361,34.5896,161.6427,0.5917
2024-12-22T10:00:00.0,95.9898,26.5581,69.4317,165.4645,1.0
2024-12-22T11:00:00.0,108.0282,40.3876,67.6407,182.2984,1.0
2024-12-22T12:00:00.0,82.0937,10.1223,71.9714,40.2573,1.0
2024-12-22T13:00:00.0,163.1238,50.0037,113.1201,214.5795,1.0
2024-12-22T14:00:00.0,104.9391,27.5949,77.3443,156.4577,1.0
2024-12-22T15:00:00.0,60.4684,24.7896,35.6788,248.2665,0.9083
2024-12-22T16:00:00.0,2.4793,0.1773,2.302,5.1316,0.8417
2024-12-22T17:00:00.0,0.0,0.0,0.0,0.0,1.0
2024-12-22T18:00:00.0,0.0,0.0,0.0,0.0,1.0
2024-12-22T19:00:00.0,0.0,0.0,0.0,0.0,1.0
2024-12-22T20:00:00.0,0.0,0.0,0.0,0.0,1.0
2024-12-22T21:00:00.0,0.0,0.0,0.0,0.0,1.0
2024-12-22T22:00:00.0,0.0,0.0,0.0,0.0,1.0
2024-12-22T23:00:00.0,0.0,0.0,0.0,0.0,1.0
2024-12-23T00:00:00.0,0.0,0.0,0.0,0.0,1.0
2024-12-23T01:00:00.0,0.0,0.0,0.0,0.0,1.0
2024-12-23T02:00:00.0,0.0,0.0,0.0,0.0,1.0
2024-12-23T03:00:00.0,0.0,0.0,0.0,0.0,1.0
2024-12-23T04:00:00.0,0.0,0.0,0.0,0.0,1.0
2024-12-23T05:00:00.0,0.0,0.0,0.0,0.0,1.0
2024-12-23T06:00:00.0,0.0,0.0,0.0,0.0,1.0
2024-12-23T07:00:00.0,0.0,0.0,0.0,0.0,1.0
2024-12-23T08:00:00.0,0.5998,0.0,0.5998,0.0004,0.9
2024-12-23T09:00:00.0,30.4663,0.0065,30.4598,0.0694,0.5917
2024-12-23T10:00:00.0,48.1177,0.926,47.1917,4.9417,1.0
2024-12-23T11:00:00.0,108.414,11.2677,97.1463,48.1689,1.0
2024-12-23T12:00:00.0,85.9391,7.7618,78.1772,30.7744,1.0
2024-12-23T13:00:00.0,71.3609,8.0253,63.3356,36.5862,1.0
2024-12-23T14:00:00.0,120.4965,47.6959,72.8006,269.1289,1.0
2024-12-23T15:00:00.0,58.1401,26.7892,31.351,272.106,0.9083
2024-12-23T16:00:00.0,2.5695,0.3891,2.1803,11.5002,0.8333
2024-12-23T17:00:00.0,0.0,0.0,0.0,0.0,1.0
2024-12-23T18:00:00.0,0.0,0.0,0.0,0.0,1.0
2024-12-23T19:00:00.0,0.0,0.0,0.0,0.0,1.0
2024-12-23T20:00:00.0,0.0,0.0,0.0,0.0,1.0
2024-12-23T21:00:00.0,0.0,0.0,0.0,0.0,1.0
2024-12-23T22:00:00.0,0.0,0.0,0.0,0.0,1.0
2024-12-23T23:00:00.0,0.0,0.0,0.0,0.0,1.0
2024-12-24T00:00:00.0,0.0,0.0,0.0,0.0,1.0
2024-12-24T01:00:00.0,0.0,0.0,0.0,0.0,1.0
2024-12-24T02:00:00.0,0.0,0.0,0.0,0.0,1.0
2024-12-24T03:00:00.0,0.0,0.0,0.0,0.0,1.0
2024-12-24T04:00:00.0,0.0,0.0,0.0,0.0,1.0
2024-12-24T05:00:00.0,0.0,0.0,0.0,0.0,1.0
2024-12-24T06:00:00.0,0.0,0.0,0.0,0.0,1.0
2024-12-24T07:00:00.0,0.0,0.0,0.0,0.0,1.0
2024-12-24T08:00:00.0,0.9555,0.0804,0.8751,1.5032,0.9
2024-12-24T09:00:00.0,50.6266,23.7525,26.874,259.4904,0.5917
2024-12-24T10:00:00.0,52.1763,4.1681,48.0082,30.4654,1.0
2024-12-24T11:00:00.0,93.0501,2.2331,90.817,9.1655,1.0
2024-12-24T12:00:00.0,107.5656,3.6903,103.8753,14.6824,1.0
2024-12-24T13:00:00.0,70.9585,0.0049,70.9536,0.0213,1.0
2024-12-24T14:00:00.0,30.3455,0.0009,30.3446,0.0053,1.0
2024-12-24T15:00:00.0,36.273,0.0325,36.2405,0.4131,0.9083
2024-12-24T16:00:00.0,1.9882,0.0014,1.9868,0.0381,0.825
2024-12-24T17:00:00.0,0.0,0.0,0.0,0.0,1.0
2024-12-24T18:00:00.0,0.0,0.0,0.0,0.0,1.0
2024-12-24T19:00:00.0,0.0,0.0,0.0,0.0,1.0
2024-12-24T20:00:00.0,0.0,0.0,0.0,0.0,1.0
2024-12-24T21:00:00.0,0.0,0.0,0.0,0.0,1.0
2024-12-24T22:00:00.0,0.0,0.0,0.0,0.0,1.0
2024-12-24T23:00:00.0,0.0,0.0,0.0,0.0,1.0
2024-12-25T00:00:00.0,0.0,0.0,0.0,0.0,1.0
2024-12-25T01:00:00.0,0.0,0.0,0.0,0.0,1.0
2024-12-25T02:00:00.0,0.0,0.0,0.0,0.0,1.0
2024-12-25T03:00:00.0,0.0,0.0,0.0,0.0,1.0
2024-12-25T04:00:00.0,0.0,0.0,0.0,0.0,1.0
2024-12-25T05:00:00.0,0.0,0.0,0.0,0.0,1.0
2024-12-25T06:00:00.0,0.0,0.0,0.0,0.0,1.0
2024-12-25T07:00:00.0,0.0,0.0,0.0,0.0,1.0
2024-12-25T08:00:00.0,0.109,0.0,0.109,0.0,0.9083
2024-12-25T09:00:00.0,6.2332,0.0,6.2332,0.0,0.5917
2024-12-25T10:00:00.0,33.3626,0.0,33.3626,0.0,1.0
2024-12-25T11:00:00.0,72.2146,0.013,72.2017,0.0547,1.0
2024-12-25T12:00:00.0,82.1125,0.0152,82.0973,0.0602,1.0
2024-12-25T13:00:00.0,77.5465,0.016,77.5305,0.0672,1.0
2024-12-25T14:00:00.0,30.8879,0.0022,30.8857,0.0119,1.0
2024-12-25T15:00:00.0,40.4228,1.6123,38.8106,22.7232,0.9083
2024-12-25T16:00:00.0,2.5266,0.1093,2.4173,3.0813,0.825
2024-12-25T17:00:00.0,0.0,0.0,0.0,0.0,1.0
2024-12-25T18:00:00.0,0.0,0.0,0.0,0.0,1.0
2024-12-25T19:00:00.0,0.0,0.0,0.0,0.0,1.0
2024-12-25T20:00:00.0,0.0,0.0,0.0,0.0,1.0
2024-12-25T21:00:00.0,0.0,0.0,0.0,0.0,1.0
2024-12-25T22:00:00.0,0.0,0.0,0.0,0.0,1.0
2024-12-25T23:00:00.0,0.0,0.0,0.0,0.0,1.0
2024-12-26T00:00:00.0,0.0,0.0,0.0,0.0,1.0
2024-12-26T01:00:00.0,0.0,0.0,0.0,0.0,1.0
2024-12-26T02:00:00.0,0.0,0.0,0.0,0.0,1.0
2024-12-26T03:00:00.0,0.0,0.0,0.0,0.0,1.0
2024-12-26T04:00:00.0,0.0,0.0,0.0,0.0,1.0
2024-12-26T05:00:00.0,0.0,0.0,0.0,0.0,1.0
2024-12-26T06:00:00.0,0.0,0.0,0.0,0.0,1.0
2024-12-26T07:00:00.0,0.0,0.0,0.0,0.0,1.0
2024-12-26T08:00:00.0,0.2453,0.0,0.2453,0.0,0.9083
2024-12-26T09:00:00.0,14.3361,0.0,14.3361,0.0,0.5917
2024-12-26T10:00:00.0,46.4232,0.0001,46.4231,0.0005,1.0
2024-12-26T11:00:00.0,46.501,0.0007,46.5003,0.0029,1.0
2024-12-26T12:00:00.0,94.1053,2.3819,91.7234,9.4105,1.0
2024-12-26T13:00:00.0,139.709,26.838,112.8711,119.2317,1.0
2024-12-26T14:00:00.0,115.813,34.5145,81.2985,168.5608,1.0
2024-12-26T15:00:00.0,21.9659,0.0028,21.9631,0.0199,0.9083
2024-12-26T16:00:00.0,0.9995,0.0,0.9995,0.0,0.8167
2024-12-26T17:00:00.0,0.0,0.0,0.0,0.0,1.0
2024-12-26T18:00:00.0,0.0,0.0,0.0,0.0,1.0
2024-12-26T19:00:00.0,0.0,0.0,0.0,0.0,1.0
2024-12-26T20:00:00.0,0.0,0.0,0.0,0.0,1.0
2024-12-26T21:00:00.0,0.0,0.0,0.0,0.0,1.0
2024-12-26T22:00:00.0,0.0,0.0,0.0,0.0,1.0
2024-12-26T23:00:00.0,0.0,0.0,0.0,0.0,1.0
2024-12-27T00:00:00.0,0.0,0.0,0.0,0.0,1.0
2024-12-27T01:00:00.0,0.0,0.0,0.0,0.0,1.0
2024-12-27T02:00:00.0,0.0,0.0,0.0,0.0,1.0
2024-12-27T03:00:00.0,0.0,0.0,0.0,0.0,1.0
2024-12-27T04:00:00.0,0.0,0.0,0.0,0.0,1.0
2024-12-27T05:00:00.0,0.0,0.0,0.0,0.0,1.0
2024-12-27T06:00:00.0,0.0,0.0,0.0,0.0,1.0
2024-12-27T07:00:00.0,0.0,0.0,0.0,0.0,1.0
2024-12-27T08:00:00.0,0.1025,0.0,0.1025,0.0,0.9083
2024-12-27T09:00:00.0,6.2374,0.0,6.2374,0.0,0.5917
2024-12-27T10:00:00.0,30.0449,0.0,30.0449,0.0,1.0
2024-12-27T11:00:00.0,54.1462,0.0,54.1461,0.0001,1.0
2024-12-27T12:00:00.0,95.8253,39.5539,56.2715,155.0194,1.0
2024-12-27T13:00:00.0,19.3214,0.0,19.3214,0.0,1.0
2024-12-27T14:00:00.0,14.7125,0.0,14.7125,0.0,1.0
2024-12-27T15:00:00.0,30.112,7.084,23.0281,96.8779,0.9083
2024-12-27T16:00:00.0,3.6173,0.6331,2.9842,17.3208,0.8083
2024-12-27T17:00:00.0,0.0,0.0,0.0,0.0,1.0
2024-12-27T18:00:00.0,0.0,0.0,0.0,0.0,1.0
2024-12-27T19:00:00.0,0.0,0.0,0.0,0.0,1.0
2024-12-27T20:00:00.0,0.0,0.0,0.0,0.0,1.0
2024-12-27T21:00:00.0,0.0,0.0,0.0,0.0,1.0
2024-12-27T22:00:00.0,0.0,0.0,0.0,0.0,1.0
2024-12-27T23:00:00.0,0.0,0.0,0.0,0.0,1.0
2024-12-28T00:00:00.0,0.0,0.0,0.0,0.0,1.0
2024-12-28T01:00:00.0,0.0,0.0,0.0,0.0,1.0
2024-12-28T02:00:00.0,0.0,0.0,0.0,0.0,1.0
2024-12-28T03:00:00.0,0.0,0.0,0.0,0.0,1.0
2024-12-28T04:00:00.0,0.0,0.0,0.0,0.0,1.0
2024-12-28T05:00:00.0,0.0,0.0,0.0,0.0,1.0
2024-12-28T06:00:00.0,0.0,0.0,0.0,0.0,1.0
2024-12-28T07:00:00.0,0.0,0.0,0.0,0.0,1.0
2024-12-28T08:00:00.0,0.4756,0.0001,0.4755,0.002,0.9083
2024-12-28T09:00:00.0,29.3215,0.0362,29.2853,0.3942,0.5917
2024-12-28T10:00:00.0,67.4078,0.2279,67.1799,1.1592,1.0
2024-12-28T11:00:00.0,66.1034,0.1278,65.9756,0.5981,1.0
2024-12-28T12:00:00.0,50.2022,0.0124,50.1899,0.0487,1.0
2024-12-28T13:00:00.0,109.4323,2.6985,106.7338,11.0713,1.0
2024-12-28T14:00:00.0,81.5409,38.3446,43.1963,229.2836,1.0
2024-12-28T15:00:00.0,60.9535,20.9974,39.9561,164.0764,0.9083
2024-12-28T16:00:00.0,3.2454,0.0863,3.1591,2.2327,0.8
2024-12-28T17:00:00.0,0.0,0.0,0.0,0.0,1.0
2024-12-28T18:00:00.0,0.0,0.0,0.0,0.0,1.0
2024-12-28T19:00:00.0,0.0,0.0,0.0,0.0,1.0
2024-12-28T20:00:00.0,0.0,0.0,0.0,0.0,1.0
2024-12-28T21:00:00.0,0.0,0.0,0.0,0.0,1.0
2024-12-28T22:00:00.0,0.0,0.0,0.0,0.0,1.0
2024-12-28T23:00:00.0,0.0,0.0,0.0,0.0,1.0
2024-12-29T00:00:00.0,0.0,0.0,0.0,0.0,1.0
2024-12-29T01:00:00.0,0.0,0.0,0.0,0.0,1.0
2024-12-29T02:00:00.0,0.0,0.0,0.0,0.0,1.0
2024-12-29T03:00:00.0,0.0,0.0,0.0,0.0,1.0
2024-12-29T04:00:00.0,0.0,0.0,0.0,0.0,1.0
2024-12-29T05:00:00.0,0.0,0.0,0.0,0.0,1.0
2024-12-29T06:00:00.0,0.0,0.0,0.0,0.0,1.0
2024-12-29T07:00:00.0,0.0,0.0,0.0,0.0,1.0
2024-12-29T08:00:00.0,0.1943,0.0,0.1943,0.0,0.9083
2024-12-29T09:00:00.0,12.2976,0.0,12.2976,0.0,0.5917
2024-12-29T10:00:00.0,44.085,0.0316,44.0534,0.153,1.0
2024-12-29T11:00:00.0,139.0957,11.5485,127.5472,49.2925,1.0
2024-12-29T12:00:00.0,95.6051,2.5222,93.0829,9.9398,1.0
2024-12-29T13:00:00.0,76.1782,0.1,76.0782,0.449,1.0
2024-12-29T14:00:00.0,91.9284,5.0236,86.9049,24.8081,1.0
2024-12-29T15:00:00.0,33.4546,0.0002,33.4544,0.0018,0.9083
2024-12-29T16:00:00.0,2.5362,0.0,2.5362,0.0001,0.7917
2024-12-29T17:00:00.0,0.0,0.0,0.0,0.0,1.0
2024-12-29T18:00:00.0,0.0,0.0,0.0,0.0,1.0
2024-12-29T19:00:00.0,0.0,0.0,0.0,0.0,1.0
2024-12-29T20:00:00.0,0.0,0.0,0.0,0.0,1.0
2024-12-29T21:00:00.0,0.0,0.0,0.0,0.0,1.0
2024-12-29T22:00:00.0,0.0,0.0,0.0,0.0,1.0
2024-12-29T23:00:00.0,0.0,0.0,0.0,0.0,1.0
2024-12-30T00:00:00.0,0.0,0.0,0.0,0.0,1.0
2024-12-30T01:00:00.0,0.0,0.0,0.0,0.0,1.0
2024-12-30T02:00:00.0,0.0,0.0,0.0,0.0,1.0
2024-12-30T03:00:00.0,0.0,0.0,0.0,0.0,1.0
2024-12-30T04:00:00.0,0.0,0.0,0.0,0.0,1.0
2024-12-30T05:00:00.0,0.0,0.0,0.0,0.0,1.0
2024-12-30T06:00:00.0,0.0,0.0,0.0,0.0,1.0
2024-12-30T07:00:00.0,0.0,0.0,0.0,0.0,1.0
2024-12-30T08:00:00.0,0.1178,0.0,0.1178,0.0,0.9083
2024-12-30T09:00:00.0,7.5448,0.0,7.5448,0.0,0.7167
2024-12-30T10:00:00.0,42.2746,0.0279,42.2467,0.1483,1.0
2024-12-30T11:00:00.0,59.1661,0.0037,59.1625,0.0147,1.0
2024-12-30T12:00:00.0,104.0689,0.2857,103.7831,1.1098,1.0
2024-12-30T13:00:00.0,63.6467,0.0191,63.6277,0.0748,1.0
2024-12-30T14:00:00.0,35.393,3.55,31.843,22.0133,1.0
2024-12-30T15:00:00.0,43.2674,1.3322,41.9352,9.3217,0.9083
2024-12-30T16:00:00.0,2.4273,0.0,2.4273,0.0,0.7917
2024-12-30T17:00:00.0,0.0,0.0,0.0,0.0,1.0
2024-12-30T18:00:00.0,0.0,0.0,0.0,0.0,1.0
2024-12-30T19:00:00.0,0.0,0.0,0.0,0.0,1.0
2024-12-30T20:00:00.0,0.0,0.0,0.0,0.0,1.0
2024-12-30T21:00:00.0,0.0,0.0,0.0,0.0,1.0
2024-12-30T22:00:00.0,0.0,0.0,0.0,0.0,1.0
2024-12-30T23:00:00.0,0.0,0.0,0.0,0.0,1.0
2024-12-31T00:00:00.0,0.0,0.0,0.0,0.0,1.0
2024-12-31T01:00:00.0,0.0,0.0,0.0,0.0,1.0
2024-12-31T02:00:00.0,0.0,0.0,0.0,0.0,1.0
2024-12-31T03:00:00.0,0.0,0.0,0.0,0.0,1.0
2024-12-31T04:00:00.0,0.0,0.0,0.0,0.0,1.0
2024-12-31T05:00:00.0,0.0,0.0,0.0,0.0,1.0
2024-12-31T06:00:00.0,0.0,0.0,0.0,0.0,1.0
2024-12-31T07:00:00.0,0.0,0.0,0.0,0.0,1.0
2024-12-31T08:00:00.0,0.2006,0.0,0.2006,0.0,0.9083
2024-12-31T09:00:00.0,10.379,0.0,10.379,0.0,0.7167
2024-12-31T10:00:00.0,29.0205,0.001,29.0195,0.0054,1.0
2024-12-31T11:00:00.0,22.9913,0.0,22.9913,0.0,1.0
2024-12-31T12:00:00.0,20.8495,0.0,20.8495,0.0,1.0
2024-12-31T13:00:00.0,19.1793,0.0,19.1793,0.0,1.0
2024-12-31T14:00:00.0,37.5782,0.0004,37.5778,0.0021,1.0
2024-12-31T15:00:00.0,42.0437,0.0008,42.0429,0.0081,0.9083
2024-12-31T16:00:00.0,3.4692,0.0,3.4692,0.0009,0.775
2024-12-31T17:00:00.0,0.0,0.0,0.0,0.0,1.0
2024-12-31T18:00:00.0,0.0,0.0,0.0,0.0,1.0
2024-12-31T19:00:00.0,0.0,0.0,0.0,0.0,1.0
2024-12-31T20:00:00.0,0.0,0.0,0.0,0.0,1.0
2024-12-31T21:00:00.0,0.0,0.0,0.0,0.0,1.0
2024-12-31T22:00:00.0,0.0,0.0,0.0,0.0,1.0
2024-12-31T23:00:00.0,0.0,0.0,0.0,0.0,1.0
2025-01-01T00:00:00.0,0.0,0.0,0.0,0.0,1.0
2025-01-01T01:00:00.0,0.0,0.0,0.0,0.0,1.0
2025-01-01T02:00:00.0,0.0,0.0,0.0,0.0,1.0
2025-01-01T03:00:00.0,0.0,0.0,0.0,0.0,1.0
2025-01-01T04:00:00.0,0.0,0.0,0.0,0.0,1.0
2025-01-01T05:00:00.0,0.0,0.0,0.0,0.0,1.0
2025-01-01T06:00:00.0,0.0,0.0,0.0,0.0,1.0
2025-01-01T07:00:00.0,0.0,0.0,0.0,0.0,1.0
2025-01-01T08:00:00.0,0.1222,0.0,0.1222,0.0,0.9083
2025-01-01T09:00:00.0,7.2839,0.0,7.2839,0.0,0.7167
2025-01-01T10:00:00.0,58.3336,2.7989,55.5347,13.6413,1.0
2025-01-01T11:00:00.0,213.8741,150.3297,63.5444,634.2695,1.0
2025-01-01T12:00:00.0,247.6895,187.349,60.3405,721.8354,1.0
2025-01-01T13:00:00.0,171.1761,67.9591,103.2171,280.8563,1.0
2025-01-01T14:00:00.0,173.9962,129.4752,44.521,666.2876,1.0
2025-01-01T15:00:00.0,82.9895,54.0507,28.9388,477.9493,0.9083
2025-01-01T16:00:00.0,6.5818,2.4831,4.0987,60.0581,0.7667
2025-01-01T17:00:00.0,0.0,0.0,0.0,0.0,1.0
2025-01-01T18:00:00.0,0.0,0.0,0.0,0.0,1.0
2025-01-01T19:00:00.0,0.0,0.0,0.0,0.0,1.0
2025-01-01T20:00:00.0,0.0,0.0,0.0,0.0,1.0
2025-01-01T21:00:00.0,0.0,0.0,0.0,0.0,1.0
2025-01-01T22:00:00.0,0.0,0.0,0.0,0.0,1.0
2025-01-01T23:00:00.0,0.0,0.0,0.0,0.0,1.0
2025-01-02T00:00:00.0,0.0,0.0,0.0,0.0,1.0
2025-01-02T01:00:00.0,0.0,0.0,0.0,0.0,1.0
2025-01-02T02:00:00.0,0.0,0.0,0.0,0.0,1.0
2025-01-02T03:00:00.0,0.0,0.0,0.0,0.0,1.0
2025-01-02T04:00:00.0,0.0,0.0,0.0,0.0,1.0
2025-01-02T05:00:00.0,0.0,0.0,0.0,0.0,1.0
2025-01-02T06:00:00.0,0.0,0.0,0.0,0.0,1.0
2025-01-02T07:00:00.0,0.0,0.0,0.0,0.0,1.0
2025-01-02T08:00:00.0,0.9135,0.0853,0.8283,1.9716,0.9083
2025-01-02T09:00:00.0,56.9771,31.8475,25.1296,343.2482,0.7167
2025-01-02T10:00:00.0,149.4707,104.4584,45.0123,594.3281,1.0
2025-01-02T11:00:00.0,230.2423,185.8451,44.3972,784.9636,1.0
2025-01-02T12:00:00.0,261.0845,216.8825,44.2021,830.9274,1.0
2025-01-02T13:00:00.0,244.8532,201.4614,43.3918,814.9309,1.0
2025-01-02T14:00:00.0,184.9015,146.3517,38.5498,745.3817,1.0
2025-01-02T15:00:00.0,90.2932,63.5165,26.7766,555.0465,0.9083
2025-01-02T16:00:00.0,7.8612,3.6648,4.1963,85.9822,0.7583
2025-01-02T17:00:00.0,0.0,0.0,0.0,0.0,1.0
2025-01-02T18:00:00.0,0.0,0.0,0.0,0.0,1.0
2025-01-02T19:00:00.0,0.0,0.0,0.0,0.0,1.0
2025-01-02T20:00:00.0,0.0,0.0,0.0,0.0,1.0
2025-01-02T21:00:00.0,0.0,0.0,0.0,0.0,1.0
2025-01-02T22:00:00.0,0.0,0.0,0.0,0.0,1.0
2025-01-02T23:00:00.0,0.0,0.0,0.0,0.0,1.0
2025-01-03T00:00:00.0,0.0,0.0,0.0,0.0,1.0
2025-01-03T01:00:00.0,0.0,0.0,0.0,0.0,1.0
2025-01-03T02:00:00.0,0.0,0.0,0.0,0.0,1.0
2025-01-03T03:00:00.0,0.0,0.0,0.0,0.0,1.0
2025-01-03T04:00:00.0,0.0,0.0,0.0,0.0,1.0
2025-01-03T05:00:00.0,0.0,0.0,0.0,0.0,1.0
2025-01-03T06:00:00.0,0.0,0.0,0.0,0.0,1.0
2025-01-03T07:00:00.0,0.0,0.0,0.0,0.0,1.0
2025-01-03T08:00:00.0,1.0883,0.3066,0.7817,5.7573,0.9083
2025-01-03T09:00:00.0,61.2287,39.8823,21.3465,444.9399,0.7167
2025-01-03T10:00:00.0,154.4967,112.6483,41.8484,645.0452,1.0
2025-01-03T11:00:00.0,219.5837,167.1404,52.4433,700.0338,1.0
2025-01-03T12:00:00.0,247.8983,192.9636,54.9347,735.0792,1.0
2025-01-03T13:00:00.0,231.4846,178.2424,53.2423,718.4285,1.0
2025-01-03T14:00:00.0,179.2377,131.6785,47.5593,656.5057,1.0
2025-01-03T15:00:00.0,88.0759,52.1039,35.972,468.4218,0.9083
2025-01-03T16:00:00.0,8.5694,4.0845,4.4849,92.4838,0.75
2025-01-03T17:00:00.0,0.0,0.0,0.0,0.0,1.0
2025-01-03T18:00:00.0,0.0,0.0,0.0,0.0,1.0
2025-01-03T19:00:00.0,0.0,0.0,0.0,0.0,1.0
2025-01-03T20:00:00.0,0.0,0.0,0.0,0.0,1.0
2025-01-03T21:00:00.0,0.0,0.0,0.0,0.0,1.0
2025-01-03T22:00:00.0,0.0,0.0,0.0,0.0,1.0
2025-01-03T23:00:00.0,0.0,0.0,0.0,0.0,1.0
2025-01-04T00:00:00.0,0.0,0.0,0.0,0.0,1.0
2025-01-04T01:00:00.0,0.0,0.0,0.0,0.0,1.0
2025-01-04T02:00:00.0,0.0,0.0,0.0,0.0,1.0
2025-01-04T03:00:00.0,0.0,0.0,0.0,0.0,1.0
2025-01-04T04:00:00.0,0.0,0.0,0.0,0.0,1.0
2025-01-04T05:00:00.0,0.0,0.0,0.0,0.0,1.0
2025-01-04T06:00:00.0,0.0,0.0,0.0,0.0,1.0
2025-01-04T07:00:00.0,0.0,0.0,0.0,0.0,1.0
2025-01-04T08:00:00.0,0.339,0.0,0.339,0.0,0.9
2025-01-04T09:00:00.0,23.4727,0.0287,23.444,0.2316,0.7167
2025-01-04T10:00:00.0,19.1851,0.0146,19.1705,0.1043,1.0
2025-01-04T11:00:00.0,25.9824,0.0,25.9824,0.0,1.0
2025-01-04T12:00:00.0,20.7838,0.0,20.7838,0.0,1.0
2025-01-04T13:00:00.0,19.6841,0.0,19.6841,0.0,1.0
2025-01-04T14:00:00.0,67.4735,0.2033,67.2702,1.0256,1.0
2025-01-04T15:00:00.0,51.2091,0.768,50.4412,8.6375,0.9083
2025-01-04T16:00:00.0,6.5238,0.1389,6.3849,2.9486,0.7417
2025-01-04T17:00:00.0,0.0,0.0,0.0,0.0,1.0
2025-01-04T18:00:00.0,0.0,0.0,0.0,0.0,1.0
2025-01-04T19:00:00.0,0.0,0.0,0.0,0.0,1.0
2025-01-04T20:00:00.0,0.0,0.0,0.0,0.0,1.0
2025-01-04T21:00:00.0,0.0,0.0,0.0,0.0,1.0
2025-01-04T22:00:00.0,0.0,0.0,0.0,0.0,1.0
2025-01-04T23:00:00.0,0.0,0.0,0.0,0.0,1.0
2025-01-05T00:00:00.0,0.0,0.0,0.0,0.0,1.0
2025-01-05T01:00:00.0,0.0,0.0,0.0,0.0,1.0
2025-01-05T02:00:00.0,0.0,0.0,0.0,0.0,1.0
2025-01-05T03:00:00.0,0.0,0.0,0.0,0.0,1.0
2025-01-05T04:00:00.0,0.0,0.0,0.0,0.0,1.0
2025-01-05T05:00:00.0,0.0,0.0,0.0,0.0,1.0
2025-01-05T06:00:00.0,0.0,0.0,0.0,0.0,1.0
2025-01-05T07:00:00.0,0.0,0.0,0.0,0.0,1.0
2025-01-05T08:00:00.0,1.0822,0.234,0.8482,5.9291,0.9
2025-01-05T09:00:00.0,41.0387,22.0196,19.0191,271.4239,0.7167
2025-01-05T10:00:00.0,33.9107,0.0206,33.8901,0.106,1.0
2025-01-05T11:00:00.0,19.7538,0.0,19.7538,0.0,1.0
2025-01-05T12:00:00.0,21.3957,0.0,21.3957,0.0,1.0
2025-01-05T13:00:00.0,20.263,0.0,20.263,0.0,1.0
2025-01-05T14:00:00.0,25.3304,0.0,25.3304,0.0,1.0
2025-01-05T15:00:00.0,13.2472,0.0,13.2472,0.0,0.9083
2025-01-05T16:00:00.0,2.2516,0.0,2.2516,0.0,0.725
2025-01-05T17:00:00.0,0.0,0.0,0.0,0.0,1.0
2025-01-05T18:00:00.0,0.0,0.0,0.0,0.0,1.0
2025-01-05T19:00:00.0,0.0,0.0,0.0,0.0,1.0
2025-01-05T20:00:00.0,0.0,0.0,0.0,0.0,1.0
2025-01-05T21:00:00.0,0.0,0.0,0.0,0.0,1.0
2025-01-05T22:00:00.0,0.0,0.0,0.0,0.0,1.0
2025-01-05T23:00:00.0,0.0,0.0,0.0,0.0,1.0
2025-01-06T00:00:00.0,0.0,0.0,0.0,0.0,1.0
2025-01-06T01:00:00.0,0.0,0.0,0.0,0.0,1.0
2025-01-06T02:00:00.0,0.0,0.0,0.0,0.0,1.0
2025-01-06T03:00:00.0,0.0,0.0,0.0,0.0,1.0
2025-01-06T04:00:00.0,0.0,0.0,0.0,0.0,1.0
2025-01-06T05:00:00.0,0.0,0.0,0.0,0.0,1.0
2025-01-06T06:00:00.0,0.0,0.0,0.0,0.0,1.0
2025-01-06T07:00:00.0,0.0,0.0,0.0,0.0,1.0
2025-01-06T08:00:00.0,0.1711,0.0,0.1711,0.0,0.9
2025-01-06T09:00:00.0,14.716,0.0002,14.7158,0.0012,0.7167
2025-01-06T10:00:00.0,97.0373,24.4159,72.6214,117.0743,1.0
2025-01-06T11:00:00.0,144.3357,55.0666,89.2691,222.7719,1.0
2025-01-06T12:00:00.0,256.2382,194.0371,62.2011,723.5156,1.0
2025-01-06T13:00:00.0,191.2931,74.057,117.2361,281.2768,1.0
2025-01-06T14:00:00.0,52.6197,0.8794,51.7403,3.7978,1.0
2025-01-06T15:00:00.0,54.0406,15.1651,38.8755,161.8078,0.9083
2025-01-06T16:00:00.0,10.1009,3.4211,6.6798,69.0336,0.7167
2025-01-06T17:00:00.0,0.0,0.0,0.0,0.0,1.0
2025-01-06T18:00:00.0,0.0,0.0,0.0,0.0,1.0
2025-01-06T19:00:00.0,0.0,0.0,0.0,0.0,1.0
2025-01-06T20:00:00.0,0.0,0.0,0.0,0.0,1.0
2025-01-06T21:00:00.0,0.0,0.0,0.0,0.0,1.0
2025-01-06T22:00:00.0,0.0,0.0,0.0,0.0,1.0
2025-01-06T23:00:00.0,0.0,0.0,0.0,0.0,1.0
2025-01-07T00:00:00.0,0.0,0.0,0.0,0.0,1.0
2025-01-07T01:00:00.0,0.0,0.0,0.0,0.0,1.0
2025-01-07T02:00:00.0,0.0,0.0,0.0,0.0,1.0
2025-01-07T03:00:00.0,0.0,0.0,0.0,0.0,1.0
2025-01-07T04:00:00.0,0.0,0.0,0.0,0.0,1.0
2025-01-07T05:00:00.0,0.0,0.0,0.0,0.0,1.0
2025-01-07T06:00:00.0,0.0,0.0,0.0,0.0,1.0
2025-01-07T07:00:00.0,0.0,0.0,0.0,0.0,1.0
2025-01-07T08:00:00.0,1.2568,0.0943,1.1625,2.8653,0.8917
2025-01-07T09:00:00.0,60.3857,32.0165,28.3692,327.9323,0.7167
2025-01-07T10:00:00.0,50.4762,27.1135,23.3628,176.3895,1.0
2025-01-07T11:00:00.0,71.0799,46.6276,24.4523,191.6744,1.0
2025-01-07T12:00:00.0,250.1206,198.889,51.2316,734.7763,1.0
2025-01-07T13:00:00.0,224.4374,132.3505,92.087,503.164,1.0
2025-01-07T14:00:00.0,120.577,18.482,102.095,100.7524,1.0
2025-01-07T15:00:00.0,99.8875,66.6465,33.241,530.1058,0.9083
2025-01-07T16:00:00.0,12.0885,5.6073,6.4812,110.9793,0.7083
2025-01-07T17:00:00.0,0.0,0.0,0.0,0.0,1.0
2025-01-07T18:00:00.0,0.0,0.0,0.0,0.0,1.0
2025-01-07T19:00:00.0,0.0,0.0,0.0,0.0,1.0
2025-01-07T20:00:00.0,0.0,0.0,0.0,0.0,1.0
2025-01-07T21:00:00.0,0.0,0.0,0.0,0.0,1.0
2025-01-07T22:00:00.0,0.0,0.0,0.0,0.0,1.0
2025-01-07T23:00:00.0,0.0,0.0,0.0,0.0,1.0
2025-01-08T00:00:00.0,0.0,0.0,0.0,0.0,1.0
2025-01-08T01:00:00.0,0.0,0.0,0.0,0.0,1.0
2025-01-08T02:00:00.0,0.0,0.0,0.0,0.0,1.0
2025-01-08T03:00:00.0,0.0,0.0,0.0,0.0,1.0
2025-01-08T04:00:00.0,0.0,0.0,0.0,0.0,1.0
2025-01-08T05:00:00.0,0.0,0.0,0.0,0.0,1.0
2025-01-08T06:00:00.0,0.0,0.0,0.0,0.0,1.0
2025-01-08T07:00:00.0,0.0,0.0,0.0,0.0,1.0
2025-01-08T08:00:00.0,0.6752,0.0,0.6752,0.0,0.8917
2025-01-08T09:00:00.0,22.7628,0.0,22.7628,0.0,0.7167
2025-01-08T10:00:00.0,33.817,0.0033,33.8137,0.0169,1.0
2025-01-08T11:00:00.0,21.0587,0.0,21.0587,0.0,1.0
2025-01-08T12:00:00.0,25.1985,0.0,25.1985,0.0,1.0
2025-01-08T13:00:00.0,28.1289,0.0,28.1289,0.0,1.0
2025-01-08T14:00:00.0,47.8164,0.0582,47.7582,0.3192,1.0
2025-01-08T15:00:00.0,56.8206,6.8957,49.925,75.6846,1.0
2025-01-08T16:00:00.0,12.3231,4.7251,7.598,90.0202,0.7333
2025-01-08T17:00:00.0,0.0,0.0,0.0,0.0,1.0
2025-01-08T18:00:00.0,0.0,0.0,0.0,0.0,1.0
2025-01-08T19:00:00.0,0.0,0.0,0.0,0.0,1.0
2025-01-08T20:00:00.0,0.0,0.0,0.0,0.0,1.0
2025-01-08T21:00:00.0,0.0,0.0,0.0,0.0,1.0
2025-01-08T22:00:00.0,0.0,0.0,0.0,0.0,1.0
2025-01-08T23:00:00.0,0.0,0.0,0.0,0.0,1.0
2025-01-09T00:00:00.0,0.0,0.0,0.0,0.0,1.0
2025-01-09T01:00:00.0,0.0,0.0,0.0,0.0,1.0
2025-01-09T02:00:00.0,0.0,0.0,0.0,0.0,1.0
2025-01-09T03:00:00.0,0.0,0.0,0.0,0.0,1.0
2025-01-09T04:00:00.0,0.0,0.0,0.0,0.0,1.0
2025-01-09T05:00:00.0,0.0,0.0,0.0,0.0,1.0
2025-01-09T06:00:00.0,0.0,0.0,0.0,0.0,1.0
2025-01-09T07:00:00.0,0.0,0.0,0.0,0.0,1.0
2025-01-09T08:00:00.0,1.5981,0.3362,1.2618,9.9348,0.8833
2025-01-09T09:00:00.0,63.7736,37.3233,26.4503,385.7071,0.7167
2025-01-09T10:00:00.0,102.2098,68.2618,33.948,367.227,1.0
2025-01-09T11:00:00.0,118.3001,83.3759,34.9242,320.1783,1.0
2025-01-09T12:00:00.0,80.1452,38.1942,41.9511,139.6073,1.0
2025-01-09T13:00:00.0,207.2727,139.4303,67.8424,526.824,1.0
2025-01-09T14:00:00.0,172.8848,108.7595,64.1252,517.7986,1.0
2025-01-09T15:00:00.0,104.4757,67.9085,36.5672,512.8753,1.0
2025-01-09T16:00:00.0,14.1423,6.1066,8.0357,112.6505,0.7167
2025-01-09T17:00:00.0,0.0,0.0,0.0,0.0,1.0
2025-01-09T18:00:00.0,0.0,0.0,0.0,0.0,1.0
2025-01-09T19:00:00.0,0.0,0.0,0.0,0.0,1.0
2025-01-09T20:00:00.0,0.0,0.0,0.0,0.0,1.0
2025-01-09T21:00:00.0,0.0,0.0,0.0,0.0,1.0
2025-01-09T22:00:00.0,0.0,0.0,0.0,0.0,1.0
2025-01-09T23:00:00.0,0.0,0.0,0.0,0.0,1.0
2025-01-10T00:00:00.0,0.0,0.0,0.0,0.0,1.0
2025-01-10T01:00:00.0,0.0,0.0,0.0,0.0,1.0
2025-01-10T02:00:00.0,0.0,0.0,0.0,0.0,1.0
2025-01-10T03:00:00.0,0.0,0.0,0.0,0.0,1.0
2025-01-10T04:00:00.0,0.0,0.0,0.0,0.0,1.0
2025-01-10T05:00:00.0,0.0,0.0,0.0,0.0,1.0
2025-01-10T06:00:00.0,0.0,0.0,0.0,0.0,1.0
2025-01-10T07:00:00.0,0.0,0.0,0.0,0.0,1.0
2025-01-10T08:00:00.0,0.2105,0.0,0.2105,0.0,0.875
2025-01-10T09:00:00.0,7.6933,0.0,7.6933,0.0,0.7167
2025-01-10T10:00:00.0,46.0485,0.0001,46.0484,0.0006,1.0
2025-01-10T11:00:00.0,58.9913,0.1106,58.8808,0.4445,1.0
2025-01-10T12:00:00.0,53.6337,0.0069,53.6269,0.0246,1.0
2025-01-10T13:00:00.0,51.6162,0.0162,51.6,0.0633,1.0
2025-01-10T14:00:00.0,22.222,0.0052,22.2168,0.0213,1.0
2025-01-10T15:00:00.0,21.5834,4.0849,17.4986,44.5739,1.0
2025-01-10T16:00:00.0,13.0522,2.939,10.1131,48.5681,0.7083
2025-01-10T17:00:00.0,0.0,0.0,0.0,0.0,1.0
2025-01-10T18:00:00.0,0.0,0.0,0.0,0.0,1.0
2025-01-10T19:00:00.0,0.0,0.0,0.0,0.0,1.0
2025-01-10T20:00:00.0,0.0,0.0,0.0,0.0,1.0
2025-01-10T21:00:00.0,0.0,0.0,0.0,0.0,1.0
2025-01-10T22:00:00.0,0.0,0.0,0.0,0.0,1.0
2025-01-10T23:00:00.0,0.0,0.0,0.0,0.0,1.0
2025-01-11T00:00:00.0,0.0,0.0,0.0,0.0,1.0
2025-01-11T01:00:00.0,0.0,0.0,0.0,0.0,1.0
2025-01-11T02:00:00.0,0.0,0.0,0.0,0.0,1.0
2025-01-11T03:00:00.0,0.0,0.0,0.0,0.0,1.0
2025-01-11T04:00:00.0,0.0,0.0,0.0,0.0,1.0
2025-01-11T05:00:00.0,0.0,0.0,0.0,0.0,1.0
2025-01-11T06:00:00.0,0.0,0.0,0.0,0.0,1.0
2025-01-11T07:00:00.0,0.0,0.0,0.0,0.0,1.0
2025-01-11T08:00:00.0,1.7161,0.0794,1.6368,2.2052,0.875
2025-01-11T09:00:00.0,60.9143,26.0647,34.8496,248.1169,0.7167
2025-01-11T10:00:00.0,160.3629,98.6766,61.6863,518.2598,1.0
2025-01-11T11:00:00.0,235.1745,163.1149,72.0596,644.8713,1.0
2025-01-11T12:00:00.0,267.8264,192.3595,75.4669,687.3542,1.0
2025-01-11T13:00:00.0,198.0939,59.4295,138.6644,217.8364,1.0
2025-01-11T14:00:00.0,126.1068,4.2224,121.8844,18.6826,1.0
2025-01-11T15:00:00.0,92.6721,30.1863,62.4858,242.7227,1.0
2025-01-11T16:00:00.0,15.501,4.9897,10.5113,82.8287,0.6917
2025-01-11T17:00:00.0,0.0,0.0,0.0,0.0,1.0
2025-01-11T18:00:00.0,0.0,0.0,0.0,0.0,1.0
2025-01-11T19:00:00.0,0.0,0.0,0.0,0.0,1.0
2025-01-11T20:00:00.0,0.0,0.0,0.0,0.0,1.0
2025-01-11T21:00:00.0,0.0,0.0,0.0,0.0,1.0
2025-01-11T22:00:00.0,0.0,0.0,0.0,0.0,1.0
2025-01-11T23:00:00.0,0.0,0.0,0.0,0.0,1.0
2025-01-12T00:00:00.0,0.0,0.0,0.0,0.0,1.0
2025-01-12T01:00:00.0,0.0,0.0,0.0,0.0,1.0
2025-01-12T02:00:00.0,0.0,0.0,0.0,0.0,1.0
2025-01-12T03:00:00.0,0.0,0.0,0.0,0.0,1.0
2025-01-12T04:00:00.0,0.0,0.0,0.0,0.0,1.0
2025-01-12T05:00:00.0,0.0,0.0,0.0,0.0,1.0
2025-01-12T06:00:00.0,0.0,0.0,0.0,0.0,1.0
2025-01-12T07:00:00.0,0.0,0.0,0.0,0.0,1.0
2025-01-12T08:00:00.0,0.2173,0.0,0.2173,0.0,0.8667
2025-01-12T09:00:00.0,13.8198,0.001,13.8187,0.0076,0.7167
2025-01-12T10:00:00.0,30.9437,0.0006,30.9431,0.0036,1.0
2025-01-12T11:00:00.0,58.5816,0.0051,58.5765,0.0201,1.0
2025-01-12T12:00:00.0,58.0929,0.0045,58.0884,0.0158,1.0
2025-01-12T13:00:00.0,30.3843,0.0227,30.3616,0.0896,1.0
2025-01-12T14:00:00.0,106.1366,1.9833,104.1533,8.7887,1.0
2025-01-12T15:00:00.0,59.331,0.2978,59.0331,2.7277,1.0
2025-01-12T16:00:00.0,11.7429,0.1445,11.5984,2.241,0.6833
2025-01-12T17:00:00.0,0.0,0.0,0.0,0.0,1.0
2025-01-12T18:00:00.0,0.0,0.0,0.0,0.0,1.0
2025-01-12T19:00:00.0,0.0,0.0,0.0,0.0,1.0
2025-01-12T20:00:00.0,0.0,0.0,0.0,0.0,1.0
2025-01-12T21:00:00.0,0.0,0.0,0.0,0.0,1.0
2025-01-12T22:00:00.0,0.0,0.0,0.0,0.0,1.0
2025-01-12T23:00:00.0,0.0,0.0,0.0,0.0,1.0
2025-01-13T00:00:00.0,0.0,0.0,0.0,0.0,1.0
2025-01-13T01:00:00.0,0.0,0.0,0.0,0.0,1.0
2025-01-13T02:00:00.0,0.0,0.0,0.0,0.0,1.0
2025-01-13T03:00:00.0,0.0,0.0,0.0,0.0,1.0
2025-01-13T04:00:00.0,0.0,0.0,0.0,0.0,1.0
2025-01-13T05:00:00.0,0.0,0.0,0.0,0.0,1.0
2025-01-13T06:00:00.0,0.0,0.0,0.0,0.0,1.0
2025-01-13T07:00:00.0,0.0,0.0,0.0,0.0,1.0
2025-01-13T08:00:00.0,1.2732,0.0001,1.2731,0.004,0.8583
2025-01-13T09:00:00.0,36.6019,0.0822,36.5197,0.6464,0.7167
2025-01-13T10:00:00.0,71.7931,18.672,53.1211,89.3366,1.0
2025-01-13T11:00:00.0,26.4614,0.1137,26.3477,0.4841,1.0
2025-01-13T12:00:00.0,20.9075,0.0,20.9075,0.0,1.0
2025-01-13T13:00:00.0,22.7415,0.0,22.7415,0.0,1.0
2025-01-13T14:00:00.0,30.3235,0.0023,30.3213,0.0115,1.0
2025-01-13T15:00:00.0,49.9938,0.0015,49.9924,0.0082,1.0
2025-01-13T16:00:00.0,9.1394,0.0,9.1394,0.0,0.6667
2025-01-13T17:00:00.0,0.0,0.0,0.0,0.0,1.0
2025-01-13T18:00:00.0,0.0,0.0,0.0,0.0,1.0
2025-01-13T19:00:00.0,0.0,0.0,0.0,0.0,1.0
2025-01-13T20:00:00.0,0.0,0.0,0.0,0.0,1.0
2025-01-13T21:00:00.0,0.0,0.0,0.0,0.0,1.0
2025-01-13T22:00:00.0,0.0,0.0,0.0,0.0,1.0
2025-01-13T23:00:00.0,0.0,0.0,0.0,0.0,1.0
2025-01-14T00:00:00.0,0.0,0.0,0.0,0.0,1.0
2025-01-14T01:00:00.0,0.0,0.0,0.0,0.0,1.0
2025-01-14T02:00:00.0,0.0,0.0,0.0,0.0,1.0
2025-01-14T03:00:00.0,0.0,0.0,0.0,0.0,1.0
2025-01-14T04:00:00.0,0.0,0.0,0.0,0.0,1.0
2025-01-14T05:00:00.0,0.0,0.0,0.0,0.0,1.0
2025-01-14T06:00:00.0,0.0,0.0,0.0,0.0,1.0
2025-01-14T07:00:00.0,0.0,0.0,0.0,0.0,1.0
2025-01-14T08:00:00.0,0.3278,0.0,0.3278,0.0,0.85
2025-01-14T09:00:00.0,8.1237,0.0,8.1237,0.0,0.8417
2025-01-14T10:00:00.0,27.1781,0.0,27.1781,0.0,1.0
2025-01-14T11:00:00.0,55.0972,0.0002,55.097,0.0009,1.0
2025-01-14T12:00:00.0,45.4206,0.0,45.4206,0.0001,1.0
2025-01-14T13:00:00.0,60.4243,0.0096,60.4147,0.0352,1.0
2025-01-14T14:00:00.0,20.8704,0.0,20.8704,0.0001,1.0
2025-01-14T15:00:00.0,39.1036,0.0008,39.1028,0.0053,1.0
2025-01-14T16:00:00.0,10.9829,0.0,10.9829,0.0001,0.6583
2025-01-14T17:00:00.0,0.0,0.0,0.0,0.0,1.0
2025-01-14T18:00:00.0,0.0,0.0,0.0,0.0,1.0
2025-01-14T19:00:00.0,0.0,0.0,0.0,0.0,1.0
2025-01-14T20:00:00.0,0.0,0.0,0.0,0.0,1.0
2025-01-14T21:00:00.0,0.0,0.0,0.0,0.0,1.0
2025-01-14T22:00:00.0,0.0,0.0,0.0,0.0,1.0
2025-01-14T23:00:00.0,0.0,0.0,0.0,0.0,1.0
2025-01-15T00:00:00.0,0.0,0.0,0.0,0.0,1.0
2025-01-15T01:00:00.0,0.0,0.0,0.0,0.0,1.0
2025-01-15T02:00:00.0,0.0,0.0,0.0,0.0,1.0
2025-01-15T03:00:00.0,0.0,0.0,0.0,0.0,1.0
2025-01-15T04:00:00.0,0.0,0.0,0.0,0.0,1.0
2025-01-15T05:00:00.0,0.0,0.0,0.0,0.0,1.0
2025-01-15T06:00:00.0,0.0,0.0,0.0,0.0,1.0
2025-01-15T07:00:00.0,0.0,0.0,0.0,0.0,1.0
2025-01-15T08:00:00.0,2.4418,0.1709,2.2709,4.9813,0.85
2025-01-15T09:00:00.0,63.8983,23.6483,40.2499,202.8287,0.8417
2025-01-15T10:00:00.0,103.5407,9.4545,94.0862,53.2648,1.0
2025-01-15T11:00:00.0,126.4908,2.7745,123.7164,10.5089,1.0
2025-01-15T12:00:00.0,151.473,11.523,139.95,39.5575,1.0
2025-01-15T13:00:00.0,224.4661,126.7051,97.761,444.455,1.0
2025-01-15T14:00:00.0,81.7848,1.0266,80.7582,3.9806,1.0
2025-01-15T15:00:00.0,54.0614,0.0346,54.0267,0.1934,1.0
2025-01-15T16:00:00.0,10.0799,0.0,10.0799,0.0,0.6417
2025-01-15T17:00:00.0,0.0,0.0,0.0,0.0,1.0
2025-01-15T18:00:00.0,0.0,0.0,0.0,0.0,1.0
2025-01-15T19:00:00.0,0.0,0.0,0.0,0.0,1.0
2025-01-15T20:00:00.0,0.0,0.0,0.0,0.0,1.0
2025-01-15T21:00:00.0,0.0,0.0,0.0,0.0,1.0
2025-01-15T22:00:00.0,0.0,0.0,0.0,0.0,1.0
2025-01-15T23:00:00.0,0.0,0.0,0.0,0.0,1.0
2025-01-16T00:00:00.0,0.0,0.0,0.0,0.0,1.0
2025-01-16T01:00:00.0,0.0,0.0,0.0,0.0,1.0
2025-01-16T02:00:00.0,0.0,0.0,0.0,0.0,1.0
2025-01-16T03:00:00.0,0.0,0.0,0.0,0.0,1.0
2025-01-16T04:00:00.0,0.0,0.0,0.0,0.0,1.0
2025-01-16T05:00:00.0,0.0,0.0,0.0,0.0,1.0
2025-01-16T06:00:00.0,0.0,0.0,0.0,0.0,1.0
2025-01-16T07:00:00.0,0.0,0.0,0.0,0.0,1.0
2025-01-16T08:00:00.0,0.3839,0.0,0.3839,0.0,0.8417
2025-01-16T09:00:00.0,8.334,0.0,8.334,0.0001,0.8417
2025-01-16T10:00:00.0,122.1265,51.3339,70.7926,237.5851,1.0
2025-01-16T11:00:00.0,71.9359,9.642,62.2939,39.7274,1.0
2025-01-16T12:00:00.0,38.5117,0.0,38.5117,0.0,1.0
2025-01-16T13:00:00.0,29.0794,0.0,29.0794,0.0,1.0
2025-01-16T14:00:00.0,42.9352,0.1271,42.8081,0.6205,1.0
2025-01-16T15:00:00.0,80.9029,2.2921,78.6107,13.8269,1.0
2025-01-16T16:00:00.0,16.1152,0.0215,16.0937,0.2927,0.625
2025-01-16T17:00:00.0,0.0,0.0,0.0,0.0,1.0
2025-01-16T18:00:00.0,0.0,0.0,0.0,0.0,1.0
2025-01-16T19:00:00.0,0.0,0.0,0.0,0.0,1.0
2025-01-16T20:00:00.0,0.0,0.0,0.0,0.0,1.0
2025-01-16T21:00:00.0,0.0,0.0,0.0,0.0,1.0
2025-01-16T22:00:00.0,0.0,0.0,0.0,0.0,1.0
2025-01-16T23:00:00.0,0.0,0.0,0.0,0.0,1.0
2025-01-17T00:00:00.0,0.0,0.0,0.0,0.0,1.0
2025-01-17T01:00:00.0,0.0,0.0,0.0,0.0,1.0
2025-01-17T02:00:00.0,0.0,0.0,0.0,0.0,1.0
2025-01-17T03:00:00.0,0.0,0.0,0.0,0.0,1.0
2025-01-17T04:00:00.0,0.0,0.0,0.0,0.0,1.0
2025-01-17T05:00:00.0,0.0,0.0,0.0,0.0,1.0
2025-01-17T06:00:00.0,0.0,0.0,0.0,0.0,1.0
2025-01-17T07:00:00.0,0.0,0.0,0.0,0.0,1.0
2025-01-17T08:00:00.0,0.4337,0.0,0.4337,0.0,0.8333
2025-01-17T09:00:00.0,15.8249,0.0019,15.8231,0.0128,0.8417
2025-01-17T10:00:00.0,33.8062,0.001,33.8052,0.0058,1.0
2025-01-17T11:00:00.0,40.2675,0.0,40.2674,0.0001,1.0
2025-01-17T12:00:00.0,72.6394,0.0011,72.6383,0.0038,1.0
2025-01-17T13:00:00.0,42.8279,0.0,42.8279,0.0,1.0
2025-01-17T14:00:00.0,19.6023,0.0,19.6023,0.0,1.0
2025-01-17T15:00:00.0,30.5767,0.0018,30.5749,0.0132,1.0
2025-01-17T16:00:00.0,12.7467,0.0,12.7467,0.0,0.6167
2025-01-17T17:00:00.0,0.0,0.0,0.0,0.0,1.0
2025-01-17T18:00:00.0,0.0,0.0,0.0,0.0,1.0
2025-01-17T19:00:00.0,0.0,0.0,0.0,0.0,1.0
2025-01-17T20:00:00.0,0.0,0.0,0.0,0.0,1.0
2025-01-17T21:00:00.0,0.0,0.0,0.0,0.0,1.0
2025-01-17T22:00:00.0,0.0,0.0,0.0,0.0,1.0
2025-01-17T23:00:00.0,0.0,0.0,0.0,0.0,1.0
2025-01-18T00:00:00.0,0.0,0.0,0.0,0.0,1.0
2025-01-18T01:00:00.0,0.0,0.0,0.0,0.0,1.0
2025-01-18T02:00:00.0,0.0,0.0,0.0,0.0,1.0
2025-01-18T03:00:00.0,0.0,0.0,0.0,0.0,1.0
2025-01-18T04:00:00.0,0.0,0.0,0.0,0.0,1.0
2025-01-18T05:00:00.0,0.0,0.0,0.0,0.0,1.0
2025-01-18T06:00:00.0,0.0,0.0,0.0,0.0,1.0
2025-01-18T07:00:00.0,0.0,0.0,0.0,0.0,1.0
2025-01-18T08:00:00.0,0.4776,0.0,0.4776,0.0,0.825
2025-01-18T09:00:00.0,8.469,0.0,8.469,0.0,0.8417
2025-01-18T10:00:00.0,23.1592,0.0,23.1592,0.0,1.0
2025-01-18T11:00:00.0,56.8314,0.0001,56.8314,0.0002,1.0
2025-01-18T12:00:00.0,76.8271,0.0203,76.8068,0.0673,1.0
2025-01-18T13:00:00.0,65.5788,0.0006,65.5782,0.0021,1.0
2025-01-18T14:00:00.0,27.7004,0.0003,27.7001,0.0015,1.0
2025-01-18T15:00:00.0,61.5525,0.382,61.1705,2.3101,1.0
2025-01-18T16:00:00.0,14.1916,0.0002,14.1914,0.0026,0.6
2025-01-18T17:00:00.0,0.0,0.0,0.0,0.0,1.0
2025-01-18T18:00:00.0,0.0,0.0,0.0,0.0,1.0
2025-01-18T19:00:00.0,0.0,0.0,0.0,0.0,1.0
2025-01-18T20:00:00.0,0.0,0.0,0.0,0.0,1.0
2025-01-18T21:00:00.0,0.0,0.0,0.0,0.0,1.0
2025-01-18T22:00:00.0,0.0,0.0,0.0,0.0,1.0
2025-01-18T23:00:00.0,0.0,0.0,0.0,0.0,1.0
2025-01-19T00:00:00.0,0.0,0.0,0.0,0.0,1.0
2025-01-19T01:00:00.0,0.0,0.0,0.0,0.0,1.0
2025-01-19T02:00:00.0,0.0,0.0,0.0,0.0,1.0
2025-01-19T03:00:00.0,0.0,0.0,0.0,0.0,1.0
2025-01-19T04:00:00.0,0.0,0.0,0.0,0.0,1.0
2025-01-19T05:00:00.0,0.0,0.0,0.0,0.0,1.0
2025-01-19T06:00:00.0,0.0,0.0,0.0,0.0,1.0
2025-01-19T07:00:00.0,0.0,0.0,0.0,0.0,1.0
2025-01-19T08:00:00.0,0.534,0.0,0.534,0.0,0.8167
2025-01-19T09:00:00.0,8.7286,0.0,8.7286,0.0,0.8417
2025-01-19T10:00:00.0,22.7222,0.0,22.7222,0.0,1.0
2025-01-19T11:00:00.0,58.4881,0.0001,58.488,0.0003,1.0
2025-01-19T12:00:00.0,60.7625,0.0003,60.7622,0.001,1.0
2025-01-19T13:00:00.0,69.5381,0.0001,69.5379,0.0005,1.0
2025-01-19T14:00:00.0,23.2145,0.0,23.2145,0.0,1.0
2025-01-19T15:00:00.0,29.8872,0.2528,29.6344,2.2438,1.0
2025-01-19T16:00:00.0,25.8629,7.8183,18.0446,104.0979,0.7083
2025-01-19T17:00:00.0,0.0,0.0,0.0,0.0,1.0
2025-01-19T18:00:00.0,0.0,0.0,0.0,0.0,1.0
2025-01-19T19:00:00.0,0.0,0.0,0.0,0.0,1.0
2025-01-19T20:00:00.0,0.0,0.0,0.0,0.0,1.0
2025-01-19T21:00:00.0,0.0,0.0,0.0,0.0,1.0
2025-01-19T22:00:00.0,0.0,0.0,0.0,0.0,1.0
2025-01-19T23:00:00.0,0.0,0.0,0.0,0.0,1.0
2025-01-20T00:00:00.0,0.0,0.0,0.0,0.0,1.0
2025-01-20T01:00:00.0,0.0,0.0,0.0,0.0,1.0
2025-01-20T02:00:00.0,0.0,0.0,0.0,0.0,1.0
2025-01-20T03:00:00.0,0.0,0.0,0.0,0.0,1.0
2025-01-20T04:00:00.0,0.0,0.0,0.0,0.0,1.0
2025-01-20T05:00:00.0,0.0,0.0,0.0,0.0,1.0
2025-01-20T06:00:00.0,0.0,0.0,0.0,0.0,1.0
2025-01-20T07:00:00.0,0.0,0.0,0.0,0.0,1.0
2025-01-20T08:00:00.0,2.4005,0.0,2.4005,0.0,0.8
2025-01-20T09:00:00.0,53.2041,14.6692,38.5349,109.0914,0.8417
2025-01-20T10:00:00.0,108.2778,8.8645,99.4133,44.0368,1.0
2025-01-20T11:00:00.0,108.6303,0.5574,108.0729,2.0133,1.0
2025-01-20T12:00:00.0,119.7712,0.9122,118.8589,2.993,1.0
2025-01-20T13:00:00.0,112.7525,0.4299,112.3226,1.4376,1.0
2025-01-20T14:00:00.0,136.8511,6.471,130.3801,26.3045,1.0
2025-01-20T15:00:00.0,97.8512,9.223,88.6283,57.5562,1.0
2025-01-20T16:00:00.0,26.4975,1.5988,24.8987,18.2403,0.7
2025-01-20T17:00:00.0,0.0,0.0,0.0,0.0,1.0
2025-01-20T18:00:00.0,0.0,0.0,0.0,0.0,1.0
2025-01-20T19:00:00.0,0.0,0.0,0.0,0.0,1.0
2025-01-20T20:00:00.0,0.0,0.0,0.0,0.0,1.0
2025-01-20T21:00:00.0,0.0,0.0,0.0,0.0,1.0
2025-01-20T22:00:00.0,0.0,0.0,0.0,0.0,1.0
2025-01-20T23:00:00.0,0.0,0.0,0.0,0.0,1.0
2025-01-21T00:00:00.0,0.0,0.0,0.0,0.0,1.0
2025-01-21T01:00:00.0,0.0,0.0,0.0,0.0,1.0
2025-01-21T02:00:00.0,0.0,0.0,0.0,0.0,1.0
2025-01-21T03:00:00.0,0.0,0.0,0.0,0.0,1.0
2025-01-21T04:00:00.0,0.0,0.0,0.0,0.0,1.0
2025-01-21T05:00:00.0,0.0,0.0,0.0,0.0,1.0
2025-01-21T06:00:00.0,0.0,0.0,0.0,0.0,1.0
2025-01-21T07:00:00.0,0.0,0.0,0.0,0.0,1.0
2025-01-21T08:00:00.0,5.6414,1.7848,3.8566,41.9236,0.7917
2025-01-21T09:00:00.0,85.7119,53.0986,32.6133,436.8765,0.8417
2025-01-21T10:00:00.0,192.1259,141.1603,50.9657,654.122,1.0
2025-01-21T11:00:00.0,210.3657,99.4806,110.8851,364.6658,1.0
2025-01-21T12:00:00.0,167.1294,14.9787,152.1508,48.4344,1.0
2025-01-21T13:00:00.0,175.5378,61.596,113.9417,201.7745,1.0
2025-01-21T14:00:00.0,34.1524,0.0134,34.1389,0.0509,1.0
2025-01-21T15:00:00.0,115.553,64.207,51.3461,408.7929,1.0
2025-01-21T16:00:00.0,38.4004,21.8233,16.5771,272.8622,0.6833
2025-01-21T17:00:00.0,0.0,0.0,0.0,0.0,1.0
2025-01-21T18:00:00.0,0.0,0.0,0.0,0.0,1.0
2025-01-21T19:00:00.0,0.0,0.0,0.0,0.0,1.0
2025-01-21T20:00:00.0,0.0,0.0,0.0,0.0,1.0
2025-01-21T21:00:00.0,0.0,0.0,0.0,0.0,1.0
2025-01-21T22:00:00.0,0.0,0.0,0.0,0.0,1.0
2025-01-21T23:00:00.0,0.0,0.0,0.0,0.0,1.0
2025-01-22T00:00:00.0,0.0,0.0,0.0,0.0,1.0
2025-01-22T01:00:00.0,0.0,0.0,0.0,0.0,1.0
2025-01-22T02:00:00.0,0.0,0.0,0.0,0.0,1.0
2025-01-22T03:00:00.0,0.0,0.0,0.0,0.0,1.0
2025-01-22T04:00:00.0,0.0,0.0,0.0,0.0,1.0
2025-01-22T05:00:00.0,0.0,0.0,0.0,0.0,1.0
2025-01-22T06:00:00.0,0.0,0.0,0.0,0.0,1.0
2025-01-22T07:00:00.0,0.0,0.0,0.0,0.0,1.0
2025-01-22T08:00:00.0,6.6189,2.5238,4.0951,57.0648,0.7833
2025-01-22T09:00:00.0,83.9838,44.7056,39.2782,375.894,0.8417
2025-01-22T10:00:00.0,198.8034,153.0759,45.7275,699.2068,1.0
2025-01-22T11:00:00.0,263.8329,200.8025,63.0303,708.4003,1.0
2025-01-22T12:00:00.0,246.0907,131.6343,114.4564,417.7927,1.0
2025-01-22T13:00:00.0,249.1986,146.9501,102.2485,483.3361,1.0
2025-01-22T14:00:00.0,109.1463,24.6127,84.5336,87.0685,1.0
2025-01-22T15:00:00.0,110.8105,44.5446,66.2659,293.2022,1.0
2025-01-22T16:00:00.0,41.8159,24.6397,17.1762,298.3138,0.6667
2025-01-22T17:00:00.0,0.0,0.0,0.0,0.0,1.0
2025-01-22T18:00:00.0,0.0,0.0,0.0,0.0,1.0
2025-01-22T19:00:00.0,0.0,0.0,0.0,0.0,1.0
2025-01-22T20:00:00.0,0.0,0.0,0.0,0.0,1.0
2025-01-22T21:00:00.0,0.0,0.0,0.0,0.0,1.0
2025-01-22T22:00:00.0,0.0,0.0,0.0,0.0,1.0
2025-01-22T23:00:00.0,0.0,0.0,0.0,0.0,1.0
2025-01-23T00:00:00.0,0.0,0.0,0.0,0.0,1.0
2025-01-23T01:00:00.0,0.0,0.0,0.0,0.0,1.0
2025-01-23T02:00:00.0,0.0,0.0,0.0,0.0,1.0
2025-01-23T03:00:00.0,0.0,0.0,0.0,0.0,1.0
2025-01-23T04:00:00.0,0.0,0.0,0.0,0.0,1.0
2025-01-23T05:00:00.0,0.0,0.0,0.0,0.0,1.0
2025-01-23T06:00:00.0,0.0,0.0,0.0,0.0,1.0
2025-01-23T07:00:00.0,0.0,0.0,0.0,0.0,1.0
2025-01-23T08:00:00.0,6.5823,1.3934,5.1889,29.3409,0.775
2025-01-23T09:00:00.0,89.5756,50.3178,39.2579,389.1374,0.8417
2025-01-23T10:00:00.0,199.178,142.3156,56.8624,638.9716,1.0
2025-01-23T11:00:00.0,261.6834,174.6261,87.0573,599.0394,1.0
2025-01-23T12:00:00.0,250.4855,122.6812,127.8043,384.2913,1.0
2025-01-23T13:00:00.0,246.0914,105.5242,140.5671,342.658,1.0
2025-01-23T14:00:00.0,175.7518,45.9141,129.8377,166.1017,1.0
2025-01-23T15:00:00.0,57.2547,0.2474,57.0073,1.2577,1.0
2025-01-23T16:00:00.0,14.1584,0.0097,14.1487,0.081,0.6583
2025-01-23T17:00:00.0,0.0,0.0,0.0,0.0,0.9917
2025-01-23T18:00:00.0,0.0,0.0,0.0,0.0,1.0
2025-01-23T19:00:00.0,0.0,0.0,0.0,0.0,1.0
2025-01-23T20:00:00.0,0.0,0.0,0.0,0.0,1.0
2025-01-23T21:00:00.0,0.0,0.0,0.0,0.0,1.0
2025-01-23T22:00:00.0,0.0,0.0,0.0,0.0,1.0
2025-01-23T23:00:00.0,0.0,0.0,0.0,0.0,1.0
2025-01-24T00:00:00.0,0.0,0.0,0.0,0.0,1.0
2025-01-24T01:00:00.0,0.0,0.0,0.0,0.0,1.0
2025-01-24T02:00:00.0,0.0,0.0,0.0,0.0,1.0
2025-01-24T03:00:00.0,0.0,0.0,0.0,0.0,1.0
2025-01-24T04:00:00.0,0.0,0.0,0.0,0.0,1.0
2025-01-24T05:00:00.0,0.0,0.0,0.0,0.0,1.0
2025-01-24T06:00:00.0,0.0,0.0,0.0,0.0,1.0
2025-01-24T07:00:00.0,0.0,0.0,0.0,0.0,1.0
2025-01-24T08:00:00.0,8.0736,2.5369,5.5368,53.0128,0.7667
2025-01-24T09:00:00.0,95.9551,56.5836,39.3715,436.2272,0.9667
2025-01-24T10:00:00.0,166.3158,53.8744,112.4414,241.329,1.0
2025-01-24T11:00:00.0,278.2066,194.9369,83.2697,663.5795,1.0
2025-01-24T12:00:00.0,249.6375,131.1652,118.4723,407.7597,1.0
2025-01-24T13:00:00.0,216.5018,127.5725,88.9294,398.0545,1.0
2025-01-24T14:00:00.0,123.0823,2.7918,120.2905,10.3997,1.0
2025-01-24T15:00:00.0,99.5062,10.6618,88.8443,53.8165,1.0
2025-01-24T16:00:00.0,33.3978,1.6405,31.7574,18.9433,0.6583
2025-01-24T17:00:00.0,0.0154,0.0003,0.0152,0.0,0.9833
2025-01-24T18:00:00.0,0.0,0.0,0.0,0.0,1.0
2025-01-24T19:00:00.0,0.0,0.0,0.0,0.0,1.0
2025-01-24T20:00:00.0,0.0,0.0,0.0,0.0,1.0
2025-01-24T21:00:00.0,0.0,0.0,0.0,0.0,1.0
2025-01-24T22:00:00.0,0.0,0.0,0.0,0.0,1.0
2025-01-24T23:00:00.0,0.0,0.0,0.0,0.0,1.0
2025-01-25T00:00:00.0,0.0,0.0,0.0,0.0,1.0
2025-01-25T01:00:00.0,0.0,0.0,0.0,0.0,1.0
2025-01-25T02:00:00.0,0.0,0.0,0.0,0.0,1.0
2025-01-25T03:00:00.0,0.0,0.0,0.0,0.0,1.0
2025-01-25T04:00:00.0,0.0,0.0,0.0,0.0,1.0
2025-01-25T05:00:00.0,0.0,0.0,0.0,0.0,1.0
2025-01-25T06:00:00.0,0.0,0.0,0.0,0.0,1.0
2025-01-25T07:00:00.0,0.0,0.0,0.0,0.0,1.0
2025-01-25T08:00:00.0,8.5678,2.112,6.4558,41.2279,0.75
2025-01-25T09:00:00.0,85.1615,30.9317,54.2298,258.5074,0.9667
2025-01-25T10:00:00.0,137.7462,25.3061,112.4401,115.7686,1.0
2025-01-25T11:00:00.0,89.6567,1.1109,88.5458,3.9765,1.0
2025-01-25T12:00:00.0,30.8624,0.0,30.8624,0.0,1.0
2025-01-25T13:00:00.0,96.8024,8.4255,88.3769,26.8632,1.0
2025-01-25T14:00:00.0,64.4961,5.5467,58.9495,21.496,1.0
2025-01-25T15:00:00.0,128.705,58.9159,69.7891,333.7065,1.0
2025-01-25T16:00:00.0,46.9531,19.8481,27.1051,209.517,0.6583
2025-01-25T17:00:00.0,0.0865,0.0044,0.0821,0.0,0.9667
2025-01-25T18:00:00.0,0.0,0.0,0.0,0.0,1.0
2025-01-25T19:00:00.0,0.0,0.0,0.0,0.0,1.0
2025-01-25T20:00:00.0,0.0,0.0,0.0,0.0,1.0
2025-01-25T21:00:00.0,0.0,0.0,0.0,0.0,1.0
2025-01-25T22:00:00.0,0.0,0.0,0.0,0.0,1.0
2025-01-25T23:00:00.0,0.0,0.0,0.0,0.0,1.0
2025-01-26T00:00:00.0,0.0,0.0,0.0,0.0,1.0
2025-01-26T01:00:00.0,0.0,0.0,0.0,0.0,1.0
2025-01-26T02:00:00.0,0.0,0.0,0.0,0.0,1.0
2025-01-26T03:00:00.0,0.0,0.0,0.0,0.0,1.0
2025-01-26T04:00:00.0,0.0,0.0,0.0,0.0,1.0
2025-01-26T05:00:00.0,0.0,0.0,0.0,0.0,1.0
2025-01-26T06:00:00.0,0.0,0.0,0.0,0.0,1.0
2025-01-26T07:00:00.0,0.0,0.0,0.0,0.0,1.0
2025-01-26T08:00:00.0,6.1768,0.0014,6.1754,0.026,0.7417
2025-01-26T09:00:00.0,21.5495,0.0065,21.543,0.0692,0.9667
2025-01-26T10:00:00.0,53.4866,1.4894,51.9972,6.5327,1.0
2025-01-26T11:00:00.0,80.6769,1.5144,79.1625,4.876,1.0
2025-01-26T12:00:00.0,29.0181,0.0,29.018,0.0001,1.0
2025-01-26T13:00:00.0,55.3043,1.3064,53.9979,4.2686,1.0
2025-01-26T14:00:00.0,114.0244,49.5805,64.4439,172.7806,1.0
2025-01-26T15:00:00.0,98.222,21.3242,76.8978,117.4016,1.0
2025-01-26T16:00:00.0,5.9788,0.0,5.9788,0.0,0.6583
2025-01-26T17:00:00.0,0.0254,0.0,0.0254,0.0,0.95
2025-01-26T18:00:00.0,0.0,0.0,0.0,0.0,1.0
2025-01-26T19:00:00.0,0.0,0.0,0.0,0.0,1.0
2025-01-26T20:00:00.0,0.0,0.0,0.0,0.0,1.0
2025-01-26T21:00:00.0,0.0,0.0,0.0,0.0,1.0
2025-01-26T22:00:00.0,0.0,0.0,0.0,0.0,1.0
2025-01-26T23:00:00.0,0.0,0.0,0.0,0.0,1.0
2025-01-27T00:00:00.0,0.0,0.0,0.0,0.0,1.0
2025-01-27T01:00:00.0,0.0,0.0,0.0,0.0,1.0
2025-01-27T02:00:00.0,0.0,0.0,0.0,0.0,1.0
2025-01-27T03:00:00.0,0.0,0.0,0.0,0.0,1.0
2025-01-27T04:00:00.0,0.0,0.0,0.0,0.0,1.0
2025-01-27T05:00:00.0,0.0,0.0,0.0,0.0,1.0
2025-01-27T06:00:00.0,0.0,0.0,0.0,0.0,1.0
2025-01-27T07:00:00.0,0.0,0.0,0.0,0.0,1.0
2025-01-27T08:00:00.0,1.2563,0.0,1.2563,0.0,0.725
2025-01-27T09:00:00.0,14.634,0.0,14.634,0.0,0.9667
2025-01-27T10:00:00.0,28.4605,0.041,28.4195,0.1493,1.0
2025-01-27T11:00:00.0,67.6016,1.5529,66.0487,5.3794,1.0
2025-01-27T12:00:00.0,28.9398,0.0,28.9398,0.0,1.0
2025-01-27T13:00:00.0,53.4613,0.0189,53.4424,0.0573,1.0
2025-01-27T14:00:00.0,123.3111,71.6235,51.6876,263.7686,1.0
2025-01-27T15:00:00.0,92.4132,35.907,56.5062,182.3171,1.0
2025-01-27T16:00:00.0,6.4519,0.0,6.4519,0.0,0.6583
2025-01-27T17:00:00.0,0.0453,0.0,0.0453,0.0,0.9333
2025-01-27T18:00:00.0,0.0,0.0,0.0,0.0,1.0
2025-01-27T19:00:00.0,0.0,0.0,0.0,0.0,1.0
2025-01-27T20:00:00.0,0.0,0.0,0.0,0.0,1.0
2025-01-27T21:00:00.0,0.0,0.0,0.0,0.0,1.0
2025-01-27T22:00:00.0,0.0,0.0,0.0,0.0,1.0
2025-01-27T23:00:00.0,0.0,0.0,0.0,0.0,1.0
2025-01-28T00:00:00.0,0.0,0.0,0.0,0.0,1.0
2025-01-28T01:00:00.0,0.0,0.0,0.0,0.0,1.0
2025-01-28T02:00:00.0,0.0,0.0,0.0,0.0,1.0
2025-01-28T03:00:00.0,0.0,0.0,0.0,0.0,1.0
2025-01-28T04:00:00.0,0.0,0.0,0.0,0.0,1.0
2025-01-28T05:00:00.0,0.0,0.0,0.0,0.0,1.0
2025-01-28T06:00:00.0,0.0,0.0,0.0,0.0,1.0
2025-01-28T07:00:00.0,0.0,0.0,0.0,0.0,1.0
2025-01-28T08:00:00.0,11.2858,3.224,8.0618,55.8004,0.7167
2025-01-28T09:00:00.0,102.7057,59.4375,43.2682,412.4517,0.9667
2025-01-28T10:00:00.0,180.8283,93.1175,87.7108,406.6378,1.0
2025-01-28T11:00:00.0,187.6765,49.5095,138.167,157.4348,1.0
2025-01-28T12:00:00.0,264.071,156.7946,107.2764,462.2413,1.0
2025-01-28T13:00:00.0,88.7517,0.3596,88.3921,1.1346,1.0
2025-01-28T14:00:00.0,137.1344,13.7988,123.3356,46.9299,1.0
2025-01-28T15:00:00.0,168.5124,113.7781,54.7343,571.1252,1.0
2025-01-28T16:00:00.0,59.8643,32.459,27.4053,318.1297,0.7833
2025-01-28T17:00:00.0,0.6038,0.0378,0.566,0.5968,0.9167
2025-01-28T18:00:00.0,0.0,0.0,0.0,0.0,1.0
2025-01-28T19:00:00.0,0.0,0.0,0.0,0.0,1.0
2025-01-28T20:00:00.0,0.0,0.0,0.0,0.0,1.0
2025-01-28T21:00:00.0,0.0,0.0,0.0,0.0,1.0
2025-01-28T22:00:00.0,0.0,0.0,0.0,0.0,1.0
2025-01-28T23:00:00.0,0.0,0.0,0.0,0.0,1.0
2025-01-29T00:00:00.0,0.0,0.0,0.0,0.0,1.0
2025-01-29T01:00:00.0,0.0,0.0,0.0,0.0,1.0
2025-01-29T02:00:00.0,0.0,0.0,0.0,0.0,1.0
2025-01-29T03:00:00.0,0.0,0.0,0.0,0.0,1.0
2025-01-29T04:00:00.0,0.0,0.0,0.0,0.0,1.0
2025-01-29T05:00:00.0,0.0,0.0,0.0,0.0,1.0
2025-01-29T06:00:00.0,0.0,0.0,0.0,0.0,1.0
2025-01-29T07:00:00.0,0.0,0.0,0.0,0.0,1.0
2025-01-29T08:00:00.0,13.863,6.0378,7.8252,104.5352,0.7083
2025-01-29T09:00:00.0,109.5063,64.099,45.4073,457.2124,0.9667
2025-01-29T10:00:00.0,209.4448,126.0932,83.3516,512.2712,1.0
2025-01-29T11:00:00.0,303.7423,240.512,63.2303,765.2009,1.0
2025-01-29T12:00:00.0,350.8491,293.9665,56.8826,854.2515,1.0
2025-01-29T13:00:00.0,309.7483,228.5988,81.1495,683.3447,1.0
2025-01-29T14:00:00.0,269.2401,205.3819,63.8581,717.5004,1.0
2025-01-29T15:00:00.0,187.882,145.1925,42.6895,702.8773,1.0
2025-01-29T16:00:00.0,67.9519,43.692,24.2599,429.3998,0.7833
2025-01-29T17:00:00.0,1.0124,0.2428,0.7696,4.7325,0.9
2025-01-29T18:00:00.0,0.0,0.0,0.0,0.0,1.0
2025-01-29T19:00:00.0,0.0,0.0,0.0,0.0,1.0
2025-01-29T20:00:00.0,0.0,0.0,0.0,0.0,1.0
2025-01-29T21:00:00.0,0.0,0.0,0.0,0.0,1.0
2025-01-29T22:00:00.0,0.0,0.0,0.0,0.0,1.0
2025-01-29T23:00:00.0,0.0,0.0,0.0,0.0,1.0
2025-01-30T00:00:00.0,0.0,0.0,0.0,0.0,1.0
2025-01-30T01:00:00.0,0.0,0.0,0.0,0.0,1.0
2025-01-30T02:00:00.0,0.0,0.0,0.0,0.0,1.0
2025-01-30T03:00:00.0,0.0,0.0,0.0,0.0,1.0
2025-01-30T04:00:00.0,0.0,0.0,0.0,0.0,1.0
2025-01-30T05:00:00.0,0.0,0.0,0.0,0.0,1.0
2025-01-30T06:00:00.0,0.0,0.0,0.0,0.0,1.0
2025-01-30T07:00:00.0,0.0,0.0,0.0,0.0,1.0
2025-01-30T08:00:00.0,1.9099,0.0,1.9099,0.0,0.6917
2025-01-30T09:00:00.0,79.6284,22.3879,57.2405,124.782,0.9667
2025-01-30T10:00:00.0,182.1713,74.2031,107.9683,317.0463,1.0
2025-01-30T11:00:00.0,131.0728,7.5819,123.4909,25.3741,1.0
2025-01-30T12:00:00.0,114.2748,0.071,114.2038,0.2026,1.0
2025-01-30T13:00:00.0,121.7003,0.407,121.2934,1.1839,1.0
2025-01-30T14:00:00.0,72.4665,0.003,72.4635,0.0114,1.0
2025-01-30T15:00:00.0,83.5412,0.6436,82.8976,2.9493,1.0
2025-01-30T16:00:00.0,34.7685,0.0345,34.734,0.3957,0.7833
2025-01-30T17:00:00.0,0.7908,0.0002,0.7906,0.0067,0.8917
2025-01-30T18:00:00.0,0.0,0.0,0.0,0.0,1.0
2025-01-30T19:00:00.0,0.0,0.0,0.0,0.0,1.0
2025-01-30T20:00:00.0,0.0,0.0,0.0,0.0,1.0
2025-01-30T21:00:00.0,0.0,0.0,0.0,0.0,1.0
2025-01-30T22:00:00.0,0.0,0.0,0.0,0.0,1.0
2025-01-30T23:00:00.0,0.0,0.0,0.0,0.0,1.0
2025-01-31T00:00:00.0,0.0,0.0,0.0,0.0,1.0
2025-01-31T01:00:00.0,0.0,0.0,0.0,0.0,1.0
2025-01-31T02:00:00.0,0.0,0.0,0.0,0.0,1.0
2025-01-31T03:00:00.0,0.0,0.0,0.0,0.0,1.0
2025-01-31T04:00:00.0,0.0,0.0,0.0,0.0,1.0
2025-01-31T05:00:00.0,0.0,0.0,0.0,0.0,1.0
2025-01-31T06:00:00.0,0.0,0.0,0.0,0.0,1.0
2025-01-31T07:00:00.0,0.0,0.0,0.0,0.0,1.0
2025-01-31T08:00:00.0,16.5313,6.1268,10.4045,95.5271,0.675
2025-01-31T09:00:00.0,101.5669,36.676,64.891,258.112,0.9667
2025-01-31T10:00:00.0,189.8225,84.406,105.4165,330.6566,1.0
2025-01-31T11:00:00.0,283.2389,189.2321,94.0068,581.1206,1.0
2025-01-31T12:00:00.0,339.3088,247.6313,91.6775,702.3371,1.0
2025-01-31T13:00:00.0,279.7842,129.9198,149.8644,377.9314,1.0
2025-01-31T14:00:00.0,228.5161,115.0132,113.5029,389.1382,1.0
2025-01-31T15:00:00.0,184.8727,124.436,60.4366,569.2924,1.0
2025-01-31T16:00:00.0,46.4869,5.0557,41.4312,33.8732,0.7833
2025-01-31T17:00:00.0,0.9035,0.0,0.9035,0.0,0.875
2025-01-31T18:00:00.0,0.0,0.0,0.0,0.0,1.0
2025-01-31T19:00:00.0,0.0,0.0,0.0,0.0,1.0
2025-01-31T20:00:00.0,0.0,0.0,0.0,0.0,1.0
2025-01-31T21:00:00.0,0.0,0.0,0.0,0.0,1.0
2025-01-31T22:00:00.0,0.0,0.0,0.0,0.0,1.0
2025-01-31T23:00:00.0,0.0,0.0,0.0,0.0,1.0
2025-02-01T00:00:00.0,0.0,0.0,0.0,0.0,1.0
2025-02-01T01:00:00.0,0.0,0.0,0.0,0.0,1.0
2025-02-01T02:00:00.0,0.0,0.0,0.0,0.0,1.0
2025-02-01T03:00:00.0,0.0,0.0,0.0,0.0,1.0
2025-02-01T04:00:00.0,0.0,0.0,0.0,0.0,1.0
2025-02-01T05:00:00.0,0.0,0.0,0.0,0.0,1.0
2025-02-01T06:00:00.0,0.0,0.0,0.0,0.0,1.0
2025-02-01T07:00:00.0,0.0,0.0,0.0,0.0,1.0
2025-02-01T08:00:00.0,11.0589,0.001,11.0579,0.0151,0.7583
2025-02-01T09:00:00.0,27.1498,0.0005,27.1494,0.0046,1.0
2025-02-01T10:00:00.0,38.7721,0.0,38.7721,0.0,1.0
2025-02-01T11:00:00.0,33.6855,0.0,33.6855,0.0,1.0
2025-02-01T12:00:00.0,35.3256,0.0,35.3256,0.0,1.0
2025-02-01T13:00:00.0,33.6447,0.0,33.6447,0.0,1.0
2025-02-01T14:00:00.0,24.3835,0.0,24.3835,0.0,1.0
2025-02-01T15:00:00.0,18.3527,0.0,18.3527,0.0,1.0
2025-02-01T16:00:00.0,16.8852,0.0,16.8852,0.0,0.7833
2025-02-01T17:00:00.0,0.3998,0.0,0.3998,0.0,0.8583
2025-02-01T18:00:00.0,0.0,0.0,0.0,0.0,1.0
2025-02-01T19:00:00.0,0.0,0.0,0.0,0.0,1.0
2025-02-01T20:00:00.0,0.0,0.0,0.0,0.0,1.0
2025-02-01T21:00:00.0,0.0,0.0,0.0,0.0,1.0
2025-02-01T22:00:00.0,0.0,0.0,0.0,0.0,1.0
2025-02-01T23:00:00.0,0.0,0.0,0.0,0.0,1.0
2025-02-02T00:00:00.0,0.0,0.0,0.0,0.0,1.0
2025-02-02T01:00:00.0,0.0,0.0,0.0,0.0,1.0
2025-02-02T02:00:00.0,0.0,0.0,0.0,0.0,1.0
2025-02-02T03:00:00.0,0.0,0.0,0.0,0.0,1.0
2025-02-02T04:00:00.0,0.0,0.0,0.0,0.0,1.0
2025-02-02T05:00:00.0,0.0,0.0,0.0,0.0,1.0
2025-02-02T06:00:00.0,0.0,0.0,0.0,0.0,1.0
2025-02-02T07:00:00.0,0.0,0.0,0.0,0.0,1.0
2025-02-02T08:00:00.0,20.7001,11.0519,9.6482,166.3456,0.7417
2025-02-02T09:00:00.0,130.0734,94.1775,35.8959,584.5479,1.0
2025-02-02T10:00:00.0,243.723,192.5253,51.1977,736.8561,1.0
2025-02-02T11:00:00.0,313.9538,235.8316,78.1223,718.2074,1.0
2025-02-02T12:00:00.0,315.5318,206.0676,109.4642,569.3389,1.0
2025-02-02T13:00:00.0,323.6807,218.6177,105.063,619.1165,1.0
2025-02-02T14:00:00.0,304.877,246.4497,58.4273,801.9106,1.0
2025-02-02T15:00:00.0,204.4551,155.212,49.2431,688.4053,1.0
2025-02-02T16:00:00.0,82.9535,53.3433,29.6101,451.928,0.7833
2025-02-02T17:00:00.0,3.1444,0.9624,2.1819,26.3337,0.8417
2025-02-02T18:00:00.0,0.0,0.0,0.0,0.0,1.0
2025-02-02T19:00:00.0,0.0,0.0,0.0,0.0,1.0
2025-02-02T20:00:00.0,0.0,0.0,0.0,0.0,1.0
2025-02-02T21:00:00.0,0.0,0.0,0.0,0.0,1.0
2025-02-02T22:00:00.0,0.0,0.0,0.0,0.0,1.0
2025-02-02T23:00:00.0,0.0,0.0,0.0,0.0,1.0
2025-02-03T00:00:00.0,0.0,0.0,0.0,0.0,1.0
2025-02-03T01:00:00.0,0.0,0.0,0.0,0.0,1.0
2025-02-03T02:00:00.0,0.0,0.0,0.0,0.0,1.0
2025-02-03T03:00:00.0,0.0,0.0,0.0,0.0,1.0
2025-02-03T04:00:00.0,0.0,0.0,0.0,0.0,1.0
2025-02-03T05:00:00.0,0.0,0.0,0.0,0.0,1.0
2025-02-03T06:00:00.0,0.0,0.0,0.0,0.0,1.0
2025-02-03T07:00:00.0,0.0,0.0,0.0,0.0,1.0
2025-02-03T08:00:00.0,7.273,0.0,7.273,0.0,0.7333
2025-02-03T09:00:00.0,13.5459,0.0,13.5459,0.0,1.0
2025-02-03T10:00:00.0,32.2345,0.0013,32.2332,0.0044,1.0
2025-02-03T11:00:00.0,105.7908,0.6908,105.0999,1.9587,1.0
2025-02-03T12:00:00.0,170.438,8.776,161.662,23.8937,1.0
2025-02-03T13:00:00.0,175.5903,9.4314,166.1589,26.7444,1.0
2025-02-03T14:00:00.0,83.5606,1.3843,82.1763,4.0996,1.0
2025-02-03T15:00:00.0,100.9279,0.7931,100.1348,3.2294,1.0
2025-02-03T16:00:00.0,38.3892,0.0171,38.3721,0.1043,0.7833
2025-02-03T17:00:00.0,1.8909,0.0,1.8909,0.0003,0.825
2025-02-03T18:00:00.0,0.0,0.0,0.0,0.0,1.0
2025-02-03T19:00:00.0,0.0,0.0,0.0,0.0,1.0
2025-02-03T20:00:00.0,0.0,0.0,0.0,0.0,1.0
2025-02-03T21:00:00.0,0.0,0.0,0.0,0.0,1.0
2025-02-03T22:00:00.0,0.0,0.0,0.0,0.0,1.0
2025-02-03T23:00:00.0,0.0,0.0,0.0,0.0,1.0
2025-02-04T00:00:00.0,0.0,0.0,0.0,0.0,1.0
2025-02-04T01:00:00.0,0.0,0.0,0.0,0.0,1.0
2025-02-04T02:00:00.0,0.0,0.0,0.0,0.0,1.0
2025-02-04T03:00:00.0,0.0,0.0,0.0,0.0,1.0
2025-02-04T04:00:00.0,0.0,0.0,0.0,0.0,1.0
2025-02-04T05:00:00.0,0.0,0.0,0.0,0.0,1.0
2025-02-04T06:00:00.0,0.0,0.0,0.0,0.0,1.0
2025-02-04T07:00:00.0,0.0,0.0,0.0,0.0,1.0
2025-02-04T08:00:00.0,23.4028,8.2188,15.184,108.0975,0.7167
2025-02-04T09:00:00.0,135.5311,81.6629,53.8682,477.0244,1.0
2025-02-04T10:00:00.0,239.5814,158.1939,81.3875,574.2904,1.0
2025-02-04T11:00:00.0,308.2961,206.1479,102.1481,610.8824,1.0
2025-02-04T12:00:00.0,291.7297,171.8854,119.8443,464.9166,1.0
2025-02-04T13:00:00.0,187.0858,90.656,96.4298,248.5222,1.0
2025-02-04T14:00:00.0,305.6494,234.0131,71.6363,742.0256,1.0
2025-02-04T15:00:00.0,192.4855,122.8981,69.5875,528.4455,1.0
2025-02-04T16:00:00.0,92.4246,59.4708,32.9538,470.7401,0.7833
2025-02-04T17:00:00.0,4.9132,1.6269,3.2863,40.0172,0.8083
2025-02-04T18:00:00.0,0.0,0.0,0.0,0.0,1.0
2025-02-04T19:00:00.0,0.0,0.0,0.0,0.0,1.0
2025-02-04T20:00:00.0,0.0,0.0,0.0,0.0,1.0
2025-02-04T21:00:00.0,0.0,0.0,0.0,0.0,1.0
2025-02-04T22:00:00.0,0.0,0.0,0.0,0.0,1.0
2025-02-04T23:00:00.0,0.0,0.0,0.0,0.0,1.0
2025-02-05T00:00:00.0,0.0,0.0,0.0,0.0,1.0
2025-02-05T01:00:00.0,0.0,0.0,0.0,0.0,1.0
2025-02-05T02:00:00.0,0.0,0.0,0.0,0.0,1.0
2025-02-05T03:00:00.0,0.0,0.0,0.0,0.0,1.0
2025-02-05T04:00:00.0,0.0,0.0,0.0,0.0,1.0
2025-02-05T05:00:00.0,0.0,0.0,0.0,0.0,1.0
2025-02-05T06:00:00.0,0.0,0.0,0.0,0.0,1.0
2025-02-05T07:00:00.0,0.0,0.0,0.0,0.0,1.0
2025-02-05T08:00:00.0,24.0092,7.3671,16.6421,94.21,0.7
2025-02-05T09:00:00.0,131.5268,71.1673,60.3594,404.5286,1.0
2025-02-05T10:00:00.0,218.3497,101.5684,116.7813,368.384,1.0
2025-02-05T11:00:00.0,304.2076,189.96,114.2476,542.3235,1.0
2025-02-05T12:00:00.0,385.0519,313.0988,71.9531,830.7775,1.0
2025-02-05T13:00:00.0,376.021,304.9133,71.1077,826.0644,1.0
2025-02-05T14:00:00.0,319.2225,252.8194,66.4031,785.1534,1.0
2025-02-05T15:00:00.0,220.9893,165.205,55.7843,690.5967,1.0
2025-02-05T16:00:00.0,96.1691,61.1666,35.0025,467.5621,0.9083
2025-02-05T17:00:00.0,5.8372,1.9488,3.8884,45.1033,0.7917
2025-02-05T18:00:00.0,0.0,0.0,0.0,0.0,1.0
2025-02-05T19:00:00.0,0.0,0.0,0.0,0.0,1.0
2025-02-05T20:00:00.0,0.0,0.0,0.0,0.0,1.0
2025-02-05T21:00:00.0,0.0,0.0,0.0,0.0,1.0
2025-02-05T22:00:00.0,0.0,0.0,0.0,0.0,1.0
2025-02-05T23:00:00.0,0.0,0.0,0.0,0.0,1.0
2025-02-06T00:00:00.0,0.0,0.0,0.0,0.0,1.0
2025-02-06T01:00:00.0,0.0,0.0,0.0,0.0,1.0
2025-02-06T02:00:00.0,0.0,0.0,0.0,0.0,1.0
2025-02-06T03:00:00.0,0.0,0.0,0.0,0.0,1.0
2025-02-06T04:00:00.0,0.0,0.0,0.0,0.0,1.0
2025-02-06T05:00:00.0,0.0,0.0,0.0,0.0,1.0
2025-02-06T06:00:00.0,0.0,0.0,0.0,0.0,1.0
2025-02-06T07:00:00.0,0.0,0.0,0.0,0.0,1.0
2025-02-06T08:00:00.0,31.9689,17.8171,14.1517,232.5743,0.6917
2025-02-06T09:00:00.0,123.7433,60.7172,63.0262,364.4119,1.0
2025-02-06T10:00:00.0,189.6102,60.1241,129.4861,216.888,1.0
2025-02-06T11:00:00.0,259.9669,109.0375,150.9293,306.8012,1.0
2025-02-06T12:00:00.0,311.2982,165.6579,145.6404,433.2942,1.0
2025-02-06T13:00:00.0,389.1773,322.5337,66.6436,862.1666,1.0
2025-02-06T14:00:00.0,330.322,267.8934,62.4285,818.886,1.0
2025-02-06T15:00:00.0,163.5284,60.3142,103.2142,262.3478,1.0
2025-02-06T16:00:00.0,91.9369,44.7076,47.2293,357.1203,0.9083
2025-02-06T17:00:00.0,7.4889,3.1247,4.3642,68.6872,0.775
2025-02-06T18:00:00.0,0.0,0.0,0.0,0.0,1.0
2025-02-06T19:00:00.0,0.0,0.0,0.0,0.0,1.0
2025-02-06T20:00:00.0,0.0,0.0,0.0,0.0,1.0
2025-02-06T21:00:00.0,0.0,0.0,0.0,0.0,1.0
2025-02-06T22:00:00.0,0.0,0.0,0.0,0.0,1.0
2025-02-06T23:00:00.0,0.0,0.0,0.0,0.0,1.0
2025-02-07T00:00:00.0,0.0,0.0,0.0,0.0,1.0
2025-02-07T01:00:00.0,0.0,0.0,0.0,0.0,1.0
2025-02-07T02:00:00.0,0.0,0.0,0.0,0.0,1.0
2025-02-07T03:00:00.0,0.0,0.0,0.0,0.0,1.0
2025-02-07T04:00:00.0,0.0,0.0,0.0,0.0,1.0
2025-02-07T05:00:00.0,0.0,0.0,0.0,0.0,1.0
2025-02-07T06:00:00.0,0.0,0.0,0.0,0.0,1.0
2025-02-07T07:00:00.0,0.0,0.0,0.0,0.0,1.0
2025-02-07T08:00:00.0,32.6988,15.4712,17.2276,191.2106,0.675
2025-02-07T09:00:00.0,65.49,4.6166,60.8734,35.4647,1.0
2025-02-07T10:00:00.0,119.6467,1.0834,118.5633,3.8567,1.0
2025-02-07T11:00:00.0,172.8715,9.986,162.8855,27.4295,1.0
2025-02-07T12:00:00.0,154.6994,1.5782,153.1212,4.1009,1.0
2025-02-07T13:00:00.0,190.31,9.8984,180.4115,25.8722,1.0
2025-02-07T14:00:00.0,49.013,0.1819,48.8311,0.5071,1.0
2025-02-07T15:00:00.0,65.955,0.2696,65.6854,1.1761,1.0
2025-02-07T16:00:00.0,45.5831,5.173,40.4102,36.4519,0.9083
2025-02-07T17:00:00.0,2.5414,0.0,2.5414,0.0,0.7667
2025-02-07T18:00:00.0,0.0,0.0,0.0,0.0,1.0
2025-02-07T19:00:00.0,0.0,0.0,0.0,0.0,1.0
2025-02-07T20:00:00.0,0.0,0.0,0.0,0.0,1.0
2025-02-07T21:00:00.0,0.0,0.0,0.0,0.0,1.0
2025-02-07T22:00:00.0,0.0,0.0,0.0,0.0,1.0
2025-02-07T23:00:00.0,0.0,0.0,0.0,0.0,1.0
2025-02-08T00:00:00.0,0.0,0.0,0.0,0.0,1.0
2025-02-08T01:00:00.0,0.0,0.0,0.0,0.0,1.0
2025-02-08T02:00:00.0,0.0,0.0,0.0,0.0,1.0
2025-02-08T03:00:00.0,0.0,0.0,0.0,0.0,1.0
2025-02-08T04:00:00.0,0.0,0.0,0.0,0.0,1.0
2025-02-08T05:00:00.0,0.0,0.0,0.0,0.0,1.0
2025-02-08T06:00:00.0,0.0,0.0,0.0,0.0,1.0
2025-02-08T07:00:00.0,0.0,0.0,0.0,0.0,1.0
2025-02-08T08:00:00.0,25.8071,0.6177,25.1894,7.2648,0.6583
2025-02-08T09:00:00.0,128.7349,54.2091,74.5258,277.3106,1.0
2025-02-08T10:00:00.0,198.4514,44.0837,154.3677,152.6693,1.0
2025-02-08T11:00:00.0,288.8059,139.2026,149.6033,376.5793,1.0
2025-02-08T12:00:00.0,391.0312,299.7432,91.288,764.8294,1.0
2025-02-08T13:00:00.0,261.1248,67.4368,193.688,172.6285,1.0
2025-02-08T14:00:00.0,160.4708,4.0461,156.4247,11.6714,1.0
2025-02-08T15:00:00.0,115.013,1.5786,113.4344,6.1014,1.0
2025-02-08T16:00:00.0,25.4482,0.0087,25.4395,0.0454,0.9083
2025-02-08T17:00:00.0,1.1366,0.0,1.1366,0.0,0.75
2025-02-08T18:00:00.0,0.0,0.0,0.0,0.0,1.0
2025-02-08T19:00:00.0,0.0,0.0,0.0,0.0,1.0
2025-02-08T20:00:00.0,0.0,0.0,0.0,0.0,1.0
2025-02-08T21:00:00.0,0.0,0.0,0.0,0.0,1.0
2025-02-08T22:00:00.0,0.0,0.0,0.0,0.0,1.0
2025-02-08T23:00:00.0,0.0,0.0,0.0,0.0,1.0
2025-02-09T00:00:00.0,0.0,0.0,0.0,0.0,1.0
2025-02-09T01:00:00.0,0.0,0.0,0.0,0.0,1.0
2025-02-09T02:00:00.0,0.0,0.0,0.0,0.0,1.0
2025-02-09T03:00:00.0,0.0,0.0,0.0,0.0,1.0
2025-02-09T04:00:00.0,0.0,0.0,0.0,0.0,1.0
2025-02-09T05:00:00.0,0.0,0.0,0.0,0.0,1.0
2025-02-09T06:00:00.0,0.0,0.0,0.0,0.0,1.0
2025-02-09T07:00:00.0,0.0,0.0,0.0,0.0,1.0
2025-02-09T08:00:00.0,6.3351,0.0,6.3351,0.0,0.7667
2025-02-09T09:00:00.0,22.0621,0.0,22.0621,0.0,1.0
2025-02-09T10:00:00.0,22.4459,0.0,22.4459,0.0,1.0
2025-02-09T11:00:00.0,36.507,0.0,36.507,0.0,1.0
2025-02-09T12:00:00.0,53.9176,0.0,53.9176,0.0001,1.0
2025-02-09T13:00:00.0,34.7234,0.0,34.7234,0.0,1.0
2025-02-09T14:00:00.0,27.5482,0.1256,27.4225,0.4093,1.0
2025-02-09T15:00:00.0,83.4762,5.1998,78.2764,18.4553,1.0
2025-02-09T16:00:00.0,11.6395,0.0,11.6395,0.0,0.9083
2025-02-09T17:00:00.0,1.2393,0.0,1.2393,0.0,0.7333
2025-02-09T18:00:00.0,0.0,0.0,0.0,0.0,1.0
2025-02-09T19:00:00.0,0.0,0.0,0.0,0.0,1.0
2025-02-09T20:00:00.0,0.0,0.0,0.0,0.0,1.0
2025-02-09T21:00:00.0,0.0,0.0,0.0,0.0,1.0
2025-02-09T22:00:00.0,0.0,0.0,0.0,0.0,1.0
2025-02-09T23:00:00.0,0.0,0.0,0.0,0.0,1.0
2025-02-10T00:00:00.0,0.0,0.0,0.0,0.0,1.0
2025-02-10T01:00:00.0,0.0,0.0,0.0,0.0,1.0
2025-02-10T02:00:00.0,0.0,0.0,0.0,0.0,1.0
2025-02-10T03:00:00.0,0.0,0.0,0.0,0.0,1.0
2025-02-10T04:00:00.0,0.0,0.0,0.0,0.0,1.0
2025-02-10T05:00:00.0,0.0,0.0,0.0,0.0,1.0
2025-02-10T06:00:00.0,0.0,0.0,0.0,0.0,1.0
2025-02-10T07:00:00.0,0.0,0.0,0.0,0.0,1.0
2025-02-10T08:00:00.0,21.06,0.0816,20.9784,1.0633,0.75
2025-02-10T09:00:00.0,20.1091,0.0,20.1091,0.0,1.0
2025-02-10T10:00:00.0,56.7649,0.0,56.7649,0.0,1.0
2025-02-10T11:00:00.0,94.0364,0.0282,94.0082,0.0741,1.0
2025-02-10T12:00:00.0,112.591,0.0125,112.5785,0.0311,1.0
2025-02-10T13:00:00.0,67.7483,0.0009,67.7474,0.0022,1.0
2025-02-10T14:00:00.0,31.2656,0.0,31.2656,0.0,1.0
2025-02-10T15:00:00.0,20.8859,0.0,20.8859,0.0,1.0
2025-02-10T16:00:00.0,21.4451,0.0,21.4451,0.0,0.9083
2025-02-10T17:00:00.0,3.5053,0.0,3.5053,0.0,0.7167
2025-02-10T18:00:00.0,0.0,0.0,0.0,0.0,1.0
2025-02-10T19:00:00.0,0.0,0.0,0.0,0.0,1.0
2025-02-10T20:00:00.0,0.0,0.0,0.0,0.0,1.0
2025-02-10T21:00:00.0,0.0,0.0,0.0,0.0,1.0
2025-02-10T22:00:00.0,0.0,0.0,0.0,0.0,1.0
2025-02-10T23:00:00.0,0.0,0.0,0.0,0.0,1.0
2025-02-11T00:00:00.0,0.0,0.0,0.0,0.0,1.0
2025-02-11T01:00:00.0,0.0,0.0,0.0,0.0,1.0
2025-02-11T02:00:00.0,0.0,0.0,0.0,0.0,1.0
2025-02-11T03:00:00.0,0.0,0.0,0.0,0.0,1.0
2025-02-11T04:00:00.0,0.0,0.0,0.0,0.0,1.0
2025-02-11T05:00:00.0,0.0,0.0,0.0,0.0,1.0
2025-02-11T06:00:00.0,0.0,0.0,0.0,0.0,1.0
2025-02-11T07:00:00.0,0.0,0.0,0.0,0.0,1.0
2025-02-11T08:00:00.0,22.479,0.1719,22.3071,1.4004,0.7333
2025-02-11T09:00:00.0,41.6855,0.3991,41.2864,2.2307,1.0
2025-02-11T10:00:00.0,48.4615,0.0,48.4615,0.0,1.0
2025-02-11T11:00:00.0,81.6518,0.0333,81.6185,0.0846,1.0
2025-02-11T12:00:00.0,104.3929,0.0618,104.3311,0.1535,1.0
2025-02-11T13:00:00.0,162.6082,70.0265,92.5817,177.2283,1.0
2025-02-11T14:00:00.0,66.5145,0.0006,66.5139,0.0015,1.0
2025-02-11T15:00:00.0,32.2017,0.0,32.2017,0.0,1.0
2025-02-11T16:00:00.0,27.1066,0.0001,27.1065,0.0011,0.9083
2025-02-11T17:00:00.0,7.1443,0.0,7.1443,0.0005,0.7
2025-02-11T18:00:00.0,0.0,0.0,0.0,0.0,1.0
2025-02-11T19:00:00.0,0.0,0.0,0.0,0.0,1.0
2025-02-11T20:00:00.0,0.0,0.0,0.0,0.0,1.0
2025-02-11T21:00:00.0,0.0,0.0,0.0,0.0,1.0
2025-02-11T22:00:00.0,0.0,0.0,0.0,0.0,1.0
2025-02-11T23:00:00.0,0.0,0.0,0.0,0.0,1.0
2025-02-12T00:00:00.0,0.0,0.0,0.0,0.0,1.0
2025-02-12T01:00:00.0,0.0,0.0,0.0,0.0,1.0
2025-02-12T02:00:00.0,0.0,0.0,0.0,0.0,1.0
2025-02-12T03:00:00.0,0.0,0.0,0.0,0.0,1.0
2025-02-12T04:00:00.0,0.0,0.0,0.0,0.0,1.0
2025-02-12T05:00:00.0,0.0,0.0,0.0,0.0,1.0
2025-02-12T06:00:00.0,0.0,0.0,0.0,0.0,1.0
2025-02-12T07:00:00.0,0.0,0.0,0.0,0.0,1.0
2025-02-12T08:00:00.0,33.0011,9.3556,23.6455,110.8953,0.725
2025-02-12T09:00:00.0,17.4449,0.0,17.4449,0.0,1.0
2025-02-12T10:00:00.0,25.2451,0.0,25.2451,0.0,1.0
2025-02-12T11:00:00.0,51.4165,0.0002,51.4164,0.0004,1.0
2025-02-12T12:00:00.0,63.8607,0.0005,63.8603,0.0012,1.0
2025-02-12T13:00:00.0,35.5714,0.0,35.5714,0.0,1.0
2025-02-12T14:00:00.0,26.1362,0.0,26.1362,0.0,1.0
2025-02-12T15:00:00.0,21.8448,0.7637,21.0811,3.4486,1.0
2025-02-12T16:00:00.0,84.4403,37.0609,47.3793,203.651,1.0
2025-02-12T17:00:00.0,7.8434,0.0,7.8434,0.0,0.7167
2025-02-12T18:00:00.0,0.0,0.0,0.0,0.0,1.0
2025-02-12T19:00:00.0,0.0,0.0,0.0,0.0,1.0
2025-02-12T20:00:00.0,0.0,0.0,0.0,0.0,1.0
2025-02-12T21:00:00.0,0.0,0.0,0.0,0.0,1.0
2025-02-12T22:00:00.0,0.0,0.0,0.0,0.0,1.0
2025-02-12T23:00:00.0,0.0,0.0,0.0,0.0,1.0
2025-02-13T00:00:00.0,0.0,0.0,0.0,0.0,1.0
2025-02-13T01:00:00.0,0.0,0.0,0.0,0.0,1.0
2025-02-13T02:00:00.0,0.0,0.0,0.0,0.0,1.0
2025-02-13T03:00:00.0,0.0,0.0,0.0,0.0,1.0
2025-02-13T04:00:00.0,0.0,0.0,0.0,0.0,1.0
2025-02-13T05:00:00.0,0.0,0.0,0.0,0.0,1.0
2025-02-13T06:00:00.0,0.0,0.0,0.0,0.0,1.0
2025-02-13T07:00:00.0,0.0023,0.0,0.0023,0.0,0.9917
2025-02-13T08:00:00.0,5.7026,0.0,5.7026,0.0,0.7167
2025-02-13T09:00:00.0,15.6227,0.0,15.6227,0.0,1.0
2025-02-13T10:00:00.0,63.7861,0.0005,63.7856,0.0016,1.0
2025-02-13T11:00:00.0,56.5384,0.0,56.5384,0.0,1.0
2025-02-13T12:00:00.0,66.5002,0.0018,66.4984,0.0042,1.0
2025-02-13T13:00:00.0,62.8556,0.0,62.8556,0.0,1.0
2025-02-13T14:00:00.0,32.2439,0.0,32.2439,0.0,1.0
2025-02-13T15:00:00.0,21.686,0.0,21.686,0.0,1.0
2025-02-13T16:00:00.0,51.5862,0.0024,51.5838,0.0137,1.0
2025-02-13T17:00:00.0,9.4945,0.0,9.4945,0.0005,0.7
2025-02-13T18:00:00.0,0.0,0.0,0.0,0.0,1.0
2025-02-13T19:00:00.0,0.0,0.0,0.0,0.0,1.0
2025-02-13T20:00:00.0,0.0,0.0,0.0,0.0,1.0
2025-02-13T21:00:00.0,0.0,0.0,0.0,0.0,1.0
2025-02-13T22:00:00.0,0.0,0.0,0.0,0.0,1.0
2025-02-13T23:00:00.0,0.0,0.0,0.0,0.0,1.0
2025-02-14T00:00:00.0,0.0,0.0,0.0,0.0,1.0
2025-02-14T01:00:00.0,0.0,0.0,0.0,0.0,1.0
2025-02-14T02:00:00.0,0.0,0.0,0.0,0.0,1.0
2025-02-14T03:00:00.0,0.0,0.0,0.0,0.0,1.0
2025-02-14T04:00:00.0,0.0,0.0,0.0,0.0,1.0
2025-02-14T05:00:00.0,0.0,0.0,0.0,0.0,1.0
2025-02-14T06:00:00.0,0.0,0.0,0.0,0.0,1.0
2025-02-14T07:00:00.0,0.0837,0.001,0.0827,0.0,0.975
2025-02-14T08:00:00.0,46.0155,8.3835,37.632,83.1574,0.7167
2025-02-14T09:00:00.0,129.9285,15.5766,114.3519,71.6296,1.0
2025-02-14T10:00:00.0,207.8829,35.6275,172.2554,113.7626,1.0
2025-02-14T11:00:00.0,244.38,34.9516,209.4285,90.2741,1.0
2025-02-14T12:00:00.0,286.624,51.655,234.9689,121.7399,1.0
2025-02-14T13:00:00.0,199.6255,8.6128,191.0127,20.6758,1.0
2025-02-14T14:00:00.0,190.1795,13.738,176.4416,37.0286,1.0
2025-02-14T15:00:00.0,217.7317,124.2408,93.4909,462.6577,1.0
2025-02-14T16:00:00.0,130.2487,77.3163,52.9324,461.2894,1.0
2025-02-14T17:00:00.0,20.532,8.6131,11.9189,122.2002,0.6833
2025-02-14T18:00:00.0,0.0,0.0,0.0,0.0,1.0
2025-02-14T19:00:00.0,0.0,0.0,0.0,0.0,1.0
2025-02-14T20:00:00.0,0.0,0.0,0.0,0.0,1.0
2025-02-14T21:00:00.0,0.0,0.0,0.0,0.0,1.0
2025-02-14T22:00:00.0,0.0,0.0,0.0,0.0,1.0
2025-02-14T23:00:00.0,0.0,0.0,0.0,0.0,1.0
2025-02-15T00:00:00.0,0.0,0.0,0.0,0.0,1.0
2025-02-15T01:00:00.0,0.0,0.0,0.0,0.0,1.0
2025-02-15T02:00:00.0,0.0,0.0,0.0,0.0,1.0
2025-02-15T03:00:00.0,0.0,0.0,0.0,0.0,1.0
2025-02-15T04:00:00.0,0.0,0.0,0.0,0.0,1.0
2025-02-15T05:00:00.0,0.0,0.0,0.0,0.0,1.0
2025-02-15T06:00:00.0,0.0,0.0,0.0,0.0,1.0
2025-02-15T07:00:00.0,0.1229,0.0,0.1229,0.0,0.9583
2025-02-15T08:00:00.0,21.8384,0.0008,21.8375,0.0053,0.7167
2025-02-15T09:00:00.0,33.0786,0.0371,33.0415,0.203,1.0
2025-02-15T10:00:00.0,31.9735,0.0,31.9735,0.0,1.0
2025-02-15T11:00:00.0,66.1021,0.0002,66.1018,0.0006,1.0
2025-02-15T12:00:00.0,34.8965,0.0,34.8965,0.0,1.0
2025-02-15T13:00:00.0,36.7044,0.0,36.7044,0.0,1.0
2025-02-15T14:00:00.0,36.1165,0.0,36.1165,0.0,1.0
2025-02-15T15:00:00.0,32.5386,0.0054,32.5332,0.023,1.0
2025-02-15T16:00:00.0,39.3836,0.1516,39.2319,0.7181,1.0
2025-02-15T17:00:00.0,6.7619,0.0,6.7619,0.0,0.675
2025-02-15T18:00:00.0,0.0,0.0,0.0,0.0,1.0
2025-02-15T19:00:00.0,0.0,0.0,0.0,0.0,1.0
2025-02-15T20:00:00.0,0.0,0.0,0.0,0.0,1.0
2025-02-15T21:00:00.0,0.0,0.0,0.0,0.0,1.0
2025-02-15T22:00:00.0,0.0,0.0,0.0,0.0,1.0
2025-02-15T23:00:00.0,0.0,0.0,0.0,0.0,1.0
2025-02-16T00:00:00.0,0.0,0.0,0.0,0.0,1.0
2025-02-16T01:00:00.0,0.0,0.0,0.0,0.0,1.0
2025-02-16T02:00:00.0,0.0,0.0,0.0,0.0,1.0
2025-02-16T03:00:00.0,0.0,0.0,0.0,0.0,1.0
2025-02-16T04:00:00.0,0.0,0.0,0.0,0.0,1.0
2025-02-16T05:00:00.0,0.0,0.0,0.0,0.0,1.0
2025-02-16T06:00:00.0,0.0,0.0,0.0,0.0,1.0
2025-02-16T07:00:00.0,0.4134,0.0087,0.4047,0.0,0.9417
2025-02-16T08:00:00.0,29.6061,5.0166,24.5896,66.1359,0.8417
2025-02-16T09:00:00.0,66.975,0.5016,66.4734,2.1377,1.0
2025-02-16T10:00:00.0,116.1616,0.9826,115.179,3.2367,1.0
2025-02-16T11:00:00.0,97.8039,0.0399,97.764,0.1042,1.0
2025-02-16T12:00:00.0,87.2891,0.0533,87.2358,0.1222,1.0
2025-02-16T13:00:00.0,166.3388,2.2667,164.0721,5.3948,1.0
2025-02-16T14:00:00.0,87.7303,0.3241,87.4062,0.7998,1.0
2025-02-16T15:00:00.0,86.3368,0.8535,85.4833,3.3627,1.0
2025-02-16T16:00:00.0,68.6958,1.2122,67.4836,5.6408,1.0
2025-02-16T17:00:00.0,10.2222,0.0,10.2222,0.0,0.6667
2025-02-16T18:00:00.0,0.0,0.0,0.0,0.0,1.0
2025-02-16T19:00:00.0,0.0,0.0,0.0,0.0,1.0
2025-02-16T20:00:00.0,0.0,0.0,0.0,0.0,1.0
2025-02-16T21:00:00.0,0.0,0.0,0.0,0.0,1.0
2025-02-16T22:00:00.0,0.0,0.0,0.0,0.0,1.0
2025-02-16T23:00:00.0,0.0,0.0,0.0,0.0,1.0
2025-02-17T00:00:00.0,0.0,0.0,0.0,0.0,1.0
2025-02-17T01:00:00.0,0.0,0.0,0.0,0.0,1.0
2025-02-17T02:00:00.0,0.0,0.0,0.0,0.0,1.0
2025-02-17T03:00:00.0,0.0,0.0,0.0,0.0,1.0
2025-02-17T04:00:00.0,0.0,0.0,0.0,0.0,1.0
2025-02-17T05:00:00.0,0.0,0.0,0.0,0.0,1.0
2025-02-17T06:00:00.0,0.0,0.0,0.0,0.0,1.0
2025-02-17T07:00:00.0,0.4892,0.0,0.4892,0.0006,0.925
2025-02-17T08:00:00.0,35.6675,0.01,35.6575,0.0987,0.8417
2025-02-17T09:00:00.0,42.5779,0.0439,42.534,0.1779,1.0
2025-02-17T10:00:00.0,57.8332,1.1771,56.6561,3.8239,1.0
2025-02-17T11:00:00.0,35.4043,0.0,35.4043,0.0,1.0
2025-02-17T12:00:00.0,39.0162,0.0,39.0162,0.0,1.0
2025-02-17T13:00:00.0,46.6438,0.0,46.6438,0.0,1.0
2025-02-17T14:00:00.0,31.4764,0.0,31.4764,0.0,1.0
2025-02-17T15:00:00.0,33.2874,0.0,33.2874,0.0,1.0
2025-02-17T16:00:00.0,18.4737,0.0,18.4737,0.0,1.0
2025-02-17T17:00:00.0,8.8961,0.0,8.8961,0.0,0.6417
2025-02-17T18:00:00.0,0.0,0.0,0.0,0.0,1.0
2025-02-17T19:00:00.0,0.0,0.0,0.0,0.0,1.0
2025-02-17T20:00:00.0,0.0,0.0,0.0,0.0,1.0
2025-02-17T21:00:00.0,0.0,0.0,0.0,0.0,1.0
2025-02-17T22:00:00.0,0.0,0.0,0.0,0.0,1.0
2025-02-17T23:00:00.0,0.0,0.0,0.0,0.0,1.0
2025-02-18T00:00:00.0,0.0,0.0,0.0,0.0,1.0
2025-02-18T01:00:00.0,0.0,0.0,0.0,0.0,1.0
2025-02-18T02:00:00.0,0.0,0.0,0.0,0.0,1.0
2025-02-18T03:00:00.0,0.0,0.0,0.0,0.0,1.0
2025-02-18T04:00:00.0,0.0,0.0,0.0,0.0,1.0
2025-02-18T05:00:00.0,0.0,0.0,0.0,0.0,1.0
2025-02-18T06:00:00.0,0.0,0.0,0.0,0.0,1.0
2025-02-18T07:00:00.0,0.7235,0.0002,0.7233,0.0065,0.9083
2025-02-18T08:00:00.0,40.5922,0.0828,40.5094,0.7387,0.8417
2025-02-18T09:00:00.0,26.0854,0.0053,26.0801,0.0295,1.0
2025-02-18T10:00:00.0,69.5104,0.0012,69.5092,0.0033,1.0
2025-02-18T11:00:00.0,112.7469,0.0418,112.7051,0.1012,1.0
2025-02-18T12:00:00.0,94.1768,0.007,94.1699,0.0158,1.0
2025-02-18T13:00:00.0,102.2377,0.0167,102.2209,0.0388,1.0
2025-02-18T14:00:00.0,100.0755,0.1314,99.9441,0.3615,1.0
2025-02-18T15:00:00.0,113.9363,2.9345,111.0018,9.0323,1.0
2025-02-18T16:00:00.0,77.0669,0.6753,76.3917,3.2042,1.0
2025-02-18T17:00:00.0,15.4659,0.0238,15.442,0.2735,0.625
2025-02-18T18:00:00.0,0.0,0.0,0.0,0.0,1.0
2025-02-18T19:00:00.0,0.0,0.0,0.0,0.0,1.0
2025-02-18T20:00:00.0,0.0,0.0,0.0,0.0,1.0
2025-02-18T21:00:00.0,0.0,0.0,0.0,0.0,1.0
2025-02-18T22:00:00.0,0.0,0.0,0.0,0.0,1.0
2025-02-18T23:00:00.0,0.0,0.0,0.0,0.0,1.0
2025-02-19T00:00:00.0,0.0,0.0,0.0,0.0,1.0
2025-02-19T01:00:00.0,0.0,0.0,0.0,0.0,1.0
2025-02-19T02:00:00.0,0.0,0.0,0.0,0.0,1.0
2025-02-19T03:00:00.0,0.0,0.0,0.0,0.0,1.0
2025-02-19T04:00:00.0,0.0,0.0,0.0,0.0,1.0
2025-02-19T05:00:00.0,0.0,0.0,0.0,0.0,1.0
2025-02-19T06:00:00.0,0.0,0.0,0.0,0.0,1.0
2025-02-19T07:00:00.0,1.5665,0.1353,1.4311,3.9904,0.8917
2025-02-19T08:00:00.0,73.5701,34.3504,39.2197,277.8179,0.8417
2025-02-19T09:00:00.0,157.7616,49.4659,108.2957,210.317,1.0
2025-02-19T10:00:00.0,125.6463,4.6388,121.0075,14.9537,1.0
2025-02-19T11:00:00.0,90.3387,0.0077,90.331,0.0185,1.0
2025-02-19T12:00:00.0,58.378,0.0004,58.3776,0.0009,1.0
2025-02-19T13:00:00.0,88.9328,0.016,88.9168,0.0356,1.0
2025-02-19T14:00:00.0,72.9691,0.0005,72.9686,0.0014,1.0
2025-02-19T15:00:00.0,64.6953,0.22,64.4753,0.8234,1.0
2025-02-19T16:00:00.0,94.2498,21.3825,72.8673,106.286,1.0
2025-02-19T17:00:00.0,20.1648,0.0426,20.1221,0.5065,0.7333
2025-02-19T18:00:00.0,0.0,0.0,0.0,0.0,1.0
2025-02-19T19:00:00.0,0.0,0.0,0.0,0.0,1.0
2025-02-19T20:00:00.0,0.0,0.0,0.0,0.0,1.0
2025-02-19T21:00:00.0,0.0,0.0,0.0,0.0,1.0
2025-02-19T22:00:00.0,0.0,0.0,0.0,0.0,1.0
2025-02-19T23:00:00.0,0.0,0.0,0.0,0.0,1.0
2025-02-20T00:00:00.0,0.0,0.0,0.0,0.0,1.0
2025-02-20T01:00:00.0,0.0,0.0,0.0,0.0,1.0
2025-02-20T02:00:00.0,0.0,0.0,0.0,0.0,1.0
2025-02-20T03:00:00.0,0.0,0.0,0.0,0.0,1.0
2025-02-20T04:00:00.0,0.0,0.0,0.0,0.0,1.0
2025-02-20T05:00:00.0,0.0,0.0,0.0,0.0,1.0
2025-02-20T06:00:00.0,0.0,0.0,0.0,0.0,1.0
2025-02-20T07:00:00.0,0.2511,0.0,0.2511,0.0,0.875
2025-02-20T08:00:00.0,30.1288,0.4189,29.7099,2.8366,0.8417
2025-02-20T09:00:00.0,139.0433,38.2209,100.8224,144.323,1.0
2025-02-20T10:00:00.0,234.3782,72.8749,161.5034,197.9084,1.0
2025-02-20T11:00:00.0,357.8261,187.8101,170.016,449.8118,1.0
2025-02-20T12:00:00.0,328.8693,118.3774,210.4919,258.5527,1.0
2025-02-20T13:00:00.0,219.8344,40.9586,178.8758,91.1938,1.0
2025-02-20T14:00:00.0,216.155,30.3569,185.7981,72.9764,1.0
2025-02-20T15:00:00.0,66.8733,0.233,66.6403,0.8019,1.0
2025-02-20T16:00:00.0,95.0376,6.5055,88.5322,29.6562,1.0
2025-02-20T17:00:00.0,21.4389,0.0839,21.355,0.7482,0.7167
2025-02-20T18:00:00.0,0.0,0.0,0.0,0.0,1.0
2025-02-20T19:00:00.0,0.0,0.0,0.0,0.0,1.0
2025-02-20T20:00:00.0,0.0,0.0,0.0,0.0,1.0
2025-02-20T21:00:00.0,0.0,0.0,0.0,0.0,1.0
2025-02-20T22:00:00.0,0.0,0.0,0.0,0.0,1.0
2025-02-20T23:00:00.0,0.0,0.0,0.0,0.0,1.0
2025-02-21T00:00:00.0,0.0,0.0,0.0,0.0,1.0
2025-02-21T01:00:00.0,0.0,0.0,0.0,0.0,1.0
2025-02-21T02:00:00.0,0.0,0.0,0.0,0.0,1.0
2025-02-21T03:00:00.0,0.0,0.0,0.0,0.0,1.0
2025-02-21T04:00:00.0,0.0,0.0,0.0,0.0,1.0
2025-02-21T05:00:00.0,0.0,0.0,0.0,0.0,1.0
2025-02-21T06:00:00.0,0.0,0.0,0.0,0.0,1.0
2025-02-21T07:00:00.0,1.9514,0.0023,1.9491,0.0599,0.85
2025-02-21T08:00:00.0,55.0687,0.5572,54.5115,4.0083,0.8417
2025-02-21T09:00:00.0,115.6926,5.8714,109.8212,23.8959,1.0
2025-02-21T10:00:00.0,146.1592,60.1944,85.9649,170.7771,1.0
2025-02-21T11:00:00.0,211.1925,23.5416,187.6509,53.6374,1.0
2025-02-21T12:00:00.0,398.8939,261.836,137.058,564.1049,1.0
2025-02-21T13:00:00.0,155.6898,56.7308,98.9591,125.578,1.0
2025-02-21T14:00:00.0,310.7597,148.7534,162.0062,371.882,1.0
2025-02-21T15:00:00.0,177.9683,20.8709,157.0974,62.9848,1.0
2025-02-21T16:00:00.0,161.1252,94.7567,66.3685,468.1541,1.0
2025-02-21T17:00:00.0,36.9197,14.5081,22.4116,150.6245,0.7
2025-02-21T18:00:00.0,0.0,0.0,0.0,0.0,1.0
2025-02-21T19:00:00.0,0.0,0.0,0.0,0.0,1.0
2025-02-21T20:00:00.0,0.0,0.0,0.0,0.0,1.0
2025-02-21T21:00:00.0,0.0,0.0,0.0,0.0,1.0
2025-02-21T22:00:00.0,0.0,0.0,0.0,0.0,1.0
2025-02-21T23:00:00.0,0.0,0.0,0.0,0.0,1.0
2025-02-22T00:00:00.0,0.0,0.0,0.0,0.0,1.0
2025-02-22T01:00:00.0,0.0,0.0,0.0,0.0,1.0
2025-02-22T02:00:00.0,0.0,0.0,0.0,0.0,1.0
2025-02-22T03:00:00.0,0.0,0.0,0.0,0.0,1.0
2025-02-22T04:00:00.0,0.0,0.0,0.0,0.0,1.0
2025-02-22T05:00:00.0,0.0,0.0,0.0,0.0,1.0
2025-02-22T06:00:00.0,0.0,0.0,0.0,0.0,1.0
2025-02-22T07:00:00.0,3.8329,0.9336,2.8993,22.8796,0.8333
2025-02-22T08:00:00.0,93.8225,58.5613,35.2611,430.9497,0.8417
2025-02-22T09:00:00.0,236.4572,178.6847,57.7726,688.6643,1.0
2025-02-22T10:00:00.0,359.8792,288.4361,71.443,792.7821,1.0
2025-02-22T11:00:00.0,445.0889,363.9374,81.1515,836.6312,1.0
2025-02-22T12:00:00.0,329.4084,138.1547,191.2538,295.7257,1.0
2025-02-22T13:00:00.0,438.9919,321.6467,117.3452,702.4388,1.0
2025-02-22T14:00:00.0,289.4648,114.408,175.0568,281.5629,1.0
2025-02-22T15:00:00.0,258.5482,122.9018,135.6464,366.5974,1.0
2025-02-22T16:00:00.0,160.5693,83.2953,77.274,380.4302,1.0
2025-02-22T17:00:00.0,41.5536,18.0706,23.4831,192.337,0.6833
2025-02-22T18:00:00.0,0.0,0.0,0.0,0.0,1.0
2025-02-22T19:00:00.0,0.0,0.0,0.0,0.0,1.0
2025-02-22T20:00:00.0,0.0,0.0,0.0,0.0,1.0
2025-02-22T21:00:00.0,0.0,0.0,0.0,0.0,1.0
2025-02-22T22:00:00.0,0.0,0.0,0.0,0.0,1.0
2025-02-22T23:00:00.0,0.0,0.0,0.0,0.0,1.0
2025-02-23T00:00:00.0,0.0,0.0,0.0,0.0,1.0
2025-02-23T01:00:00.0,0.0,0.0,0.0,0.0,1.0
2025-02-23T02:00:00.0,0.0,0.0,0.0,0.0,1.0
2025-02-23T03:00:00.0,0.0,0.0,0.0,0.0,1.0
2025-02-23T04:00:00.0,0.0,0.0,0.0,0.0,1.0
2025-02-23T05:00:00.0,0.0,0.0,0.0,0.0,1.0
2025-02-23T06:00:00.0,0.0,0.0,0.0,0.0,1.0
2025-02-23T07:00:00.0,0.6297,0.0,0.6297,0.0,0.8167
2025-02-23T08:00:00.0,10.4199,0.0,10.4199,0.0,0.9667
2025-02-23T09:00:00.0,22.2153,0.0,22.2153,0.0,1.0
2025-02-23T10:00:00.0,72.2601,0.0003,72.2598,0.0007,1.0
2025-02-23T11:00:00.0,89.0841,0.0039,89.0802,0.009,1.0
2025-02-23T12:00:00.0,205.4065,18.2107,187.1958,38.2433,1.0
2025-02-23T13:00:00.0,260.025,36.5935,223.4315,78.0536,1.0
2025-02-23T14:00:00.0,137.9016,0.9606,136.941,2.2453,1.0
2025-02-23T15:00:00.0,134.945,1.0844,133.8605,3.5487,1.0
2025-02-23T16:00:00.0,107.4563,4.0175,103.4388,17.6899,1.0
2025-02-23T17:00:00.0,28.3326,0.0556,28.277,0.562,0.675
2025-02-23T18:00:00.0,0.0,0.0,0.0,0.0,1.0
2025-02-23T19:00:00.0,0.0,0.0,0.0,0.0,1.0
2025-02-23T20:00:00.0,0.0,0.0,0.0,0.0,1.0
2025-02-23T21:00:00.0,0.0,0.0,0.0,0.0,1.0
2025-02-23T22:00:00.0,0.0,0.0,0.0,0.0,1.0
2025-02-23T23:00:00.0,0.0,0.0,0.0,0.0,1.0
2025-02-24T00:00:00.0,0.0,0.0,0.0,0.0,1.0
2025-02-24T01:00:00.0,0.0,0.0,0.0,0.0,1.0
2025-02-24T02:00:00.0,0.0,0.0,0.0,0.0,1.0
2025-02-24T03:00:00.0,0.0,0.0,0.0,0.0,1.0
2025-02-24T04:00:00.0,0.0,0.0,0.0,0.0,1.0
2025-02-24T05:00:00.0,0.0,0.0,0.0,0.0,1.0
2025-02-24T06:00:00.0,0.0,0.0,0.0,0.0,1.0
2025-02-24T07:00:00.0,5.7668,1.1456,4.6213,23.5229,0.8
2025-02-24T08:00:00.0,102.2312,58.4127,43.8185,395.2891,0.9667
2025-02-24T09:00:00.0,246.4059,176.4911,69.9148,651.3777,1.0
2025-02-24T10:00:00.0,368.3817,281.2253,87.1565,749.6291,1.0
2025-02-24T11:00:00.0,317.2028,115.4528,201.75,262.8936,1.0
2025-02-24T12:00:00.0,415.9766,262.3267,153.6499,546.9028,1.0
2025-02-24T13:00:00.0,127.8155,14.0653,113.7502,30.5547,1.0
2025-02-24T14:00:00.0,378.0956,253.3157,124.7798,602.0556,1.0
2025-02-24T15:00:00.0,315.4337,231.2592,84.1745,692.2728,1.0
2025-02-24T16:00:00.0,154.0816,106.9046,47.177,467.0907,1.0
2025-02-24T17:00:00.0,50.2109,26.2612,23.9497,257.3794,0.6583
2025-02-24T18:00:00.0,0.0,0.0,0.0,0.0,1.0
2025-02-24T19:00:00.0,0.0,0.0,0.0,0.0,1.0
2025-02-24T20:00:00.0,0.0,0.0,0.0,0.0,1.0
2025-02-24T21:00:00.0,0.0,0.0,0.0,0.0,1.0
2025-02-24T22:00:00.0,0.0,0.0,0.0,0.0,1.0
2025-02-24T23:00:00.0,0.0,0.0,0.0,0.0,1.0
2025-02-25T00:00:00.0,0.0,0.0,0.0,0.0,1.0
2025-02-25T01:00:00.0,0.0,0.0,0.0,0.0,1.0
2025-02-25T02:00:00.0,0.0,0.0,0.0,0.0,1.0
2025-02-25T03:00:00.0,0.0,0.0,0.0,0.0,1.0
2025-02-25T04:00:00.0,0.0,0.0,0.0,0.0,1.0
2025-02-25T05:00:00.0,0.0,0.0,0.0,0.0,1.0
2025-02-25T06:00:00.0,0.0,0.0,0.0,0.0,1.0
2025-02-25T07:00:00.0,7.4309,2.1084,5.3226,41.2342,0.7833
2025-02-25T08:00:00.0,110.7872,68.1689,42.6182,451.1698,0.9667
2025-02-25T09:00:00.0,256.9287,190.2693,66.6594,687.9712,1.0
2025-02-25T10:00:00.0,381.0099,300.4948,80.5152,788.5151,1.0
2025-02-25T11:00:00.0,446.4293,339.7103,106.719,754.3698,1.0
2025-02-25T12:00:00.0,289.2794,70.3704,218.9091,145.1991,1.0
2025-02-25T13:00:00.0,448.3133,310.3344,137.9789,654.1537,1.0
2025-02-25T14:00:00.0,424.06,328.4458,95.6142,765.7302,1.0
2025-02-25T15:00:00.0,290.9211,185.3111,105.6099,548.8106,1.0
2025-02-25T16:00:00.0,170.2559,96.0932,74.1627,435.5518,1.0
2025-02-25T17:00:00.0,45.7886,15.0948,30.6938,136.3916,0.6583
2025-02-25T18:00:00.0,0.012,0.0013,0.0106,0.0,0.9833
2025-02-25T19:00:00.0,0.0,0.0,0.0,0.0,1.0
2025-02-25T20:00:00.0,0.0,0.0,0.0,0.0,1.0
2025-02-25T21:00:00.0,0.0,0.0,0.0,0.0,1.0
2025-02-25T22:00:00.0,0.0,0.0,0.0,0.0,1.0
2025-02-25T23:00:00.0,0.0,0.0,0.0,0.0,1.0
2025-02-26T00:00:00.0,0.0,0.0,0.0,0.0,1.0
2025-02-26T01:00:00.0,0.0,0.0,0.0,0.0,1.0
2025-02-26T02:00:00.0,0.0,0.0,0.0,0.0,1.0
2025-02-26T03:00:00.0,0.0,0.0,0.0,0.0,1.0
2025-02-26T04:00:00.0,0.0,0.0,0.0,0.0,1.0
2025-02-26T05:00:00.0,0.0,0.0,0.0,0.0,1.0
2025-02-26T06:00:00.0,0.0,0.0,0.0,0.0,1.0
2025-02-26T07:00:00.0,8.8026,2.422,6.3806,43.873,0.7667
2025-02-26T08:00:00.0,107.8923,52.2541,55.6381,355.6995,0.9667
2025-02-26T09:00:00.0,210.7266,98.6012,112.1255,372.2832,1.0
2025-02-26T10:00:00.0,263.1194,155.3549,107.7645,383.6576,1.0
2025-02-26T11:00:00.0,407.7711,276.3364,131.4347,607.771,1.0
2025-02-26T12:00:00.0,495.7841,376.343,119.4411,767.2267,1.0
2025-02-26T13:00:00.0,351.3196,229.9509,121.3687,481.5838,1.0
2025-02-26T14:00:00.0,424.3104,321.7535,102.5569,739.7413,1.0
2025-02-26T15:00:00.0,328.0258,245.2773,82.7485,712.1135,1.0
2025-02-26T16:00:00.0,205.2756,148.2863,56.9893,646.121,1.0
2025-02-26T17:00:00.0,59.9839,33.3876,26.5963,310.8777,0.7833
2025-02-26T18:00:00.0,0.0799,0.0054,0.0745,0.0,0.9667
2025-02-26T19:00:00.0,0.0,0.0,0.0,0.0,1.0
2025-02-26T20:00:00.0,0.0,0.0,0.0,0.0,1.0
2025-02-26T21:00:00.0,0.0,0.0,0.0,0.0,1.0
2025-02-26T22:00:00.0,0.0,0.0,0.0,0.0,1.0
2025-02-26T23:00:00.0,0.0,0.0,0.0,0.0,1.0
2025-02-27T00:00:00.0,0.0,0.0,0.0,0.0,1.0
2025-02-27T01:00:00.0,0.0,0.0,0.0,0.0,1.0
2025-02-27T02:00:00.0,0.0,0.0,0.0,0.0,1.0
2025-02-27T03:00:00.0,0.0,0.0,0.0,0.0,1.0
2025-02-27T04:00:00.0,0.0,0.0,0.0,0.0,1.0
2025-02-27T05:00:00.0,0.0,0.0,0.0,0.0,1.0
2025-02-27T06:00:00.0,0.0,0.0,0.0,0.0,1.0
2025-02-27T07:00:00.0,11.2359,4.6274,6.6085,81.2296,0.75
2025-02-27T08:00:00.0,125.4082,85.7504,39.6578,534.7539,0.9667
2025-02-27T09:00:00.0,273.3603,215.2269,58.1334,747.7247,1.0
2025-02-27T10:00:00.0,397.4829,329.4004,68.0826,838.8299,1.0
2025-02-27T11:00:00.0,482.6287,409.0877,73.541,881.7278,1.0
2025-02-27T12:00:00.0,440.7197,292.4911,148.2286,591.2219,1.0
2025-02-27T13:00:00.0,440.1865,299.2168,140.9697,611.5104,1.0
2025-02-27T14:00:00.0,327.9653,150.0193,177.946,335.6407,1.0
2025-02-27T15:00:00.0,235.5815,82.6416,152.9399,247.6358,1.0
2025-02-27T16:00:00.0,194.7678,131.6774,63.0904,544.0574,1.0
2025-02-27T17:00:00.0,41.4732,2.0144,39.4588,17.909,0.7833
2025-02-27T18:00:00.0,0.1509,0.001,0.1499,0.0,0.95
2025-02-27T19:00:00.0,0.0,0.0,0.0,0.0,1.0
2025-02-27T20:00:00.0,0.0,0.0,0.0,0.0,1.0
2025-02-27T21:00:00.0,0.0,0.0,0.0,0.0,1.0
2025-02-27T22:00:00.0,0.0,0.0,0.0,0.0,1.0
2025-02-27T23:00:00.0,0.0,0.0,0.0,0.0,1.0
2025-02-28T00:00:00.0,0.0,0.0,0.0,0.0,1.0
2025-02-28T01:00:00.0,0.0,0.0,0.0,0.0,1.0
2025-02-28T02:00:00.0,0.0,0.0,0.0,0.0,1.0
2025-02-28T03:00:00.0,0.0,0.0,0.0,0.0,1.0
2025-02-28T04:00:00.0,0.0,0.0,0.0,0.0,1.0
2025-02-28T05:00:00.0,0.0,0.0,0.0,0.0,1.0
2025-02-28T06:00:00.0,0.0,0.0,0.0,0.0,1.0
2025-02-28T07:00:00.0,13.0267,5.6108,7.4159,92.6457,0.7333
2025-02-28T08:00:00.0,122.9399,78.1464,44.7935,485.1698,0.9667
2025-02-28T09:00:00.0,226.6742,131.1106,95.5637,446.9942,1.0
2025-02-28T10:00:00.0,328.3195,196.5865,131.733,495.5612,1.0
2025-02-28T11:00:00.0,235.8548,23.5822,212.2726,51.0446,1.0
2025-02-28T12:00:00.0,240.8094,14.3608,226.4486,28.6612,1.0
2025-02-28T13:00:00.0,231.9502,24.0169,207.9333,49.7526,1.0
2025-02-28T14:00:00.0,294.5298,86.53,207.9997,191.3652,1.0
2025-02-28T15:00:00.0,145.9823,5.5213,140.461,14.1918,1.0
2025-02-28T16:00:00.0,141.4777,43.3931,98.0846,207.5675,1.0
2025-02-28T17:00:00.0,62.9002,32.1985,30.7017,279.999,0.7833
2025-02-28T18:00:00.0,0.3669,0.0212,0.3457,0.0,0.95
2025-02-28T19:00:00.0,0.0,0.0,0.0,0.0,1.0
2025-02-28T20:00:00.0,0.0,0.0,0.0,0.0,1.0
2025-02-28T21:00:00.0,0.0,0.0,0.0,0.0,1.0
2025-02-28T22:00:00.0,0.0,0.0,0.0,0.0,1.0
2025-02-28T23:00:00.0,0.0,0.0,0.0,0.0,1.0
2025-03-01T00:00:00.0,0.0,0.0,0.0,0.0,1.0
2025-03-01T01:00:00.0,0.0,0.0,0.0,0.0,1.0
2025-03-01T02:00:00.0,0.0,0.0,0.0,0.0,1.0
2025-03-01T03:00:00.0,0.0,0.0,0.0,0.0,1.0
2025-03-01T04:00:00.0,0.0,0.0,0.0,0.0,1.0
2025-03-01T05:00:00.0,0.0,0.0,0.0,0.0,1.0
2025-03-01T06:00:00.0,0.0,0.0,0.0,0.0,1.0
2025-03-01T07:00:00.0,10.8007,0.1249,10.6757,1.9176,0.7083
2025-03-01T08:00:00.0,111.7216,38.4453,73.2762,189.674,0.9667
2025-03-01T09:00:00.0,162.0483,33.8411,128.2072,129.2089,1.0
2025-03-01T10:00:00.0,156.4213,0.9612,155.4601,2.3212,1.0
2025-03-01T11:00:00.0,212.3783,5.5887,206.7897,11.5226,1.0
2025-03-01T12:00:00.0,256.6148,17.2514,239.3634,34.086,1.0
2025-03-01T13:00:00.0,177.1944,1.4797,175.7147,2.9808,1.0
2025-03-01T14:00:00.0,195.2439,10.2417,185.0022,22.0529,1.0
2025-03-01T15:00:00.0,163.8385,9.4887,154.3498,28.6635,1.0
2025-03-01T16:00:00.0,142.9387,12.8319,130.1068,52.6379,1.0
2025-03-01T17:00:00.0,45.7488,0.6152,45.1336,3.9236,0.7833
2025-03-01T18:00:00.0,0.4116,0.0,0.4115,0.0007,0.925
2025-03-01T19:00:00.0,0.0,0.0,0.0,0.0,1.0
2025-03-01T20:00:00.0,0.0,0.0,0.0,0.0,1.0
2025-03-01T21:00:00.0,0.0,0.0,0.0,0.0,1.0
2025-03-01T22:00:00.0,0.0,0.0,0.0,0.0,1.0
2025-03-01T23:00:00.0,0.0,0.0,0.0,0.0,1.0
2025-03-02T00:00:00.0,0.0,0.0,0.0,0.0,1.0
2025-03-02T01:00:00.0,0.0,0.0,0.0,0.0,1.0
2025-03-02T02:00:00.0,0.0,0.0,0.0,0.0,1.0
2025-03-02T03:00:00.0,0.0,0.0,0.0,0.0,1.0
2025-03-02T04:00:00.0,0.0,0.0,0.0,0.0,1.0
2025-03-02T05:00:00.0,0.0,0.0,0.0,0.0,1.0
2025-03-02T06:00:00.0,0.0,0.0,0.0,0.0,1.0
2025-03-02T07:00:00.0,4.4803,0.0,4.4803,0.0,0.6917
2025-03-02T08:00:00.0,29.9061,0.0,29.9061,0.0,0.9667
2025-03-02T09:00:00.0,25.1774,0.0,25.1774,0.0,1.0
2025-03-02T10:00:00.0,64.3623,0.0,64.3623,0.0,1.0
2025-03-02T11:00:00.0,113.436,0.109,113.327,0.2215,1.0
2025-03-02T12:00:00.0,148.0652,0.8353,147.2299,1.6173,1.0
2025-03-02T13:00:00.0,198.7658,1.7871,196.9787,3.5231,1.0
2025-03-02T14:00:00.0,144.6288,0.471,144.1578,0.9917,1.0
2025-03-02T15:00:00.0,115.6466,0.3425,115.3041,0.9852,1.0
2025-03-02T16:00:00.0,108.384,21.3854,86.9986,109.8092,1.0
2025-03-02T17:00:00.0,75.5388,44.2608,31.278,369.4454,0.7833
2025-03-02T18:00:00.0,0.9803,0.153,0.8274,4.1504,0.9083
2025-03-02T19:00:00.0,0.0,0.0,0.0,0.0,1.0
2025-03-02T20:00:00.0,0.0,0.0,0.0,0.0,1.0
2025-03-02T21:00:00.0,0.0,0.0,0.0,0.0,1.0
2025-03-02T22:00:00.0,0.0,0.0,0.0,0.0,1.0
2025-03-02T23:00:00.0,0.0,0.0,0.0,0.0,1.0
2025-03-03T00:00:00.0,0.0,0.0,0.0,0.0,1.0
2025-03-03T01:00:00.0,0.0,0.0,0.0,0.0,1.0
2025-03-03T02:00:00.0,0.0,0.0,0.0,0.0,1.0
2025-03-03T03:00:00.0,0.0,0.0,0.0,0.0,1.0
2025-03-03T04:00:00.0,0.0,0.0,0.0,0.0,1.0
2025-03-03T05:00:00.0,0.0,0.0,0.0,0.0,1.0
2025-03-03T06:00:00.0,0.0,0.0,0.0,0.0,1.0
2025-03-03T07:00:00.0,19.7926,8.2448,11.5478,114.8618,0.7667
2025-03-03T08:00:00.0,142.7021,94.4157,48.2863,516.3769,1.0
2025-03-03T09:00:00.0,290.5531,213.4015,77.1515,680.0911,1.0
2025-03-03T10:00:00.0,414.865,327.9748,86.8901,788.8177,1.0
2025-03-03T11:00:00.0,416.2213,204.4469,211.7745,422.1431,1.0
2025-03-03T12:00:00.0,339.688,71.2665,268.4215,137.642,1.0
2025-03-03T13:00:00.0,290.1492,33.5757,256.5735,65.6308,1.0
2025-03-03T14:00:00.0,283.7099,39.8913,243.8186,88.5387,1.0
2025-03-03T15:00:00.0,276.1714,83.8438,192.3276,229.0611,1.0
2025-03-03T16:00:00.0,190.5737,81.2732,109.3005,299.5725,1.0
2025-03-03T17:00:00.0,74.6386,36.8754,37.7632,304.8724,0.7833
2025-03-03T18:00:00.0,1.331,0.186,1.145,5.7488,0.8917
2025-03-03T19:00:00.0,0.0,0.0,0.0,0.0,1.0
2025-03-03T20:00:00.0,0.0,0.0,0.0,0.0,1.0
2025-03-03T21:00:00.0,0.0,0.0,0.0,0.0,1.0
2025-03-03T22:00:00.0,0.0,0.0,0.0,0.0,1.0
2025-03-03T23:00:00.0,0.0,0.0,0.0,0.0,1.0
2025-03-04T00:00:00.0,0.0,0.0,0.0,0.0,1.0
2025-03-04T01:00:00.0,0.0,0.0,0.0,0.0,1.0
2025-03-04T02:00:00.0,0.0,0.0,0.0,0.0,1.0
2025-03-04T03:00:00.0,0.0,0.0,0.0,0.0,1.0
2025-03-04T04:00:00.0,0.0,0.0,0.0,0.0,1.0
2025-03-04T05:00:00.0,0.0,0.0,0.0,0.0,1.0
2025-03-04T06:00:00.0,0.0,0.0,0.0,0.0,1.0
2025-03-04T07:00:00.0,23.4807,11.0119,12.4687,148.3979,0.75
2025-03-04T08:00:00.0,120.8884,24.3964,96.492,134.4066,1.0
2025-03-04T09:00:00.0,138.9455,19.0909,119.8546,68.0202,1.0
2025-03-04T10:00:00.0,185.6487,15.8303,169.8184,34.9695,1.0
2025-03-04T11:00:00.0,316.8022,69.6035,247.1987,143.7001,1.0
2025-03-04T12:00:00.0,227.6802,13.3789,214.3013,25.3458,1.0
2025-03-04T13:00:00.0,368.5692,83.2179,285.3513,161.614,1.0
2025-03-04T14:00:00.0,342.1451,78.8536,263.2915,169.0466,1.0
2025-03-04T15:00:00.0,275.6003,69.9554,205.6449,181.5296,1.0
2025-03-04T16:00:00.0,146.8474,14.8925,131.9549,52.8055,1.0
2025-03-04T17:00:00.0,71.0413,23.1199,47.9214,217.9813,0.7833
2025-03-04T18:00:00.0,1.7589,0.3089,1.45,9.2801,0.875
2025-03-04T19:00:00.0,0.0,0.0,0.0,0.0,1.0
2025-03-04T20:00:00.0,0.0,0.0,0.0,0.0,1.0
2025-03-04T21:00:00.0,0.0,0.0,0.0,0.0,1.0
2025-03-04T22:00:00.0,0.0,0.0,0.0,0.0,1.0
2025-03-04T23:00:00.0,0.0,0.0,0.0,0.0,1.0
2025-03-05T00:00:00.0,0.0,0.0,0.0,0.0,1.0
2025-03-05T01:00:00.0,0.0,0.0,0.0,0.0,1.0
2025-03-05T02:00:00.0,0.0,0.0,0.0,0.0,1.0
2025-03-05T03:00:00.0,0.0,0.0,0.0,0.0,1.0
2025-03-05T04:00:00.0,0.0,0.0,0.0,0.0,1.0
2025-03-05T05:00:00.0,0.0,0.0,0.0,0.0,1.0
2025-03-05T06:00:00.0,0.0,0.0,0.0,0.0,1.0
2025-03-05T07:00:00.0,7.2924,0.0,7.2924,0.0,0.725
2025-03-05T08:00:00.0,27.3551,0.0,27.3551,0.0,1.0
2025-03-05T09:00:00.0,24.4291,0.0,24.4291,0.0,1.0
2025-03-05T10:00:00.0,37.5219,0.0,37.5219,0.0,1.0
2025-03-05T11:00:00.0,82.9777,0.0001,82.9776,0.0001,1.0
2025-03-05T12:00:00.0,141.1639,0.3731,140.7908,0.6992,1.0
2025-03-05T13:00:00.0,213.9606,4.305,209.6555,8.3609,1.0
2025-03-05T14:00:00.0,242.4107,14.5967,227.814,31.2885,1.0
2025-03-05T15:00:00.0,223.0909,24.9878,198.1031,64.9535,1.0
2025-03-05T16:00:00.0,166.4116,52.0272,114.3844,213.5706,1.0
2025-03-05T17:00:00.0,46.2989,1.0957,45.2032,6.0379,0.7833
2025-03-05T18:00:00.0,1.3788,0.0005,1.3784,0.013,0.8667
2025-03-05T19:00:00.0,0.0,0.0,0.0,0.0,1.0
2025-03-05T20:00:00.0,0.0,0.0,0.0,0.0,1.0
2025-03-05T21:00:00.0,0.0,0.0,0.0,0.0,1.0
2025-03-05T22:00:00.0,0.0,0.0,0.0,0.0,1.0
2025-03-05T23:00:00.0,0.0,0.0,0.0,0.0,1.0
2025-03-06T00:00:00.0,0.0,0.0,0.0,0.0,1.0
2025-03-06T01:00:00.0,0.0,0.0,0.0,0.0,1.0
2025-03-06T02:00:00.0,0.0,0.0,0.0,0.0,1.0
2025-03-06T03:00:00.0,0.0,0.0,0.0,0.0,1.0
2025-03-06T04:00:00.0,0.0,0.0,0.0,0.0,1.0
2025-03-06T05:00:00.0,0.0,0.0,0.0,0.0,1.0
2025-03-06T06:00:00.0,0.0,0.0,0.0,0.0,1.0
2025-03-06T07:00:00.0,23.1993,4.4795,18.7197,51.341,0.7083
2025-03-06T08:00:00.0,19.1918,1.7959,17.396,13.7129,1.0
2025-03-06T09:00:00.0,23.355,0.0,23.355,0.0,1.0
2025-03-06T10:00:00.0,33.5729,0.0003,33.5726,0.0006,1.0
2025-03-06T11:00:00.0,172.77,1.4074,171.3626,2.7277,1.0
2025-03-06T12:00:00.0,194.7961,2.6122,192.1838,4.8892,1.0
2025-03-06T13:00:00.0,279.9283,20.1729,259.7554,38.5315,1.0
2025-03-06T14:00:00.0,210.6458,6.285,204.3608,13.1797,1.0
2025-03-06T15:00:00.0,190.3219,8.484,181.8379,21.4564,1.0
2025-03-06T16:00:00.0,26.3694,0.0,26.3694,0.0,1.0
2025-03-06T17:00:00.0,9.745,0.0,9.745,0.0,0.9083
2025-03-06T18:00:00.0,0.3949,0.0,0.3949,0.0,0.8583
2025-03-06T19:00:00.0,0.0,0.0,0.0,0.0,1.0
2025-03-06T20:00:00.0,0.0,0.0,0.0,0.0,1.0
2025-03-06T21:00:00.0,0.0,0.0,0.0,0.0,1.0
2025-03-06T22:00:00.0,0.0,0.0,0.0,0.0,1.0
2025-03-06T23:00:00.0,0.0,0.0,0.0,0.0,1.0
2025-03-07T00:00:00.0,0.0,0.0,0.0,0.0,1.0
2025-03-07T01:00:00.0,0.0,0.0,0.0,0.0,1.0
2025-03-07T02:00:00.0,0.0,0.0,0.0,0.0,1.0
2025-03-07T03:00:00.0,0.0,0.0,0.0,0.0,1.0
2025-03-07T04:00:00.0,0.0,0.0,0.0,0.0,1.0
2025-03-07T05:00:00.0,0.0,0.0,0.0,0.0,1.0
2025-03-07T06:00:00.0,0.0,0.0,0.0,0.0,1.0
2025-03-07T07:00:00.0,16.3179,0.0002,16.3177,0.0022,0.6917
2025-03-07T08:00:00.0,115.2785,41.8613,73.4172,186.8476,1.0
2025-03-07T09:00:00.0,112.5041,11.6053,100.8988,41.0602,1.0
2025-03-07T10:00:00.0,64.2076,0.0004,64.2073,0.0009,1.0
2025-03-07T11:00:00.0,60.8173,0.0,60.8173,0.0,1.0
2025-03-07T12:00:00.0,97.7024,0.029,97.6734,0.0532,1.0
2025-03-07T13:00:00.0,193.831,2.3236,191.5074,4.4243,1.0
2025-03-07T14:00:00.0,311.8955,61.3515,250.5439,130.5831,1.0
2025-03-07T15:00:00.0,263.4853,50.8991,212.5862,125.5282,1.0
2025-03-07T16:00:00.0,138.3674,4.966,133.4014,16.4489,1.0
2025-03-07T17:00:00.0,53.0862,3.0791,50.0072,32.0371,0.9083
2025-03-07T18:00:00.0,3.0539,0.1584,2.8955,3.8349,0.8333
2025-03-07T19:00:00.0,0.0,0.0,0.0,0.0,1.0
2025-03-07T20:00:00.0,0.0,0.0,0.0,0.0,1.0
2025-03-07T21:00:00.0,0.0,0.0,0.0,0.0,1.0
2025-03-07T22:00:00.0,0.0,0.0,0.0,0.0,1.0
2025-03-07T23:00:00.0,0.0,0.0,0.0,0.0,1.0
2025-03-08T00:00:00.0,0.0,0.0,0.0,0.0,1.0
2025-03-08T01:00:00.0,0.0,0.0,0.0,0.0,1.0
2025-03-08T02:00:00.0,0.0,0.0,0.0,0.0,1.0
2025-03-08T03:00:00.0,0.0,0.0,0.0,0.0,1.0
2025-03-08T04:00:00.0,0.0,0.0,0.0,0.0,1.0
2025-03-08T05:00:00.0,0.0,0.0,0.0,0.0,1.0
2025-03-08T06:00:00.0,0.0,0.0,0.0,0.0,1.0
2025-03-08T07:00:00.0,22.1192,0.1346,21.9846,1.4245,0.675
2025-03-08T08:00:00.0,62.8662,0.3001,62.5661,1.7934,1.0
2025-03-08T09:00:00.0,43.2806,0.0,43.2806,0.0,1.0
2025-03-08T10:00:00.0,58.4163,0.0001,58.4163,0.0001,1.0
2025-03-08T11:00:00.0,68.4587,0.0,68.4587,0.0001,1.0
2025-03-08T12:00:00.0,48.4884,0.0,48.4884,0.0,1.0
2025-03-08T13:00:00.0,58.1254,0.0,58.1254,0.0001,1.0
2025-03-08T14:00:00.0,85.9269,0.0062,85.9207,0.0135,1.0
2025-03-08T15:00:00.0,97.4015,0.0766,97.3249,0.1802,1.0
2025-03-08T16:00:00.0,36.2907,0.0,36.2907,0.0,1.0
2025-03-08T17:00:00.0,14.6394,0.0,14.6394,0.0,0.9083
2025-03-08T18:00:00.0,1.3394,0.0,1.3394,0.0,0.8167
2025-03-08T19:00:00.0,0.0,0.0,0.0,0.0,1.0
2025-03-08T20:00:00.0,0.0,0.0,0.0,0.0,1.0
2025-03-08T21:00:00.0,0.0,0.0,0.0,0.0,1.0
2025-03-08T22:00:00.0,0.0,0.0,0.0,0.0,1.0
2025-03-08T23:00:00.0,0.0,0.0,0.0,0.0,1.0
2025-03-09T00:00:00.0,0.0,0.0,0.0,0.0,1.0
2025-03-09T01:00:00.0,0.0,0.0,0.0,0.0,1.0
2025-03-09T02:00:00.0,0.0,0.0,0.0,0.0,1.0
2025-03-09T03:00:00.0,0.0,0.0,0.0,0.0,1.0
2025-03-09T04:00:00.0,0.0,0.0,0.0,0.0,1.0
2025-03-09T05:00:00.0,0.0,0.0,0.0,0.0,1.0
2025-03-09T06:00:00.0,0.0,0.0,0.0,0.0,1.0
2025-03-09T07:00:00.0,28.3741,1.4416,26.9325,14.8509,0.65
2025-03-09T08:00:00.0,143.4733,49.8042,93.6691,204.0141,1.0
2025-03-09T09:00:00.0,296.4447,180.6261,115.8186,531.6737,1.0
2025-03-09T10:00:00.0,337.3181,107.778,229.5401,240.3797,1.0
2025-03-09T11:00:00.0,380.1689,94.6364,285.5325,181.3082,1.0
2025-03-09T12:00:00.0,436.3377,150.0048,286.3329,270.6119,1.0
2025-03-09T13:00:00.0,448.6133,192.5063,256.1069,353.9073,1.0
2025-03-09T14:00:00.0,398.966,170.8614,228.1046,346.6293,1.0
2025-03-09T15:00:00.0,352.8363,210.5768,142.2595,526.2534,1.0
2025-03-09T16:00:00.0,229.2749,130.8973,98.3776,457.4313,1.0
2025-03-09T17:00:00.0,87.711,35.794,51.9169,232.5399,0.9083
2025-03-09T18:00:00.0,4.5831,0.557,4.026,11.9803,0.8
2025-03-09T19:00:00.0,0.0,0.0,0.0,0.0,1.0
2025-03-09T20:00:00.0,0.0,0.0,0.0,0.0,1.0
2025-03-09T21:00:00.0,0.0,0.0,0.0,0.0,1.0
2025-03-09T22:00:00.0,0.0,0.0,0.0,0.0,1.0
2025-03-09T23:00:00.0,0.0,0.0,0.0,0.0,1.0
2025-03-10T00:00:00.0,0.0,0.0,0.0,0.0,1.0
2025-03-10T01:00:00.0,0.0,0.0,0.0,0.0,1.0
2025-03-10T02:00:00.0,0.0,0.0,0.0,0.0,1.0
2025-03-10T03:00:00.0,0.0,0.0,0.0,0.0,1.0
2025-03-10T04:00:00.0,0.0,0.0,0.0,0.0,1.0
2025-03-10T05:00:00.0,0.0,0.0,0.0,0.0,1.0
2025-03-10T06:00:00.0,0.0,0.0,0.0,0.0,1.0
2025-03-10T07:00:00.0,36.1104,11.1909,24.9195,108.8153,0.7583
2025-03-10T08:00:00.0,133.4956,40.8026,92.693,208.1642,1.0
2025-03-10T09:00:00.0,133.8486,2.7522,131.0963,7.6084,1.0
2025-03-10T10:00:00.0,287.8763,48.2229,239.6534,104.0354,1.0
2025-03-10T11:00:00.0,235.5192,13.4147,222.1045,25.9565,1.0
2025-03-10T12:00:00.0,156.5022,0.9376,155.5645,1.6687,1.0
2025-03-10T13:00:00.0,215.2661,3.2196,212.0464,5.9036,1.0
2025-03-10T14:00:00.0,163.982,3.8763,160.1057,7.4722,1.0
2025-03-10T15:00:00.0,102.4697,0.1215,102.3482,0.2912,1.0
2025-03-10T16:00:00.0,47.7029,0.0,47.7029,0.0,1.0
2025-03-10T17:00:00.0,11.1463,0.0,11.1463,0.0,0.9083
2025-03-10T18:00:00.0,0.6875,0.0,0.6875,0.0,0.7917
2025-03-10T19:00:00.0,0.0,0.0,0.0,0.0,1.0
2025-03-10T20:00:00.0,0.0,0.0,0.0,0.0,1.0
2025-03-10T21:00:00.0,0.0,0.0,0.0,0.0,1.0
2025-03-10T22:00:00.0,0.0,0.0,0.0,0.0,1.0
2025-03-10T23:00:00.0,0.0,0.0,0.0,0.0,1.0
2025-03-11T00:00:00.0,0.0,0.0,0.0,0.0,1.0
2025-03-11T01:00:00.0,0.0,0.0,0.0,0.0,1.0
2025-03-11T02:00:00.0,0.0,0.0,0.0,0.0,1.0
2025-03-11T03:00:00.0,0.0,0.0,0.0,0.0,1.0
2025-03-11T04:00:00.0,0.0,0.0,0.0,0.0,1.0
2025-03-11T05:00:00.0,0.0,0.0,0.0,0.0,1.0
2025-03-11T06:00:00.0,0.0,0.0,0.0,0.0,1.0
2025-03-11T07:00:00.0,38.9756,10.7733,28.2023,99.9408,0.7417
2025-03-11T08:00:00.0,171.2322,86.9675,84.2647,373.3561,1.0
2025-03-11T09:00:00.0,316.9109,198.7896,118.1213,553.6729,1.0
2025-03-11T10:00:00.0,413.7788,259.4568,154.3221,564.9673,1.0
2025-03-11T11:00:00.0,430.761,211.3815,219.3795,398.0728,1.0
2025-03-11T12:00:00.0,315.9595,34.8591,281.1004,61.8761,1.0
2025-03-11T13:00:00.0,270.2053,16.3138,253.8915,29.2552,1.0
2025-03-11T14:00:00.0,220.6806,6.9747,213.706,14.4297,1.0
2025-03-11T15:00:00.0,239.651,34.0832,205.5679,83.9247,1.0
2025-03-11T16:00:00.0,176.1435,40.802,135.3415,149.214,1.0
2025-03-11T17:00:00.0,103.1543,50.5885,52.5657,350.3647,0.9083
2025-03-11T18:00:00.0,7.9683,2.6685,5.2998,51.6698,0.775
2025-03-11T19:00:00.0,0.0,0.0,0.0,0.0,1.0
2025-03-11T20:00:00.0,0.0,0.0,0.0,0.0,1.0
2025-03-11T21:00:00.0,0.0,0.0,0.0,0.0,1.0
2025-03-11T22:00:00.0,0.0,0.0,0.0,0.0,1.0
2025-03-11T23:00:00.0,0.0,0.0,0.0,0.0,1.0
2025-03-12T00:00:00.0,0.0,0.0,0.0,0.0,1.0
2025-03-12T01:00:00.0,0.0,0.0,0.0,0.0,1.0
2025-03-12T02:00:00.0,0.0,0.0,0.0,0.0,1.0
2025-03-12T03:00:00.0,0.0,0.0,0.0,0.0,1.0
2025-03-12T04:00:00.0,0.0,0.0,0.0,0.0,1.0
2025-03-12T05:00:00.0,0.0,0.0,0.0,0.0,1.0
2025-03-12T06:00:00.0,0.0,0.0,0.0,0.0,1.0
2025-03-12T07:00:00.0,7.1837,0.0,7.1837,0.0,0.725
2025-03-12T08:00:00.0,77.6411,0.1883,77.4528,0.6865,1.0
2025-03-12T09:00:00.0,223.5322,46.1334,177.3988,122.005,1.0
2025-03-12T10:00:00.0,261.6805,70.0266,191.6538,144.0566,1.0
2025-03-12T11:00:00.0,369.8763,96.6512,273.2251,178.3568,1.0
2025-03-12T12:00:00.0,404.7093,117.7388,286.9705,206.3812,1.0
2025-03-12T13:00:00.0,459.2281,225.8537,233.3745,406.7894,1.0
2025-03-12T14:00:00.0,532.8865,428.8158,104.0707,844.3231,1.0
2025-03-12T15:00:00.0,381.5875,258.3335,123.254,607.7629,1.0
2025-03-12T16:00:00.0,223.0716,96.2847,126.7869,303.231,1.0
2025-03-12T17:00:00.0,111.2173,56.825,54.3924,357.5231,0.9083
2025-03-12T18:00:00.0,8.8187,2.4479,6.3708,44.719,0.7583
2025-03-12T19:00:00.0,0.0,0.0,0.0,0.0,1.0
2025-03-12T20:00:00.0,0.0,0.0,0.0,0.0,1.0
2025-03-12T21:00:00.0,0.0,0.0,0.0,0.0,1.0
2025-03-12T22:00:00.0,0.0,0.0,0.0,0.0,1.0
2025-03-12T23:00:00.0,0.0,0.0,0.0,0.0,1.0
2025-03-13T00:00:00.0,0.0,0.0,0.0,0.0,1.0
2025-03-13T01:00:00.0,0.0,0.0,0.0,0.0,1.0
2025-03-13T02:00:00.0,0.0,0.0,0.0,0.0,1.0
2025-03-13T03:00:00.0,0.0,0.0,0.0,0.0,1.0
2025-03-13T04:00:00.0,0.0,0.0,0.0,0.0,1.0
2025-03-13T05:00:00.0,0.0,0.0,0.0,0.0,1.0
2025-03-13T06:00:00.0,0.0318,0.0033,0.0285,0.0,0.9833
2025-03-13T07:00:00.0,60.6285,35.8441,24.7844,331.0555,0.7167
2025-03-13T08:00:00.0,216.2865,163.6405,52.646,679.5688,1.0
2025-03-13T09:00:00.0,358.9418,282.6931,76.2487,760.35,1.0
2025-03-13T10:00:00.0,493.8591,410.6992,83.1599,862.8398,1.0
2025-03-13T11:00:00.0,466.4465,257.518,208.9285,478.9129,1.0
2025-03-13T12:00:00.0,385.2218,88.8889,296.3329,153.8805,1.0
2025-03-13T13:00:00.0,454.3115,200.9148,253.3967,356.6215,1.0
2025-03-13T14:00:00.0,365.3988,125.8083,239.5905,242.2113,1.0
2025-03-13T15:00:00.0,256.9719,57.2531,199.7188,131.2437,1.0
2025-03-13T16:00:00.0,106.6978,2.697,104.0009,7.5519,1.0
2025-03-13T17:00:00.0,26.2401,0.0,26.2401,0.0001,1.0
2025-03-13T18:00:00.0,2.2635,0.0,2.2635,0.0,0.775
2025-03-13T19:00:00.0,0.0,0.0,0.0,0.0,1.0
2025-03-13T20:00:00.0,0.0,0.0,0.0,0.0,1.0
2025-03-13T21:00:00.0,0.0,0.0,0.0,0.0,1.0
2025-03-13T22:00:00.0,0.0,0.0,0.0,0.0,1.0
2025-03-13T23:00:00.0,0.0,0.0,0.0,0.0,1.0
2025-03-14T00:00:00.0,0.0,0.0,0.0,0.0,1.0
2025-03-14T01:00:00.0,0.0,0.0,0.0,0.0,1.0
2025-03-14T02:00:00.0,0.0,0.0,0.0,0.0,1.0
2025-03-14T03:00:00.0,0.0,0.0,0.0,0.0,1.0
2025-03-14T04:00:00.0,0.0,0.0,0.0,0.0,1.0
2025-03-14T05:00:00.0,0.0,0.0,0.0,0.0,1.0
2025-03-14T06:00:00.0,0.1428,0.0061,0.1367,0.0,0.9667
2025-03-14T07:00:00.0,60.7601,30.4843,30.2758,265.875,0.7167
2025-03-14T08:00:00.0,138.0259,27.6071,110.4188,111.0522,1.0
2025-03-14T09:00:00.0,174.8736,31.2096,143.6639,91.601,1.0
2025-03-14T10:00:00.0,146.2772,1.7988,144.4784,3.5993,1.0
2025-03-14T11:00:00.0,167.7075,0.6561,167.0514,1.1729,1.0
2025-03-14T12:00:00.0,284.2222,24.7035,259.5186,42.3375,1.0
2025-03-14T13:00:00.0,167.816,1.2254,166.5906,2.1634,1.0
2025-03-14T14:00:00.0,180.567,4.7626,175.8045,9.3001,1.0
2025-03-14T15:00:00.0,138.0948,3.0123,135.0825,6.8957,1.0
2025-03-14T16:00:00.0,76.4855,0.3636,76.1219,1.4078,1.0
2025-03-14T17:00:00.0,76.0962,16.011,60.0852,131.9707,1.0
2025-03-14T18:00:00.0,11.6592,3.8713,7.788,63.3649,0.7667
2025-03-14T19:00:00.0,0.0,0.0,0.0,0.0,1.0
2025-03-14T20:00:00.0,0.0,0.0,0.0,0.0,1.0
2025-03-14T21:00:00.0,0.0,0.0,0.0,0.0,1.0
2025-03-14T22:00:00.0,0.0,0.0,0.0,0.0,1.0
2025-03-14T23:00:00.0,0.0,0.0,0.0,0.0,1.0
2025-03-15T00:00:00.0,0.0,0.0,0.0,0.0,1.0
2025-03-15T01:00:00.0,0.0,0.0,0.0,0.0,1.0
2025-03-15T02:00:00.0,0.0,0.0,0.0,0.0,1.0
2025-03-15T03:00:00.0,0.0,0.0,0.0,0.0,1.0
2025-03-15T04:00:00.0,0.0,0.0,0.0,0.0,1.0
2025-03-15T05:00:00.0,0.0,0.0,0.0,0.0,1.0
2025-03-15T06:00:00.0,0.3618,0.0411,0.3207,0.0,0.95
2025-03-15T07:00:00.0,67.6429,38.5179,29.125,337.9863,0.7167
2025-03-15T08:00:00.0,221.045,161.4724,59.5726,628.6745,1.0
2025-03-15T09:00:00.0,381.183,309.6832,71.4998,807.3322,1.0
2025-03-15T10:00:00.0,505.9681,422.72,83.2482,866.2803,1.0
2025-03-15T11:00:00.0,556.3582,432.8401,123.5182,779.8631,1.0
2025-03-15T12:00:00.0,388.8811,96.9531,291.9279,164.9636,1.0
2025-03-15T13:00:00.0,403.9515,125.5831,278.3685,218.9494,1.0
2025-03-15T14:00:00.0,357.106,106.6653,250.4408,205.0775,1.0
2025-03-15T15:00:00.0,311.7993,124.7764,187.023,289.8585,1.0
2025-03-15T16:00:00.0,178.5007,45.1488,133.3519,155.2917,1.0
2025-03-15T17:00:00.0,73.0613,7.3171,65.7442,32.6717,1.0
2025-03-15T18:00:00.0,8.7865,0.0702,8.7163,1.0877,0.75
2025-03-15T19:00:00.0,0.0,0.0,0.0,0.0,1.0
2025-03-15T20:00:00.0,0.0,0.0,0.0,0.0,1.0
2025-03-15T21:00:00.0,0.0,0.0,0.0,0.0,1.0
2025-03-15T22:00:00.0,0.0,0.0,0.0,0.0,1.0
2025-03-15T23:00:00.0,0.0,0.0,0.0,0.0,1.0
2025-03-16T00:00:00.0,0.0,0.0,0.0,0.0,1.0
2025-03-16T01:00:00.0,0.0,0.0,0.0,0.0,1.0
2025-03-16T02:00:00.0,0.0,0.0,0.0,0.0,1.0
2025-03-16T03:00:00.0,0.0,0.0,0.0,0.0,1.0
2025-03-16T04:00:00.0,0.0,0.0,0.0,0.0,1.0
2025-03-16T05:00:00.0,0.0,0.0,0.0,0.0,1.0
2025-03-16T06:00:00.0,0.292,0.0,0.292,0.0,0.925
2025-03-16T07:00:00.0,29.1133,0.0001,29.1132,0.0009,0.7167
2025-03-16T08:00:00.0,81.0717,0.1492,80.9224,0.5212,1.0
2025-03-16T09:00:00.0,154.5967,1.486,153.1107,3.5928,1.0
2025-03-16T10:00:00.0,293.1089,40.4288,252.6801,81.0395,1.0
2025-03-16T11:00:00.0,290.3589,20.9949,269.364,37.6233,1.0
2025-03-16T12:00:00.0,260.3536,8.5698,251.7837,14.4771,1.0
2025-03-16T13:00:00.0,259.4699,7.098,252.3719,12.1849,1.0
2025-03-16T14:00:00.0,216.5116,9.2879,207.2237,18.4292,1.0
2025-03-16T15:00:00.0,310.7397,117.8074,192.9324,276.9376,1.0
2025-03-16T16:00:00.0,252.1474,140.4949,111.6524,428.1568,1.0
2025-03-16T17:00:00.0,129.8154,72.964,56.8513,407.834,1.0
2025-03-16T18:00:00.0,14.4726,4.6559,9.8167,69.7458,0.7333
2025-03-16T19:00:00.0,0.0,0.0,0.0,0.0,1.0
2025-03-16T20:00:00.0,0.0,0.0,0.0,0.0,1.0
2025-03-16T21:00:00.0,0.0,0.0,0.0,0.0,1.0
2025-03-16T22:00:00.0,0.0,0.0,0.0,0.0,1.0
2025-03-16T23:00:00.0,0.0,0.0,0.0,0.0,1.0
2025-03-17T00:00:00.0,0.0,0.0,0.0,0.0,1.0
2025-03-17T01:00:00.0,0.0,0.0,0.0,0.0,1.0
2025-03-17T02:00:00.0,0.0,0.0,0.0,0.0,1.0
2025-03-17T03:00:00.0,0.0,0.0,0.0,0.0,1.0
2025-03-17T04:00:00.0,0.0,0.0,0.0,0.0,1.0
2025-03-17T05:00:00.0,0.0,0.0,0.0,0.0,1.0
2025-03-17T06:00:00.0,0.1573,0.0,0.1573,0.0,0.9083
2025-03-17T07:00:00.0,9.2566,0.0,9.2566,0.0,0.8417
2025-03-17T08:00:00.0,20.4272,0.0,20.4272,0.0,1.0
2025-03-17T09:00:00.0,30.9941,0.0,30.9941,0.0,1.0
2025-03-17T10:00:00.0,73.1794,0.0024,73.177,0.0047,1.0
2025-03-17T11:00:00.0,102.7021,0.0019,102.7002,0.0034,1.0
2025-03-17T12:00:00.0,162.3464,0.1069,162.2395,0.178,1.0
2025-03-17T13:00:00.0,254.0266,7.5019,246.5247,12.8001,1.0
2025-03-17T14:00:00.0,238.6156,7.573,231.0426,14.3672,1.0
2025-03-17T15:00:00.0,187.6271,9.0009,178.6262,21.2963,1.0
2025-03-17T16:00:00.0,121.9407,2.5166,119.4241,6.7012,1.0
2025-03-17T17:00:00.0,56.4559,0.0796,56.3763,0.3557,1.0
2025-03-17T18:00:00.0,6.4041,0.0,6.4041,0.0,0.7167
2025-03-17T19:00:00.0,0.0,0.0,0.0,0.0,1.0
2025-03-17T20:00:00.0,0.0,0.0,0.0,0.0,1.0
2025-03-17T21:00:00.0,0.0,0.0,0.0,0.0,1.0
2025-03-17T22:00:00.0,0.0,0.0,0.0,0.0,1.0
2025-03-17T23:00:00.0,0.0,0.0,0.0,0.0,1.0
2025-03-18T00:00:00.0,0.0,0.0,0.0,0.0,1.0
2025-03-18T01:00:00.0,0.0,0.0,0.0,0.0,1.0
2025-03-18T02:00:00.0,0.0,0.0,0.0,0.0,1.0
2025-03-18T03:00:00.0,0.0,0.0,0.0,0.0,1.0
2025-03-18T04:00:00.0,0.0,0.0,0.0,0.0,1.0
2025-03-18T05:00:00.0,0.0,0.0,0.0,0.0,1.0
2025-03-18T06:00:00.0,0.2064,0.0,0.2064,0.0,0.8917
2025-03-18T07:00:00.0,14.7831,0.0006,14.7825,0.003,0.8417
2025-03-18T08:00:00.0,58.3012,0.2536,58.0476,0.9891,1.0
2025-03-18T09:00:00.0,54.2801,0.0003,54.2798,0.0008,1.0
2025-03-18T10:00:00.0,144.7835,0.9385,143.845,1.7769,1.0
2025-03-18T11:00:00.0,135.6663,0.1555,135.5108,0.2811,1.0
2025-03-18T12:00:00.0,125.3297,0.0301,125.2996,0.0498,1.0
2025-03-18T13:00:00.0,141.1563,0.0725,141.0838,0.1235,1.0
2025-03-18T14:00:00.0,136.1004,0.0388,136.0616,0.071,1.0
2025-03-18T15:00:00.0,101.3368,0.0886,101.2481,0.1907,1.0
2025-03-18T16:00:00.0,59.7173,0.0001,59.7172,0.0002,1.0
2025-03-18T17:00:00.0,28.3833,0.0,28.3833,0.0001,1.0
2025-03-18T18:00:00.0,4.9415,0.0,4.9415,0.0,0.7083
2025-03-18T19:00:00.0,0.0,0.0,0.0,0.0,1.0
2025-03-18T20:00:00.0,0.0,0.0,0.0,0.0,1.0
2025-03-18T21:00:00.0,0.0,0.0,0.0,0.0,1.0
2025-03-18T22:00:00.0,0.0,0.0,0.0,0.0,1.0
2025-03-18T23:00:00.0,0.0,0.0,0.0,0.0,1.0
2025-03-19T00:00:00.0,0.0,0.0,0.0,0.0,1.0
2025-03-19T01:00:00.0,0.0,0.0,0.0,0.0,1.0
2025-03-19T02:00:00.0,0.0,0.0,0.0,0.0,1.0
2025-03-19T03:00:00.0,0.0,0.0,0.0,0.0,1.0
2025-03-19T04:00:00.0,0.0,0.0,0.0,0.0,1.0
2025-03-19T05:00:00.0,0.0,0.0,0.0,0.0,1.0
2025-03-19T06:00:00.0,0.9334,0.0,0.9334,0.0,0.875
2025-03-19T07:00:00.0,67.3682,32.2644,35.1038,191.8122,0.8417
2025-03-19T08:00:00.0,198.1143,95.8635,102.2508,359.4076,1.0
2025-03-19T09:00:00.0,262.5663,74.9175,187.6488,187.1589,1.0
2025-03-19T10:00:00.0,447.0327,281.4743,165.5584,539.4508,1.0
2025-03-19T11:00:00.0,596.1326,475.1226,121.01,818.1981,1.0
2025-03-19T12:00:00.0,630.5245,504.4663,126.0582,827.0179,1.0
2025-03-19T13:00:00.0,614.6129,489.0633,125.5496,818.5039,1.0
2025-03-19T14:00:00.0,534.0197,400.0217,133.998,733.139,1.0
2025-03-19T15:00:00.0,417.6597,283.2764,134.3833,629.1499,1.0
2025-03-19T16:00:00.0,294.2899,200.8526,93.4374,604.5217,1.0
2025-03-19T17:00:00.0,141.8774,81.4797,60.3978,418.951,1.0
2025-03-19T18:00:00.0,19.0143,6.0521,12.9622,78.5459,0.7
2025-03-19T19:00:00.0,0.0,0.0,0.0,0.0,1.0
2025-03-19T20:00:00.0,0.0,0.0,0.0,0.0,1.0
2025-03-19T21:00:00.0,0.0,0.0,0.0,0.0,1.0
2025-03-19T22:00:00.0,0.0,0.0,0.0,0.0,1.0
2025-03-19T23:00:00.0,0.0,0.0,0.0,0.0,1.0
2025-03-20T00:00:00.0,0.0,0.0,0.0,0.0,1.0
2025-03-20T01:00:00.0,0.0,0.0,0.0,0.0,1.0
2025-03-20T02:00:00.0,0.0,0.0,0.0,0.0,1.0
2025-03-20T03:00:00.0,0.0,0.0,0.0,0.0,1.0
2025-03-20T04:00:00.0,0.0,0.0,0.0,0.0,1.0
2025-03-20T05:00:00.0,0.0,0.0,0.0,0.0,1.0
2025-03-20T06:00:00.0,3.048,0.4938,2.5542,12.6849,0.85
2025-03-20T07:00:00.0,84.6755,39.1028,45.5726,277.5299,0.8417
2025-03-20T08:00:00.0,247.605,171.114,76.4909,602.5899,1.0
2025-03-20T09:00:00.0,388.0265,281.0915,106.9351,676.8606,1.0
2025-03-20T10:00:00.0,490.2892,330.848,159.4412,641.8439,1.0
2025-03-20T11:00:00.0,462.9283,199.8909,263.0374,337.7473,1.0
2025-03-20T12:00:00.0,570.5343,333.5929,236.9415,542.1454,1.0
2025-03-20T13:00:00.0,496.145,185.9037,310.2413,308.5162,1.0
2025-03-20T14:00:00.0,482.0774,246.2482,235.8291,449.051,1.0
2025-03-20T15:00:00.0,372.6215,165.2313,207.3902,359.0452,1.0
2025-03-20T16:00:00.0,263.7294,125.0971,138.6323,379.3341,1.0
2025-03-20T17:00:00.0,135.9973,63.1218,72.8754,325.2865,1.0
2025-03-20T18:00:00.0,19.8276,5.1233,14.7043,62.4724,0.8
2025-03-20T19:00:00.0,0.0,0.0,0.0,0.0,1.0
2025-03-20T20:00:00.0,0.0,0.0,0.0,0.0,1.0
2025-03-20T21:00:00.0,0.0,0.0,0.0,0.0,1.0
2025-03-20T22:00:00.0,0.0,0.0,0.0,0.0,1.0
2025-03-20T23:00:00.0,0.0,0.0,0.0,0.0,1.0
2025-03-21T00:00:00.0,0.0,0.0,0.0,0.0,1.0
2025-03-21T01:00:00.0,0.0,0.0,0.0,0.0,1.0
2025-03-21T02:00:00.0,0.0,0.0,0.0,0.0,1.0
2025-03-21T03:00:00.0,0.0,0.0,0.0,0.0,1.0
2025-03-21T04:00:00.0,0.0,0.0,0.0,0.0,1.0
2025-03-21T05:00:00.0,0.0,0.0,0.0,0.0,1.0
2025-03-21T06:00:00.0,4.0813,0.7197,3.3616,16.529,0.8333
2025-03-21T07:00:00.0,94.5846,47.4126,47.1721,321.4264,0.8417
2025-03-21T08:00:00.0,169.1064,49.5767,119.5296,199.5933,1.0
2025-03-21T09:00:00.0,143.8814,1.4214,142.46,3.636,1.0
2025-03-21T10:00:00.0,143.0857,0.1497,142.9359,0.2992,1.0
2025-03-21T11:00:00.0,115.3357,0.0857,115.2499,0.1406,1.0
2025-03-21T12:00:00.0,180.0228,0.2977,179.7251,0.4801,1.0
2025-03-21T13:00:00.0,101.5444,0.0018,101.5427,0.0029,1.0
2025-03-21T14:00:00.0,37.2677,0.0,37.2677,0.0,1.0
2025-03-21T15:00:00.0,31.1407,0.0,31.1407,0.0,1.0
2025-03-21T16:00:00.0,23.5622,0.0,23.5622,0.0,1.0
2025-03-21T17:00:00.0,52.8004,19.2461,33.5544,120.2325,1.0
2025-03-21T18:00:00.0,22.1133,6.7311,15.3823,83.3076,0.7917
2025-03-21T19:00:00.0,0.0,0.0,0.0,0.0,1.0
2025-03-21T20:00:00.0,0.0,0.0,0.0,0.0,1.0
2025-03-21T21:00:00.0,0.0,0.0,0.0,0.0,1.0
2025-03-21T22:00:00.0,0.0,0.0,0.0,0.0,1.0
2025-03-21T23:00:00.0,0.0,0.0,0.0,0.0,1.0
2025-03-22T00:00:00.0,0.0,0.0,0.0,0.0,1.0
2025-03-22T01:00:00.0,0.0,0.0,0.0,0.0,1.0
2025-03-22T02:00:00.0,0.0,0.0,0.0,0.0,1.0
2025-03-22T03:00:00.0,0.0,0.0,0.0,0.0,1.0
2025-03-22T04:00:00.0,0.0,0.0,0.0,0.0,1.0
2025-03-22T05:00:00.0,0.0,0.0,0.0,0.0,1.0
2025-03-22T06:00:00.0,0.6997,0.0,0.6997,0.0,0.8167
2025-03-22T07:00:00.0,24.0317,0.0021,24.0296,0.0102,0.8417
2025-03-22T08:00:00.0,109.2661,0.6323,108.6337,1.9264,1.0
2025-03-22T09:00:00.0,204.9866,14.8558,190.1308,33.9277,1.0
2025-03-22T10:00:00.0,264.3735,17.7508,246.6227,33.9584,1.0
2025-03-22T11:00:00.0,283.8808,13.0218,270.859,21.8653,1.0
2025-03-22T12:00:00.0,237.4866,3.136,234.3506,5.0179,1.0
2025-03-22T13:00:00.0,160.3693,0.0852,160.2841,0.137,1.0
2025-03-22T14:00:00.0,171.5096,0.3659,171.1437,0.6722,1.0
2025-03-22T15:00:00.0,203.8476,4.5648,199.2828,9.6196,1.0
2025-03-22T16:00:00.0,239.1028,116.5665,122.5363,346.4881,1.0
2025-03-22T17:00:00.0,138.9762,56.5757,82.4005,305.9778,1.0
2025-03-22T18:00:00.0,26.5338,10.1808,16.353,118.3681,0.775
2025-03-22T19:00:00.0,0.0,0.0,0.0,0.0,1.0
2025-03-22T20:00:00.0,0.0,0.0,0.0,0.0,1.0
2025-03-22T21:00:00.0,0.0,0.0,0.0,0.0,1.0
2025-03-22T22:00:00.0,0.0,0.0,0.0,0.0,1.0
2025-03-22T23:00:00.0,0.0,0.0,0.0,0.0,1.0
2025-03-23T00:00:00.0,0.0,0.0,0.0,0.0,1.0
2025-03-23T01:00:00.0,0.0,0.0,0.0,0.0,1.0
2025-03-23T02:00:00.0,0.0,0.0,0.0,0.0,1.0
2025-03-23T03:00:00.0,0.0,0.0,0.0,0.0,1.0
2025-03-23T04:00:00.0,0.0,0.0,0.0,0.0,1.0
2025-03-23T05:00:00.0,0.0,0.0,0.0,0.0,1.0
2025-03-23T06:00:00.0,6.9714,2.298,4.6734,46.0219,0.7917
2025-03-23T07:00:00.0,114.3984,74.5783,39.8201,473.4539,0.8417
2025-03-23T08:00:00.0,278.1132,215.9536,62.1596,716.7802,1.0
2025-03-23T09:00:00.0,432.0507,357.0201,75.0306,826.9986,1.0
2025-03-23T10:00:00.0,556.2844,472.3659,83.9186,882.978,1.0
2025-03-23T11:00:00.0,639.4381,549.7701,89.668,911.3678,1.0
2025-03-23T12:00:00.0,549.2601,324.6129,224.6472,514.8991,1.0
2025-03-23T13:00:00.0,488.6514,218.811,269.8405,353.6205,1.0
2025-03-23T14:00:00.0,522.4791,356.8362,165.6428,639.1346,1.0
2025-03-23T15:00:00.0,481.0359,395.0174,86.0185,835.0856,1.0
2025-03-23T16:00:00.0,324.7684,244.7502,80.0181,691.6957,1.0
2025-03-23T17:00:00.0,162.7792,103.8043,58.9748,507.3257,1.0
2025-03-23T18:00:00.0,30.9453,15.1512,15.7941,175.5394,0.7583
2025-03-23T19:00:00.0,0.0,0.0,0.0,0.0,1.0
2025-03-23T20:00:00.0,0.0,0.0,0.0,0.0,1.0
2025-03-23T21:00:00.0,0.0,0.0,0.0,0.0,1.0
2025-03-23T22:00:00.0,0.0,0.0,0.0,0.0,1.0
2025-03-23T23:00:00.0,0.0,0.0,0.0,0.0,1.0
2025-03-24T00:00:00.0,0.0,0.0,0.0,0.0,1.0
2025-03-24T01:00:00.0,0.0,0.0,0.0,0.0,1.0
2025-03-24T02:00:00.0,0.0,0.0,0.0,0.0,1.0
2025-03-24T03:00:00.0,0.0,0.0,0.0,0.0,1.0
2025-03-24T04:00:00.0,0.0,0.0,0.0,0.0,1.0
2025-03-24T05:00:00.0,0.0,0.0,0.0,0.0,1.0
2025-03-24T06:00:00.0,9.1571,3.6433,5.5138,68.4286,0.775
2025-03-24T07:00:00.0,115.9884,68.6637,47.3248,424.6325,0.9667
2025-03-24T08:00:00.0,285.9296,223.1592,62.7703,726.0415,1.0
2025-03-24T09:00:00.0,444.9032,372.8873,72.016,852.2064,1.0
2025-03-24T10:00:00.0,568.4818,488.9059,79.576,904.2262,1.0
2025-03-24T11:00:00.0,650.3045,566.1899,84.1146,930.0459,1.0
2025-03-24T12:00:00.0,682.573,592.1515,90.4215,929.5687,1.0
2025-03-24T13:00:00.0,662.2144,562.7711,99.4432,902.4485,1.0
2025-03-24T14:00:00.0,511.1601,273.141,238.0191,477.317,1.0
2025-03-24T15:00:00.0,334.436,77.5742,256.8618,162.0109,1.0
2025-03-24T16:00:00.0,254.5287,75.0676,179.4611,207.0302,1.0
2025-03-24T17:00:00.0,125.5471,21.891,103.6561,125.2094,1.0
2025-03-24T18:00:00.0,31.7913,13.139,18.6524,144.8612,0.7417
2025-03-24T19:00:00.0,0.0,0.0,0.0,0.0,1.0
2025-03-24T20:00:00.0,0.0,0.0,0.0,0.0,1.0
2025-03-24T21:00:00.0,0.0,0.0,0.0,0.0,1.0
2025-03-24T22:00:00.0,0.0,0.0,0.0,0.0,1.0
2025-03-24T23:00:00.0,0.0,0.0,0.0,0.0,1.0
2025-03-25T00:00:00.0,0.0,0.0,0.0,0.0,1.0
2025-03-25T01:00:00.0,0.0,0.0,0.0,0.0,1.0
2025-03-25T02:00:00.0,0.0,0.0,0.0,0.0,1.0
2025-03-25T03:00:00.0,0.0,0.0,0.0,0.0,1.0
2025-03-25T04:00:00.0,0.0,0.0,0.0,0.0,1.0
2025-03-25T05:00:00.0,0.0,0.0,0.0,0.0,1.0
2025-03-25T06:00:00.0,5.5421,0.0,5.5421,0.0,0.7583
2025-03-25T07:00:00.0,63.7757,0.2198,63.5559,1.0703,0.9667
2025-03-25T08:00:00.0,111.1424,0.6987,110.4437,2.2602,1.0
2025-03-25T09:00:00.0,161.9978,1.6771,160.3207,3.484,1.0
2025-03-25T10:00:00.0,442.5648,261.2093,181.3555,462.9996,1.0
2025-03-25T11:00:00.0,646.908,543.8669,103.0411,885.3342,1.0
2025-03-25T12:00:00.0,548.7109,353.0421,195.6688,550.5486,1.0
2025-03-25T13:00:00.0,244.5293,3.3329,241.1963,5.2777,1.0
2025-03-25T14:00:00.0,268.5168,31.3031,237.2137,57.2682,1.0
2025-03-25T15:00:00.0,391.1396,208.6705,182.4691,442.3853,1.0
2025-03-25T16:00:00.0,339.3208,250.9005,88.4203,694.5266,1.0
2025-03-25T17:00:00.0,165.7935,97.182,68.6115,453.6873,1.0
2025-03-25T18:00:00.0,34.3106,14.5066,19.804,154.294,0.7333
2025-03-25T19:00:00.0,0.0,0.0,0.0,0.0,1.0
2025-03-25T20:00:00.0,0.0,0.0,0.0,0.0,1.0
2025-03-25T21:00:00.0,0.0,0.0,0.0,0.0,1.0
2025-03-25T22:00:00.0,0.0,0.0,0.0,0.0,1.0
2025-03-25T23:00:00.0,0.0,0.0,0.0,0.0,1.0
2025-03-26T00:00:00.0,0.0,0.0,0.0,0.0,1.0
2025-03-26T01:00:00.0,0.0,0.0,0.0,0.0,1.0
2025-03-26T02:00:00.0,0.0,0.0,0.0,0.0,1.0
2025-03-26T03:00:00.0,0.0,0.0,0.0,0.0,1.0
2025-03-26T04:00:00.0,0.0,0.0,0.0,0.0,1.0
2025-03-26T05:00:00.0,0.0,0.0,0.0,0.0,1.0
2025-03-26T06:00:00.0,1.5735,0.0,1.5735,0.0,0.7333
2025-03-26T07:00:00.0,38.578,0.0945,38.4835,0.4798,0.9667
2025-03-26T08:00:00.0,109.5864,0.3655,109.2209,1.0542,1.0
2025-03-26T09:00:00.0,170.8638,1.176,169.6878,2.5112,1.0
2025-03-26T10:00:00.0,229.4215,4.4193,225.0023,7.8284,1.0
2025-03-26T11:00:00.0,264.2527,8.671,255.5817,14.1247,1.0
2025-03-26T12:00:00.0,294.072,11.8737,282.1983,18.3588,1.0
2025-03-26T13:00:00.0,258.2829,4.3213,253.9615,6.8397,1.0
2025-03-26T14:00:00.0,226.5305,3.8575,222.673,6.6775,1.0
2025-03-26T15:00:00.0,166.0848,2.9809,163.1039,5.8164,1.0
2025-03-26T16:00:00.0,109.653,0.2029,109.4502,0.6569,1.0
2025-03-26T17:00:00.0,107.1052,13.9367,93.1685,81.5555,1.0
2025-03-26T18:00:00.0,36.2141,14.1017,22.1124,144.2775,0.7167
2025-03-26T19:00:00.0,0.0,0.0,0.0,0.0,1.0
2025-03-26T20:00:00.0,0.0,0.0,0.0,0.0,1.0
2025-03-26T21:00:00.0,0.0,0.0,0.0,0.0,1.0
2025-03-26T22:00:00.0,0.0,0.0,0.0,0.0,1.0
2025-03-26T23:00:00.0,0.0,0.0,0.0,0.0,1.0
2025-03-27T00:00:00.0,0.0,0.0,0.0,0.0,1.0
2025-03-27T01:00:00.0,0.0,0.0,0.0,0.0,1.0
2025-03-27T02:00:00.0,0.0,0.0,0.0,0.0,1.0
2025-03-27T03:00:00.0,0.0,0.0,0.0,0.0,1.0
2025-03-27T04:00:00.0,0.0,0.0,0.0,0.0,1.0
2025-03-27T05:00:00.0,0.0,0.0,0.0,0.0,1.0
2025-03-27T06:00:00.0,1.847,0.0,1.847,0.0,0.7167
2025-03-27T07:00:00.0,32.0696,0.0155,32.0541,0.0765,0.9667
2025-03-27T08:00:00.0,49.3171,0.0347,49.2824,0.0918,1.0
2025-03-27T09:00:00.0,205.4735,7.6933,197.7802,16.5164,1.0
2025-03-27T10:00:00.0,234.0821,4.2671,229.815,7.6422,1.0
2025-03-27T11:00:00.0,282.2736,10.84,271.4336,17.1451,1.0
2025-03-27T12:00:00.0,269.3549,5.5383,263.8166,8.4933,1.0
2025-03-27T13:00:00.0,224.9511,1.5245,223.4266,2.3792,1.0
2025-03-27T14:00:00.0,132.9841,0.0362,132.9479,0.0596,1.0
2025-03-27T15:00:00.0,96.4966,0.0041,96.4925,0.0082,1.0
2025-03-27T16:00:00.0,61.1448,0.0098,61.135,0.0276,1.0
2025-03-27T17:00:00.0,75.1202,5.0897,70.0305,30.9489,1.0
2025-03-27T18:00:00.0,34.9065,9.2393,25.6672,92.564,0.7
2025-03-27T19:00:00.0,0.0,0.0,0.0,0.0,1.0
2025-03-27T20:00:00.0,0.0,0.0,0.0,0.0,1.0
2025-03-27T21:00:00.0,0.0,0.0,0.0,0.0,1.0
2025-03-27T22:00:00.0,0.0,0.0,0.0,0.0,1.0
2025-03-27T23:00:00.0,0.0,0.0,0.0,0.0,1.0
2025-03-28T00:00:00.0,0.0,0.0,0.0,0.0,1.0
2025-03-28T01:00:00.0,0.0,0.0,0.0,0.0,1.0
2025-03-28T02:00:00.0,0.0,0.0,0.0,0.0,1.0
2025-03-28T03:00:00.0,0.0,0.0,0.0,0.0,1.0
2025-03-28T04:00:00.0,0.0,0.0,0.0,0.0,1.0
2025-03-28T05:00:00.0,0.0,0.0,0.0,0.0,1.0
2025-03-28T06:00:00.0,16.9287,6.4341,10.4946,91.5005,0.7
2025-03-28T07:00:00.0,146.2556,94.261,51.9945,507.4966,0.9667
2025-03-28T08:00:00.0,261.1591,149.5979,111.5612,442.3054,1.0
2025-03-28T09:00:00.0,447.5149,335.5086,112.0063,721.7122,1.0
2025-03-28T10:00:00.0,460.4742,306.2086,154.2657,537.2395,1.0
2025-03-28T11:00:00.0,586.9814,391.8321,195.1493,624.2687,1.0
2025-03-28T12:00:00.0,562.6589,292.4575,270.2014,444.5872,1.0
2025-03-28T13:00:00.0,644.0095,477.5119,166.4976,744.2726,1.0
2025-03-28T14:00:00.0,487.8223,260.496,227.3263,445.8763,1.0
2025-03-28T15:00:00.0,468.0231,330.728,137.2951,670.6679,1.0
2025-03-28T16:00:00.0,293.4342,154.3374,139.0968,419.6414,1.0
2025-03-28T17:00:00.0,174.2922,98.3421,75.9501,428.5787,1.0
2025-03-28T18:00:00.0,43.6524,19.5649,24.0875,193.7086,0.8167
2025-03-28T19:00:00.0,0.0,0.0,0.0,0.0,1.0
2025-03-28T20:00:00.0,0.0,0.0,0.0,0.0,1.0
2025-03-28T21:00:00.0,0.0,0.0,0.0,0.0,1.0
2025-03-28T22:00:00.0,0.0,0.0,0.0,0.0,1.0
2025-03-28T23:00:00.0,0.0,0.0,0.0,0.0,1.0
2025-03-29T00:00:00.0,0.0,0.0,0.0,0.0,1.0
2025-03-29T01:00:00.0,0.0,0.0,0.0,0.0,1.0
2025-03-29T02:00:00.0,0.0,0.0,0.0,0.0,1.0
2025-03-29T03:00:00.0,0.0,0.0,0.0,0.0,1.0
2025-03-29T04:00:00.0,0.0,0.0,0.0,0.0,1.0
2025-03-29T05:00:00.0,0.0,0.0,0.0,0.0,1.0
2025-03-29T06:00:00.0,9.2171,0.0,9.2171,0.0001,0.6833
2025-03-29T07:00:00.0,59.5727,0.0339,59.5387,0.1761,0.9667
2025-03-29T08:00:00.0,36.1204,0.0001,36.1203,0.0002,1.0
2025-03-29T09:00:00.0,74.1387,0.0006,74.1382,0.0012,1.0
2025-03-29T10:00:00.0,346.4013,137.3319,209.0693,240.1081,1.0
2025-03-29T11:00:00.0,376.2816,125.6549,250.6267,202.1143,1.0
2025-03-29T12:00:00.0,281.0608,8.0012,273.0596,12.066,1.0
2025-03-29T13:00:00.0,295.0131,15.4289,279.5842,23.9614,1.0
2025-03-29T14:00:00.0,387.0486,66.1479,320.9007,110.139,1.0
2025-03-29T15:00:00.0,254.1325,23.112,231.0206,48.3622,1.0
2025-03-29T16:00:00.0,268.3478,80.8754,187.4724,211.0929,1.0
2025-03-29T17:00:00.0,138.252,25.3681,112.8839,120.2189,1.0
2025-03-29T18:00:00.0,41.3737,13.7723,27.6014,132.2817,0.8
2025-03-29T19:00:00.0,0.0,0.0,0.0,0.0,1.0
2025-03-29T20:00:00.0,0.0,0.0,0.0,0.0,1.0
2025-03-29T21:00:00.0,0.0,0.0,0.0,0.0,1.0
2025-03-29T22:00:00.0,0.0,0.0,0.0,0.0,1.0
2025-03-29T23:00:00.0,0.0,0.0,0.0,0.0,1.0
2025-03-30T00:00:00.0,0.0,0.0,0.0,0.0,1.0
2025-03-30T01:00:00.0,0.0,0.0,0.0,0.0,1.0
2025-03-30T02:00:00.0,0.0,0.0,0.0,0.0,1.0
2025-03-30T03:00:00.0,0.0,0.0,0.0,0.0,1.0
2025-03-30T04:00:00.0,0.0,0.0,0.0,0.0,1.0
2025-03-30T05:00:00.0,0.0,0.0,0.0,0.0,1.0
2025-03-30T06:00:00.0,13.7262,0.1621,13.5641,2.0407,0.6583
2025-03-30T07:00:00.0,106.9933,17.8362,89.1571,78.5901,0.9667
2025-03-30T08:00:00.0,300.6581,193.6601,106.998,566.921,1.0
2025-03-30T09:00:00.0,448.6363,309.9173,138.7189,657.1733,1.0
2025-03-30T10:00:00.0,584.759,447.5875,137.1716,779.1701,1.0
2025-03-30T11:00:00.0,667.3987,517.1776,150.2211,806.6057,1.0
2025-03-30T12:00:00.0,504.0676,221.2527,282.8149,332.0869,1.0
2025-03-30T13:00:00.0,211.0827,1.7203,209.3624,2.6151,1.0
2025-03-30T14:00:00.0,207.4786,1.7866,205.692,3.0509,1.0
2025-03-30T15:00:00.0,130.526,1.0493,129.4767,1.937,1.0
2025-03-30T16:00:00.0,52.4435,0.0,52.4435,0.0,1.0
2025-03-30T17:00:00.0,74.366,0.3228,74.0432,1.6323,1.0
2025-03-30T18:00:00.0,36.2328,2.8566,33.3762,30.014,0.7833
2025-03-30T19:00:00.0,0.0,0.0,0.0,0.0,1.0
2025-03-30T20:00:00.0,0.0,0.0,0.0,0.0,1.0
2025-03-30T21:00:00.0,0.0,0.0,0.0,0.0,1.0
2025-03-30T22:00:00.0,0.0,0.0,0.0,0.0,1.0
2025-03-30T23:00:00.0,0.0,0.0,0.0,0.0,1.0
2025-03-31T00:00:00.0,0.0,0.0,0.0,0.0,1.0
2025-03-31T01:00:00.0,0.0,0.0,0.0,0.0,1.0
2025-03-31T02:00:00.0,0.0,0.0,0.0,0.0,1.0
2025-03-31T03:00:00.0,0.0,0.0,0.0,0.0,1.0
2025-03-31T04:00:00.0,0.0,0.0,0.0,0.0,1.0
2025-03-31T05:00:00.0,0.0,0.0,0.0,0.0,1.0
2025-03-31T06:00:00.0,6.5169,0.0,6.5169,0.0,0.6417
2025-03-31T07:00:00.0,82.7879,14.3897,68.3982,56.1892,0.9667
2025-03-31T08:00:00.0,309.2312,196.5738,112.6574,559.3126,1.0
2025-03-31T09:00:00.0,433.8603,278.007,155.8533,590.2614,1.0
2025-03-31T10:00:00.0,351.035,75.1515,275.8835,132.7304,1.0
2025-03-31T11:00:00.0,354.8145,43.964,310.8505,67.6871,1.0
2025-03-31T12:00:00.0,507.5699,172.4775,335.0924,256.041,1.0
2025-03-31T13:00:00.0,579.1201,280.0161,299.1039,426.6847,1.0
2025-03-31T14:00:00.0,612.0478,471.6471,140.4007,785.2662,1.0
2025-03-31T15:00:00.0,518.7853,412.3068,106.4785,808.1021,1.0
2025-03-31T16:00:00.0,373.7362,285.6665,88.0697,736.694,1.0
2025-03-31T17:00:00.0,209.2417,146.0998,63.1419,596.3375,1.0
2025-03-31T18:00:00.0,54.7227,28.4905,26.2322,260.4124,0.7833
2025-03-31T19:00:00.0,0.0,0.0,0.0,0.0,0.9917
2025-03-31T20:00:00.0,0.0,0.0,0.0,0.0,1.0
2025-03-31T21:00:00.0,0.0,0.0,0.0,0.0,1.0
2025-03-31T22:00:00.0,0.0,0.0,0.0,0.0,1.0
2025-03-31T23:00:00.0,0.0,0.0,0.0,0.0,1.0
2025-04-01T00:00:00.0,0.0,0.0,0.0,0.0,1.0
2025-04-01T01:00:00.0,0.0,0.0,0.0,0.0,1.0
2025-04-01T02:00:00.0,0.0,0.0,0.0,0.0,1.0
2025-04-01T03:00:00.0,0.0,0.0,0.0,0.0,1.0
2025-04-01T04:00:00.0,0.0,0.0,0.0,0.0,1.0
2025-04-01T05:00:00.0,0.0,0.0,0.0,0.0,1.0
2025-04-01T06:00:00.0,28.479,13.2101,15.2688,157.0695,0.7167
2025-04-01T07:00:00.0,169.5689,114.6798,54.889,550.6655,1.0
2025-04-01T08:00:00.0,328.68,243.441,85.239,689.8636,1.0
2025-04-01T09:00:00.0,358.8082,183.6478,175.1604,402.078,1.0
2025-04-01T10:00:00.0,366.6774,48.6104,318.067,81.3438,1.0
2025-04-01T11:00:00.0,564.2468,253.9021,310.3448,385.0477,1.0
2025-04-01T12:00:00.0,625.7333,344.0424,281.6909,507.2931,1.0
2025-04-01T13:00:00.0,654.1535,438.1495,216.004,663.8639,1.0
2025-04-01T14:00:00.0,644.4531,543.2557,101.1973,894.6516,1.0
2025-04-01T15:00:00.0,530.7816,438.1782,92.6034,851.215,1.0
2025-04-01T16:00:00.0,382.8471,302.8657,79.9814,772.1099,1.0
2025-04-01T17:00:00.0,215.7194,155.2424,60.477,622.3438,1.0
2025-04-01T18:00:00.0,58.7911,32.0192,26.7719,287.1683,0.7833
2025-04-01T19:00:00.0,0.0466,0.0023,0.0444,0.0,0.9833
2025-04-01T20:00:00.0,0.0,0.0,0.0,0.0,1.0
2025-04-01T21:00:00.0,0.0,0.0,0.0,0.0,1.0
2025-04-01T22:00:00.0,0.0,0.0,0.0,0.0,1.0
2025-04-01T23:00:00.0,0.0,0.0,0.0,0.0,1.0
2025-04-02T00:00:00.0,0.0,0.0,0.0,0.0,1.0
2025-04-02T01:00:00.0,0.0,0.0,0.0,0.0,1.0
2025-04-02T02:00:00.0,0.0,0.0,0.0,0.0,1.0
2025-04-02T03:00:00.0,0.0,0.0,0.0,0.0,1.0
2025-04-02T04:00:00.0,0.0,0.0,0.0,0.0,1.0
2025-04-02T05:00:00.0,0.0,0.0,0.0,0.0,1.0
2025-04-02T06:00:00.0,31.889,15.5894,16.2996,178.69,0.6917
2025-04-02T07:00:00.0,168.2258,109.0274,59.1984,522.4117,1.0
2025-04-02T08:00:00.0,329.1246,240.3579,88.7667,655.0483,1.0
2025-04-02T09:00:00.0,502.5912,412.8322,89.7589,843.3342,1.0
2025-04-02T10:00:00.0,627.9398,535.1215,92.8183,905.7665,1.0
2025-04-02T11:00:00.0,710.535,618.9404,91.5946,942.2433,1.0
2025-04-02T12:00:00.0,743.4209,651.4352,91.9856,953.6169,1.0
2025-04-02T13:00:00.0,724.1672,629.6226,94.5447,942.8829,1.0
2025-04-02T14:00:00.0,654.8665,560.5075,94.359,916.1126,1.0
2025-04-02T15:00:00.0,538.9245,447.1534,91.771,860.8752,1.0
2025-04-02T16:00:00.0,386.6215,302.4109,84.2106,761.7501,1.0
2025-04-02T17:00:00.0,216.0306,149.9965,66.0341,589.1453,1.0
2025-04-02T18:00:00.0,58.841,29.1568,29.6842,250.0142,0.7833
2025-04-02T19:00:00.0,0.1303,0.0045,0.1258,0.0,0.9583
2025-04-02T20:00:00.0,0.0,0.0,0.0,0.0,1.0
2025-04-02T21:00:00.0,0.0,0.0,0.0,0.0,1.0
2025-04-02T22:00:00.0,0.0,0.0,0.0,0.0,1.0
2025-04-02T23:00:00.0,0.0,0.0,0.0,0.0,1.0
2025-04-03T00:00:00.0,0.0,0.0,0.0,0.0,1.0
2025-04-03T01:00:00.0,0.0,0.0,0.0,0.0,1.0
2025-04-03T02:00:00.0,0.0,0.0,0.0,0.0,1.0
2025-04-03T03:00:00.0,0.0,0.0,0.0,0.0,1.0
2025-04-03T04:00:00.0,0.0,0.0,0.0,0.0,1.0
2025-04-03T05:00:00.0,0.0,0.0,0.0,0.0,1.0
2025-04-03T06:00:00.0,30.9923,11.4163,19.5759,122.4565,0.675
2025-04-03T07:00:00.0,165.2974,96.2173,69.0801,435.0642,0.75
2025-04-03T08:00:00.0,327.9951,223.5984,104.3967,610.3,1.0
2025-04-03T09:00:00.0,478.3445,347.6778,130.6667,702.3195,1.0
2025-04-03T10:00:00.0,597.7978,447.2578,150.54,750.3508,1.0
2025-04-03T11:00:00.0,675.331,510.5842,164.7468,771.3677,1.0
2025-04-03T12:00:00.0,681.653,476.5817,205.0713,692.7574,1.0
2025-04-03T13:00:00.0,649.7581,428.6101,221.148,639.8572,1.0
2025-04-03T14:00:00.0,516.0361,282.5806,233.4556,450.3601,1.0
2025-04-03T15:00:00.0,128.4598,1.8346,126.6252,3.224,1.0
2025-04-03T16:00:00.0,96.7232,0.1424,96.5809,0.3624,1.0
2025-04-03T17:00:00.0,59.9441,0.0015,59.9426,0.0053,1.0
2025-04-03T18:00:00.0,8.5157,0.0,8.5157,0.0002,0.7833
2025-04-03T19:00:00.0,0.0305,0.0,0.0305,0.0,0.9417
2025-04-03T20:00:00.0,0.0,0.0,0.0,0.0,1.0
2025-04-03T21:00:00.0,0.0,0.0,0.0,0.0,1.0
2025-04-03T22:00:00.0,0.0,0.0,0.0,0.0,1.0
2025-04-03T23:00:00.0,0.0,0.0,0.0,0.0,1.0
2025-04-04T00:00:00.0,0.0,0.0,0.0,0.0,1.0
2025-04-04T01:00:00.0,0.0,0.0,0.0,0.0,1.0
2025-04-04T02:00:00.0,0.0,0.0,0.0,0.0,1.0
2025-04-04T03:00:00.0,0.0,0.0,0.0,0.0,1.0
2025-04-04T04:00:00.0,0.0,0.0,0.0,0.0,1.0
2025-04-04T05:00:00.0,0.0,0.0,0.0,0.0,1.0
2025-04-04T06:00:00.0,5.0793,0.3069,4.7724,2.2277,0.6583
2025-04-04T07:00:00.0,130.0526,45.1691,84.8835,226.9754,1.0
2025-04-04T08:00:00.0,135.9806,10.7836,125.197,26.6636,1.0
2025-04-04T09:00:00.0,292.0484,65.1681,226.8802,124.5305,1.0
2025-04-04T10:00:00.0,402.0807,112.8034,289.2773,188.0725,1.0
2025-04-04T11:00:00.0,445.8113,117.8684,327.9429,177.0937,1.0
2025-04-04T12:00:00.0,372.0031,41.8329,330.1702,60.3784,1.0
2025-04-04T13:00:00.0,295.602,13.1498,282.4522,19.306,1.0
2025-04-04T14:00:00.0,258.7108,18.5018,240.209,31.0548,1.0
2025-04-04T15:00:00.0,442.6489,260.7714,181.8775,495.9234,1.0
2025-04-04T16:00:00.0,305.4462,140.2309,165.2154,352.7079,1.0
2025-04-04T17:00:00.0,194.1647,101.7472,92.4175,386.3313,1.0
2025-04-04T18:00:00.0,50.1214,12.5999,37.5214,99.6027,0.9083
2025-04-04T19:00:00.0,0.3909,0.0096,0.3813,0.0,0.9333
2025-04-04T20:00:00.0,0.0,0.0,0.0,0.0,1.0
2025-04-04T21:00:00.0,0.0,0.0,0.0,0.0,1.0
2025-04-04T22:00:00.0,0.0,0.0,0.0,0.0,1.0
2025-04-04T23:00:00.0,0.0,0.0,0.0,0.0,1.0
2025-04-05T00:00:00.0,0.0,0.0,0.0,0.0,1.0
2025-04-05T01:00:00.0,0.0,0.0,0.0,0.0,1.0
2025-04-05T02:00:00.0,0.0,0.0,0.0,0.0,1.0
2025-04-05T03:00:00.0,0.0,0.0,0.0,0.0,1.0
2025-04-05T04:00:00.0,0.0,0.0,0.0,0.0,1.0
2025-04-05T05:00:00.0,0.0,0.0,0.0,0.0,1.0
2025-04-05T06:00:00.0,33.5051,8.7268,24.7783,82.8566,0.6417
2025-04-05T07:00:00.0,164.5903,82.9285,81.6618,352.863,1.0
2025-04-05T08:00:00.0,324.9181,206.0401,118.8779,543.9977,1.0
2025-04-05T09:00:00.0,444.1291,255.9035,188.2256,511.1259,1.0
2025-04-05T10:00:00.0,541.9727,307.8653,234.1074,504.1765,1.0
2025-04-05T11:00:00.0,667.0078,487.7761,179.2318,724.7249,1.0
2025-04-05T12:00:00.0,712.2957,544.326,167.9697,780.2784,1.0
2025-04-05T13:00:00.0,691.5647,522.942,168.6227,767.1096,1.0
2025-04-05T14:00:00.0,621.796,458.1619,163.6341,732.5468,1.0
2025-04-05T15:00:00.0,508.9364,358.4495,150.487,672.8228,1.0
2025-04-05T16:00:00.0,358.1228,229.04,129.0828,555.1295,1.0
2025-04-05T17:00:00.0,191.5124,97.472,94.0404,362.4993,1.0
2025-04-05T18:00:00.0,58.2488,18.4878,39.761,139.1952,0.9083
2025-04-05T19:00:00.0,0.5923,0.0161,0.5762,0.3664,0.9167
2025-04-05T20:00:00.0,0.0,0.0,0.0,0.0,1.0
2025-04-05T21:00:00.0,0.0,0.0,0.0,0.0,1.0
2025-04-05T22:00:00.0,0.0,0.0,0.0,0.0,1.0
2025-04-05T23:00:00.0,0.0,0.0,0.0,0.0,1.0
2025-04-06T00:00:00.0,0.0,0.0,0.0,0.0,1.0
2025-04-06T01:00:00.0,0.0,0.0,0.0,0.0,1.0
2025-04-06T02:00:00.0,0.0,0.0,0.0,0.0,1.0
2025-04-06T03:00:00.0,0.0,0.0,0.0,0.0,1.0
2025-04-06T04:00:00.0,0.0,0.0,0.0,0.0,1.0
2025-04-06T05:00:00.0,0.0,0.0,0.0,0.0,1.0
2025-04-06T06:00:00.0,38.6208,11.7233,26.8975,107.5192,0.6167
2025-04-06T07:00:00.0,165.6896,82.4665,83.2231,349.1623,1.0
2025-04-06T08:00:00.0,267.7383,117.2071,150.5311,311.67,1.0
2025-04-06T09:00:00.0,342.8198,109.3494,233.4704,213.9964,1.0
2025-04-06T10:00:00.0,466.4927,198.4199,268.0728,321.8345,1.0
2025-04-06T11:00:00.0,541.9122,245.7781,296.1341,363.3122,1.0
2025-04-06T12:00:00.0,637.1724,395.8848,241.2877,563.793,1.0
2025-04-06T13:00:00.0,500.2545,171.0697,329.1848,249.0917,1.0
2025-04-06T14:00:00.0,554.3786,333.0233,221.3554,530.9626,1.0
2025-04-06T15:00:00.0,380.5003,140.8908,239.6095,257.7183,1.0
2025-04-06T16:00:00.0,193.3876,15.1261,178.2615,33.7605,1.0
2025-04-06T17:00:00.0,96.2633,0.4236,95.8397,1.474,1.0
2025-04-06T18:00:00.0,23.6303,0.0013,23.629,0.0071,0.9083
2025-04-06T19:00:00.0,0.4995,0.0,0.4995,0.0,0.9
2025-04-06T20:00:00.0,0.0,0.0,0.0,0.0,1.0
2025-04-06T21:00:00.0,0.0,0.0,0.0,0.0,1.0
2025-04-06T22:00:00.0,0.0,0.0,0.0,0.0,1.0
2025-04-06T23:00:00.0,0.0,0.0,0.0,0.0,1.0
2025-04-07T00:00:00.0,0.0,0.0,0.0,0.0,1.0
2025-04-07T01:00:00.0,0.0,0.0,0.0,0.0,1.0
2025-04-07T02:00:00.0,0.0,0.0,0.0,0.0,1.0
2025-04-07T03:00:00.0,0.0,0.0,0.0,0.0,1.0
2025-04-07T04:00:00.0,0.0,0.0,0.0,0.0,1.0
2025-04-07T05:00:00.0,0.0,0.0,0.0,0.0,1.0
2025-04-07T06:00:00.0,28.2728,0.5987,27.6741,5.2343,0.6
2025-04-07T07:00:00.0,151.0541,61.9467,89.1074,237.5843,1.0
2025-04-07T08:00:00.0,339.1932,225.4208,113.7724,579.5143,1.0
2025-04-07T09:00:00.0,504.2826,379.2121,125.0705,733.3656,1.0
2025-04-07T10:00:00.0,629.0349,498.9022,130.1327,808.5356,1.0
2025-04-07T11:00:00.0,712.1879,583.239,128.9488,855.3334,1.0
2025-04-07T12:00:00.0,745.9849,620.2148,125.7701,877.2555,1.0
2025-04-07T13:00:00.0,727.8462,606.2737,121.5725,877.8282,1.0
2025-04-07T14:00:00.0,660.4022,546.136,114.2662,861.4774,1.0
2025-04-07T15:00:00.0,549.4868,446.2435,103.2433,825.1058,1.0
2025-04-07T16:00:00.0,404.7607,316.9248,87.8359,758.2986,1.0
2025-04-07T17:00:00.0,239.7605,173.379,66.3814,631.059,1.0
2025-04-07T18:00:00.0,79.1872,45.2115,33.9757,347.5254,0.9083
2025-04-07T19:00:00.0,1.3795,0.2248,1.1547,6.3745,0.8917
2025-04-07T20:00:00.0,0.0,0.0,0.0,0.0,1.0
2025-04-07T21:00:00.0,0.0,0.0,0.0,0.0,1.0
2025-04-07T22:00:00.0,0.0,0.0,0.0,0.0,1.0
2025-04-07T23:00:00.0,0.0,0.0,0.0,0.0,1.0
2025-04-08T00:00:00.0,0.0,0.0,0.0,0.0,1.0
2025-04-08T01:00:00.0,0.0,0.0,0.0,0.0,1.0
2025-04-08T02:00:00.0,0.0,0.0,0.0,0.0,1.0
2025-04-08T03:00:00.0,0.0,0.0,0.0,0.0,1.0
2025-04-08T04:00:00.0,0.0,0.0,0.0,0.0,1.0
2025-04-08T05:00:00.0,0.0148,0.0012,0.0136,0.0,0.9917
2025-04-08T06:00:00.0,51.5221,23.4507,28.0713,209.0666,0.5917
2025-04-08T07:00:00.0,202.4523,133.4108,69.0415,536.7058,1.0
2025-04-08T08:00:00.0,371.0626,278.269,92.7936,706.204,1.0
2025-04-08T09:00:00.0,523.2528,414.367,108.8858,794.0274,1.0
2025-04-08T10:00:00.0,642.7106,521.0975,121.613,837.9888,1.0
2025-04-08T11:00:00.0,720.0356,589.3391,130.6965,858.3505,1.0
2025-04-08T12:00:00.0,749.8162,615.5119,134.3042,864.9688,1.0
2025-04-08T13:00:00.0,729.6398,597.3758,132.2641,859.4054,1.0
2025-04-08T14:00:00.0,591.8942,351.8721,240.0221,544.9924,1.0
2025-04-08T15:00:00.0,414.2844,124.2461,290.0383,224.6153,1.0
2025-04-08T16:00:00.0,287.0036,59.2429,227.7607,140.347,1.0
2025-04-08T17:00:00.0,171.2664,35.7418,135.5246,134.4509,1.0
2025-04-08T18:00:00.0,72.3873,31.5708,40.8166,250.9755,0.9083
2025-04-08T19:00:00.0,1.7282,0.2611,1.467,7.694,0.8833
2025-04-08T20:00:00.0,0.0,0.0,0.0,0.0,1.0
2025-04-08T21:00:00.0,0.0,0.0,0.0,0.0,1.0
2025-04-08T22:00:00.0,0.0,0.0,0.0,0.0,1.0
2025-04-08T23:00:00.0,0.0,0.0,0.0,0.0,1.0
2025-04-09T00:00:00.0,0.0,0.0,0.0,0.0,1.0
2025-04-09T01:00:00.0,0.0,0.0,0.0,0.0,1.0
2025-04-09T02:00:00.0,0.0,0.0,0.0,0.0,1.0
2025-04-09T03:00:00.0,0.0,0.0,0.0,0.0,1.0
2025-04-09T04:00:00.0,0.0,0.0,0.0,0.0,1.0
2025-04-09T05:00:00.0,0.0918,0.0021,0.0897,0.0,0.975
2025-04-09T06:00:00.0,54.0528,25.4011,28.6517,219.8967,0.7167
2025-04-09T07:00:00.0,200.1375,130.0353,70.1022,515.8793,1.0
2025-04-09T08:00:00.0,371.2885,279.1259,92.1626,697.2708,1.0
2025-04-09T09:00:00.0,528.1614,423.8125,104.3489,803.7737,1.0
2025-04-09T10:00:00.0,652.3804,541.4634,110.917,863.6446,1.0
2025-04-09T11:00:00.0,734.4188,621.5234,112.8954,898.912,1.0
2025-04-09T12:00:00.0,765.4155,650.5168,114.8987,908.356,1.0
2025-04-09T13:00:00.0,742.9697,625.6432,117.3264,894.4103,1.0
2025-04-09T14:00:00.0,671.1623,554.9532,116.2091,863.606,1.0
2025-04-09T15:00:00.0,556.196,446.6894,109.5067,813.0811,1.0
2025-04-09T16:00:00.0,407.8932,311.8636,96.0297,731.0279,1.0
2025-04-09T17:00:00.0,240.8349,166.411,74.4239,586.3585,1.0
2025-04-09T18:00:00.0,82.0229,43.3343,38.6886,313.3492,0.9083
2025-04-09T19:00:00.0,2.2037,0.3662,1.8374,10.4176,0.8583
2025-04-09T20:00:00.0,0.0,0.0,0.0,0.0,1.0
2025-04-09T21:00:00.0,0.0,0.0,0.0,0.0,1.0
2025-04-09T22:00:00.0,0.0,0.0,0.0,0.0,1.0
2025-04-09T23:00:00.0,0.0,0.0,0.0,0.0,1.0
2025-04-10T00:00:00.0,0.0,0.0,0.0,0.0,1.0
2025-04-10T01:00:00.0,0.0,0.0,0.0,0.0,1.0
2025-04-10T02:00:00.0,0.0,0.0,0.0,0.0,1.0
2025-04-10T03:00:00.0,0.0,0.0,0.0,0.0,1.0
2025-04-10T04:00:00.0,0.0,0.0,0.0,0.0,1.0
2025-04-10T05:00:00.0,0.2665,0.0165,0.25,0.0,0.95
2025-04-10T06:00:00.0,61.521,30.8262,30.6948,260.3173,0.7167
2025-04-10T07:00:00.0,208.0306,135.9046,72.126,522.7023,1.0
2025-04-10T08:00:00.0,383.546,291.8679,91.6782,719.9934,1.0
2025-04-10T09:00:00.0,538.0398,433.2653,104.7745,813.8986,1.0
2025-04-10T10:00:00.0,659.0334,547.0398,111.9936,865.8085,1.0
2025-04-10T11:00:00.0,737.5538,622.4405,115.1133,894.1926,1.0
2025-04-10T12:00:00.0,766.9785,650.1395,116.839,902.1671,1.0
2025-04-10T13:00:00.0,745.0969,627.6173,117.4796,891.74,1.0
2025-04-10T14:00:00.0,674.1881,559.2457,114.9425,864.6791,1.0
2025-04-10T15:00:00.0,560.6518,453.2384,107.4134,818.9504,1.0
2025-04-10T16:00:00.0,413.9433,320.1274,93.8158,743.4638,1.0
2025-04-10T17:00:00.0,247.6938,174.6741,73.0197,607.2579,1.0
2025-04-10T18:00:00.0,87.1277,47.732,39.3956,336.7062,0.9083
2025-04-10T19:00:00.0,2.7874,0.5157,2.2717,13.3618,0.85
2025-04-10T20:00:00.0,0.0,0.0,0.0,0.0,1.0
2025-04-10T21:00:00.0,0.0,0.0,0.0,0.0,1.0
2025-04-10T22:00:00.0,0.0,0.0,0.0,0.0,1.0
2025-04-10T23:00:00.0,0.0,0.0,0.0,0.0,1.0
2025-04-11T00:00:00.0,0.0,0.0,0.0,0.0,1.0
2025-04-11T01:00:00.0,0.0,0.0,0.0,0.0,1.0
2025-04-11T02:00:00.0,0.0,0.0,0.0,0.0,1.0
2025-04-11T03:00:00.0,0.0,0.0,0.0,0.0,1.0
2025-04-11T04:00:00.0,0.0,0.0,0.0,0.0,1.0
2025-04-11T05:00:00.0,0.5083,0.043,0.4653,0.747,0.9333
2025-04-11T06:00:00.0,65.6948,33.5672,32.1276,276.3292,0.7167
2025-04-11T07:00:00.0,221.4027,151.8593,69.5435,574.3217,1.0
2025-04-11T08:00:00.0,390.2732,297.463,92.8102,725.5632,1.0
2025-04-11T09:00:00.0,544.7177,441.0645,103.6532,820.3879,1.0
2025-04-11T10:00:00.0,668.5966,565.6245,102.9721,888.2082,1.0
2025-04-11T11:00:00.0,750.0118,653.9592,96.0527,933.1656,1.0
2025-04-11T12:00:00.0,781.086,689.2596,91.8264,950.6016,1.0
2025-04-11T13:00:00.0,759.7527,668.2953,91.4575,943.8422,1.0
2025-04-11T14:00:00.0,689.5019,600.6846,88.8173,922.9319,1.0
2025-04-11T15:00:00.0,575.6711,490.9475,84.7237,880.6391,1.0
2025-04-11T16:00:00.0,427.4218,349.799,77.6229,804.9663,1.0
2025-04-11T17:00:00.0,258.9744,195.3237,63.6508,670.3374,1.0
2025-04-11T18:00:00.0,94.1924,57.1382,37.0542,395.9365,0.9083
2025-04-11T19:00:00.0,3.5399,0.8895,2.6504,22.1238,0.8333
2025-04-11T20:00:00.0,0.0,0.0,0.0,0.0,1.0
2025-04-11T21:00:00.0,0.0,0.0,0.0,0.0,1.0
2025-04-11T22:00:00.0,0.0,0.0,0.0,0.0,1.0
2025-04-11T23:00:00.0,0.0,0.0,0.0,0.0,1.0
2025-04-12T00:00:00.0,0.0,0.0,0.0,0.0,1.0
2025-04-12T01:00:00.0,0.0,0.0,0.0,0.0,1.0
2025-04-12T02:00:00.0,0.0,0.0,0.0,0.0,1.0
2025-04-12T03:00:00.0,0.0,0.0,0.0,0.0,1.0
2025-04-12T04:00:00.0,0.0,0.0,0.0,0.0,1.0
2025-04-12T05:00:00.0,0.1065,0.0,0.1065,0.0,0.9167
2025-04-12T06:00:00.0,9.1663,0.0,9.1663,0.0,0.7167
2025-04-12T07:00:00.0,56.7993,0.0157,56.7836,0.0465,1.0
2025-04-12T08:00:00.0,146.4375,4.6254,141.8121,10.2409,1.0
2025-04-12T09:00:00.0,326.6466,36.2234,290.4232,65.8516,1.0
2025-04-12T10:00:00.0,486.9101,205.4323,281.4779,312.3329,1.0
2025-04-12T11:00:00.0,650.9092,370.4425,280.4667,521.6245,1.0
2025-04-12T12:00:00.0,703.1057,460.185,242.9207,631.0308,1.0
2025-04-12T13:00:00.0,693.8619,495.9838,197.8782,694.6251,1.0
2025-04-12T14:00:00.0,478.7907,134.9905,343.8002,206.7968,1.0
2025-04-12T15:00:00.0,405.3853,161.8761,243.5092,291.8332,1.0
2025-04-12T16:00:00.0,290.1718,101.8119,188.36,238.6517,1.0
2025-04-12T17:00:00.0,93.5163,0.2905,93.2258,1.0669,1.0
2025-04-12T18:00:00.0,72.2129,22.2633,49.9496,170.1547,1.0
2025-04-12T19:00:00.0,3.477,0.0478,3.4292,1.121,0.85
2025-04-12T20:00:00.0,0.0,0.0,0.0,0.0,1.0
2025-04-12T21:00:00.0,0.0,0.0,0.0,0.0,1.0
2025-04-12T22:00:00.0,0.0,0.0,0.0,0.0,1.0
2025-04-12T23:00:00.0,0.0,0.0,0.0,0.0,1.0
2025-04-13T00:00:00.0,0.0,0.0,0.0,0.0,1.0
2025-04-13T01:00:00.0,0.0,0.0,0.0,0.0,1.0
2025-04-13T02:00:00.0,0.0,0.0,0.0,0.0,1.0
2025-04-13T03:00:00.0,0.0,0.0,0.0,0.0,1.0
2025-04-13T04:00:00.0,0.0,0.0,0.0,0.0,1.0
2025-04-13T05:00:00.0,1.1794,0.085,1.0944,2.6139,0.9
2025-04-13T06:00:00.0,69.6648,28.956,40.7088,216.5787,0.7167
2025-04-13T07:00:00.0,209.3988,113.1633,96.2355,397.6699,1.0
2025-04-13T08:00:00.0,386.9997,272.0493,114.9503,645.249,1.0
2025-04-13T09:00:00.0,511.7186,340.9677,170.7509,633.1152,1.0
2025-04-13T10:00:00.0,476.0806,153.0014,323.0792,238.4865,1.0
2025-04-13T11:00:00.0,534.2314,284.9088,249.3226,399.1019,1.0
2025-04-13T12:00:00.0,508.4232,228.747,279.6762,312.3949,1.0
2025-04-13T13:00:00.0,682.5725,481.5755,200.997,674.9353,1.0
2025-04-13T14:00:00.0,598.8246,452.7853,146.0393,689.1509,1.0
2025-04-13T15:00:00.0,577.8113,480.254,97.5573,846.8971,1.0
2025-04-13T16:00:00.0,416.6361,315.8865,100.7496,705.6118,1.0
2025-04-13T17:00:00.0,246.6314,161.4859,85.1455,553.1224,1.0
2025-04-13T18:00:00.0,99.9,56.8532,43.0468,372.2267,1.0
2025-04-13T19:00:00.0,4.8824,1.1055,3.7769,23.9804,0.8417
2025-04-13T20:00:00.0,0.0,0.0,0.0,0.0,1.0
2025-04-13T21:00:00.0,0.0,0.0,0.0,0.0,1.0
2025-04-13T22:00:00.0,0.0,0.0,0.0,0.0,1.0
2025-04-13T23:00:00.0,0.0,0.0,0.0,0.0,1.0
2025-04-14T00:00:00.0,0.0,0.0,0.0,0.0,1.0
2025-04-14T01:00:00.0,0.0,0.0,0.0,0.0,1.0
2025-04-14T02:00:00.0,0.0,0.0,0.0,0.0,1.0
2025-04-14T03:00:00.0,0.0,0.0,0.0,0.0,1.0
2025-04-14T04:00:00.0,0.0,0.0,0.0,0.0,1.0
2025-04-14T05:00:00.0,0.4331,0.0,0.4331,0.0,0.8833
2025-04-14T06:00:00.0,37.5971,12.3601,25.237,68.1876,0.7167
2025-04-14T07:00:00.0,109.1212,33.0432,76.078,133.8893,1.0
2025-04-14T08:00:00.0,381.9779,295.6196,86.3583,686.3565,1.0
2025-04-14T09:00:00.0,481.2069,302.9357,178.2712,552.891,1.0
2025-04-14T10:00:00.0,583.3563,365.4945,217.8618,568.5135,1.0
2025-04-14T11:00:00.0,656.1904,429.979,226.2113,600.3797,1.0
2025-04-14T12:00:00.0,604.5788,297.6741,306.9047,403.2808,1.0
2025-04-14T13:00:00.0,555.2551,301.1283,254.1268,412.8495,1.0
2025-04-14T14:00:00.0,413.1407,117.6632,295.4774,182.3063,1.0
2025-04-14T15:00:00.0,460.8645,234.2809,226.5836,413.4842,1.0
2025-04-14T16:00:00.0,386.68,243.2434,143.4366,552.9164,1.0
2025-04-14T17:00:00.0,245.5277,159.2746,86.2531,515.9858,1.0
2025-04-14T18:00:00.0,102.3046,53.5657,48.7388,354.171,1.0
2025-04-14T19:00:00.0,6.1129,1.9112,4.2017,39.9668,0.825
2025-04-14T20:00:00.0,0.0,0.0,0.0,0.0,1.0
2025-04-14T21:00:00.0,0.0,0.0,0.0,0.0,1.0
2025-04-14T22:00:00.0,0.0,0.0,0.0,0.0,1.0
2025-04-14T23:00:00.0,0.0,0.0,0.0,0.0,1.0
2025-04-15T00:00:00.0,0.0,0.0,0.0,0.0,1.0
2025-04-15T01:00:00.0,0.0,0.0,0.0,0.0,1.0
2025-04-15T02:00:00.0,0.0,0.0,0.0,0.0,1.0
2025-04-15T03:00:00.0,0.0,0.0,0.0,0.0,1.0
2025-04-15T04:00:00.0,0.0,0.0,0.0,0.0,1.0
2025-04-15T05:00:00.0,0.5487,0.0,0.5487,0.0,0.8583
2025-04-15T06:00:00.0,34.8197,3.9992,30.8205,21.3578,0.7167
2025-04-15T07:00:00.0,204.691,77.3594,127.3316,271.0306,1.0
2025-04-15T08:00:00.0,344.9909,157.3135,187.6773,368.1606,1.0
2025-04-15T09:00:00.0,434.066,171.3307,262.7353,298.6583,1.0
2025-04-15T10:00:00.0,570.3938,266.38,304.0139,406.5162,1.0
2025-04-15T11:00:00.0,607.3473,214.8305,392.5168,299.477,1.0
2025-04-15T12:00:00.0,759.6721,576.5252,183.1468,776.6818,1.0
2025-04-15T13:00:00.0,750.9172,592.8444,158.0728,817.3826,1.0
2025-04-15T14:00:00.0,623.3685,396.4417,226.9267,588.0854,1.0
2025-04-15T15:00:00.0,470.6784,201.8865,268.7919,360.2325,1.0
2025-04-15T16:00:00.0,362.1177,159.4794,202.6382,348.7972,1.0
2025-04-15T17:00:00.0,247.0731,136.0889,110.9843,435.3205,1.0
2025-04-15T18:00:00.0,87.9537,15.8906,72.0631,87.0663,1.0
2025-04-15T19:00:00.0,4.8069,0.0015,4.8054,0.0302,0.8083
2025-04-15T20:00:00.0,0.0,0.0,0.0,0.0,1.0
2025-04-15T21:00:00.0,0.0,0.0,0.0,0.0,1.0
2025-04-15T22:00:00.0,0.0,0.0,0.0,0.0,1.0
2025-04-15T23:00:00.0,0.0,0.0,0.0,0.0,1.0
2025-04-16T00:00:00.0,0.0,0.0,0.0,0.0,1.0
2025-04-16T01:00:00.0,0.0,0.0,0.0,0.0,1.0
2025-04-16T02:00:00.0,0.0,0.0,0.0,0.0,1.0
2025-04-16T03:00:00.0,0.0,0.0,0.0,0.0,1.0
2025-04-16T04:00:00.0,0.0,0.0,0.0,0.0,1.0
2025-04-16T05:00:00.0,3.4356,0.8602,2.5753,22.0192,0.8417
2025-04-16T06:00:00.0,95.1392,57.6899,37.4493,405.032,0.7167
2025-04-16T07:00:00.0,262.3015,196.3932,65.9083,677.3378,1.0
2025-04-16T08:00:00.0,401.7186,294.0985,107.6201,672.5251,1.0
2025-04-16T09:00:00.0,568.3381,453.8285,114.5096,811.5994,1.0
2025-04-16T10:00:00.0,640.938,440.9875,199.9506,669.1638,1.0
2025-04-16T11:00:00.0,729.6451,546.2951,183.3501,755.0319,1.0
2025-04-16T12:00:00.0,801.1702,684.1963,116.9739,916.6553,1.0
2025-04-16T13:00:00.0,757.8777,610.1447,147.733,837.3223,1.0
2025-04-16T14:00:00.0,712.848,610.8331,102.0149,910.5518,1.0
2025-04-16T15:00:00.0,598.545,502.1755,96.3695,869.9678,1.0
2025-04-16T16:00:00.0,410.9094,290.8651,120.0443,625.8852,1.0
2025-04-16T17:00:00.0,243.3611,143.3677,99.9934,480.3397,1.0
2025-04-16T18:00:00.0,114.0667,69.5716,44.4951,427.083,1.0
2025-04-16T19:00:00.0,7.9657,2.3866,5.579,44.4159,0.8
2025-04-16T20:00:00.0,0.0,0.0,0.0,0.0,1.0
2025-04-16T21:00:00.0,0.0,0.0,0.0,0.0,1.0
2025-04-16T22:00:00.0,0.0,0.0,0.0,0.0,1.0
2025-04-16T23:00:00.0,0.0,0.0,0.0,0.0,1.0
2025-04-17T00:00:00.0,0.0,0.0,0.0,0.0,1.0
2025-04-17T01:00:00.0,0.0,0.0,0.0,0.0,1.0
2025-04-17T02:00:00.0,0.0,0.0,0.0,0.0,1.0
2025-04-17T03:00:00.0,0.0,0.0,0.0,0.0,1.0
2025-04-17T04:00:00.0,0.0,0.0,0.0,0.0,1.0
2025-04-17T05:00:00.0,2.4023,0.0005,2.4017,0.0125,0.825
2025-04-17T06:00:00.0,66.952,9.7569,57.1951,51.3393,0.8417
2025-04-17T07:00:00.0,232.6101,127.4655,105.1446,433.0084,1.0
2025-04-17T08:00:00.0,351.5345,204.2353,147.2992,461.3596,1.0
2025-04-17T09:00:00.0,271.5864,138.7086,132.8778,262.9875,1.0
2025-04-17T10:00:00.0,303.3116,14.7855,288.5261,21.8066,1.0
2025-04-17T11:00:00.0,400.5476,47.5611,352.9865,64.972,1.0
2025-04-17T12:00:00.0,461.5829,79.4801,382.1027,105.945,1.0
2025-04-17T13:00:00.0,518.209,134.5101,383.699,182.5271,1.0
2025-04-17T14:00:00.0,395.1694,41.706,353.4634,62.1656,1.0
2025-04-17T15:00:00.0,317.7096,23.6663,294.0433,39.6867,1.0
2025-04-17T16:00:00.0,269.2099,116.6454,152.5645,277.39,1.0
2025-04-17T17:00:00.0,139.5471,29.479,110.0682,88.9688,0.9083
2025-04-17T18:00:00.0,90.3763,34.6056,55.7707,204.8605,0.8417
2025-04-17T19:00:00.0,8.2569,1.7218,6.5351,30.4645,0.7833
2025-04-17T20:00:00.0,0.0,0.0,0.0,0.0,1.0
2025-04-17T21:00:00.0,0.0,0.0,0.0,0.0,1.0
2025-04-17T22:00:00.0,0.0,0.0,0.0,0.0,1.0
2025-04-17T23:00:00.0,0.0,0.0,0.0,0.0,1.0
2025-04-18T00:00:00.0,0.0,0.0,0.0,0.0,1.0
2025-04-18T01:00:00.0,0.0,0.0,0.0,0.0,1.0
2025-04-18T02:00:00.0,0.0,0.0,0.0,0.0,1.0
2025-04-18T03:00:00.0,0.0,0.0,0.0,0.0,1.0
2025-04-18T04:00:00.0,0.0,0.0,0.0,0.0,1.0
2025-04-18T05:00:00.0,3.2062,0.0018,3.2043,0.0402,0.8083
2025-04-18T06:00:00.0,44.0386,0.1861,43.8525,1.0175,0.8417
2025-04-18T07:00:00.0,134.9366,47.3181,87.6185,147.6781,1.0
2025-04-18T08:00:00.0,39.5557,0.0013,39.5544,0.0025,1.0
2025-04-18T09:00:00.0,78.3996,0.0484,78.3513,0.0903,1.0
2025-04-18T10:00:00.0,108.3133,0.0111,108.3021,0.0162,1.0
2025-04-18T11:00:00.0,199.5388,0.6255,198.9133,0.8537,1.0
2025-04-18T12:00:00.0,192.8607,0.3549,192.5058,0.47,1.0
2025-04-18T13:00:00.0,101.916,0.0529,101.8631,0.0705,1.0
2025-04-18T14:00:00.0,262.8928,126.1857,136.7071,189.9673,1.0
2025-04-18T15:00:00.0,181.5213,1.5499,179.9714,2.6899,1.0
2025-04-18T16:00:00.0,92.5898,0.1583,92.4315,0.3304,1.0
2025-04-18T17:00:00.0,104.082,3.2392,100.8428,9.548,1.0
2025-04-18T18:00:00.0,21.0007,2.5338,18.4669,25.3376,1.0
2025-04-18T19:00:00.0,8.7739,1.2074,7.5665,20.018,0.7667
2025-04-18T20:00:00.0,0.0,0.0,0.0,0.0,1.0
2025-04-18T21:00:00.0,0.0,0.0,0.0,0.0,1.0
2025-04-18T22:00:00.0,0.0,0.0,0.0,0.0,1.0
2025-04-18T23:00:00.0,0.0,0.0,0.0,0.0,1.0
2025-04-19T00:00:00.0,0.0,0.0,0.0,0.0,1.0
2025-04-19T01:00:00.0,0.0,0.0,0.0,0.0,1.0
2025-04-19T02:00:00.0,0.0,0.0,0.0,0.0,1.0
2025-04-19T03:00:00.0,0.0,0.0,0.0,0.0,1.0
2025-04-19T04:00:00.0,0.0,0.0,0.0,0.0,1.0
2025-04-19T05:00:00.0,0.9025,0.0,0.9025,0.0,0.7917
2025-04-19T06:00:00.0,12.9691,0.0,12.9691,0.0,0.8417
2025-04-19T07:00:00.0,24.4435,0.0,24.4435,0.0,1.0
2025-04-19T08:00:00.0,40.0378,0.0,40.0378,0.0,1.0
2025-04-19T09:00:00.0,71.1262,0.0,71.1262,0.0,1.0
2025-04-19T10:00:00.0,93.6111,0.0005,93.6105,0.0008,1.0
2025-04-19T11:00:00.0,201.5253,0.4969,201.0284,0.6683,1.0
2025-04-19T12:00:00.0,233.1964,0.7866,232.4098,1.0365,1.0
2025-04-19T13:00:00.0,145.0259,0.215,144.8108,0.287,1.0
2025-04-19T14:00:00.0,95.0268,0.008,95.0188,0.0123,1.0
2025-04-19T15:00:00.0,68.0808,0.0027,68.0782,0.0042,1.0
2025-04-19T16:00:00.0,38.6971,0.0,38.6971,0.0,1.0
2025-04-19T17:00:00.0,75.8118,0.0327,75.7792,0.0999,1.0
2025-04-19T18:00:00.0,50.8259,0.012,50.8139,0.1119,1.0
2025-04-19T19:00:00.0,7.3128,0.0072,7.3056,0.1172,0.75
2025-04-19T20:00:00.0,0.0,0.0,0.0,0.0,1.0
2025-04-19T21:00:00.0,0.0,0.0,0.0,0.0,1.0
2025-04-19T22:00:00.0,0.0,0.0,0.0,0.0,1.0
2025-04-19T23:00:00.0,0.0,0.0,0.0,0.0,1.0
2025-04-20T00:00:00.0,0.0,0.0,0.0,0.0,1.0
2025-04-20T01:00:00.0,0.0,0.0,0.0,0.0,1.0
2025-04-20T02:00:00.0,0.0,0.0,0.0,0.0,1.0
2025-04-20T03:00:00.0,0.0,0.0,0.0,0.0,1.0
2025-04-20T04:00:00.0,0.0,0.0,0.0,0.0,1.0
2025-04-20T05:00:00.0,0.9549,0.0,0.9549,0.0,0.775
2025-04-20T06:00:00.0,22.9965,0.0,22.9965,0.0,0.8417
2025-04-20T07:00:00.0,33.8305,0.0,33.8305,0.0,1.0
2025-04-20T08:00:00.0,48.2674,0.0008,48.2667,0.0015,1.0
2025-04-20T09:00:00.0,118.427,0.0026,118.4244,0.0044,1.0
2025-04-20T10:00:00.0,188.8258,0.2987,188.5271,0.429,1.0
2025-04-20T11:00:00.0,247.028,1.6147,245.4133,2.1697,1.0
2025-04-20T12:00:00.0,297.2587,17.8347,279.424,23.4117,1.0
2025-04-20T13:00:00.0,391.0789,40.5355,350.5433,54.0925,1.0
2025-04-20T14:00:00.0,431.8653,75.6168,356.2485,111.6524,1.0
2025-04-20T15:00:00.0,575.0222,423.1774,151.8448,717.5443,1.0
2025-04-20T16:00:00.0,214.3675,37.3022,177.0653,71.5141,1.0
2025-04-20T17:00:00.0,128.696,8.2329,120.4631,24.9184,1.0
2025-04-20T18:00:00.0,51.9041,0.9278,50.9763,5.2786,1.0
2025-04-20T19:00:00.0,9.4309,2.2681,7.1628,38.6973,0.8667
2025-04-20T20:00:00.0,0.0,0.0,0.0,0.0,1.0
2025-04-20T21:00:00.0,0.0,0.0,0.0,0.0,1.0
2025-04-20T22:00:00.0,0.0,0.0,0.0,0.0,1.0
2025-04-20T23:00:00.0,0.0,0.0,0.0,0.0,1.0
2025-04-21T00:00:00.0,0.0,0.0,0.0,0.0,1.0
2025-04-21T01:00:00.0,0.0,0.0,0.0,0.0,1.0
2025-04-21T02:00:00.0,0.0,0.0,0.0,0.0,1.0
2025-04-21T03:00:00.0,0.0,0.0,0.0,0.0,1.0
2025-04-21T04:00:00.0,0.0,0.0,0.0,0.0,1.0
2025-04-21T05:00:00.0,9.1988,2.9884,6.2104,53.33,0.7583
2025-04-21T06:00:00.0,118.8208,75.5961,43.2246,455.9732,0.8417
2025-04-21T07:00:00.0,287.1869,220.401,66.7859,699.9023,1.0
2025-04-21T08:00:00.0,456.8574,377.2453,79.6121,821.3241,1.0
2025-04-21T09:00:00.0,509.2755,315.6475,193.628,551.9004,1.0
2025-04-21T10:00:00.0,542.4002,269.449,272.9512,402.7429,1.0
2025-04-21T11:00:00.0,572.7333,284.4193,288.3139,381.0995,1.0
2025-04-21T12:00:00.0,696.3166,441.9428,254.3738,577.153,1.0
2025-04-21T13:00:00.0,567.02,216.0291,350.9909,287.1964,1.0
2025-04-21T14:00:00.0,522.5683,151.7933,370.775,219.7164,1.0
2025-04-21T15:00:00.0,500.4169,210.5576,289.8593,354.0194,1.0
2025-04-21T16:00:00.0,396.1949,205.5143,190.6805,445.8203,1.0
2025-04-21T17:00:00.0,280.5022,182.3656,98.1366,545.5703,1.0
2025-04-21T18:00:00.0,122.4236,63.6153,58.8083,350.5726,1.0
2025-04-21T19:00:00.0,13.3057,3.506,9.7997,52.4449,0.8583
2025-04-21T20:00:00.0,0.0,0.0,0.0,0.0,1.0
2025-04-21T21:00:00.0,0.0,0.0,0.0,0.0,1.0
2025-04-21T22:00:00.0,0.0,0.0,0.0,0.0,1.0
2025-04-21T23:00:00.0,0.0,0.0,0.0,0.0,1.0
2025-04-22T00:00:00.0,0.0,0.0,0.0,0.0,1.0
2025-04-22T01:00:00.0,0.0,0.0,0.0,0.0,1.0
2025-04-22T02:00:00.0,0.0,0.0,0.0,0.0,1.0
2025-04-22T03:00:00.0,0.0,0.0,0.0,0.0,1.0
2025-04-22T04:00:00.0,0.0,0.0,0.0,0.0,1.0
2025-04-22T05:00:00.0,1.2705,0.0,1.2705,0.0,0.7417
2025-04-22T06:00:00.0,13.5661,0.0,13.5661,0.0,0.8417
2025-04-22T07:00:00.0,34.1193,0.0,34.1193,0.0,1.0
2025-04-22T08:00:00.0,84.1893,0.0901,84.0993,0.1969,1.0
2025-04-22T09:00:00.0,207.2243,10.4269,196.7974,17.0682,1.0
2025-04-22T10:00:00.0,136.9033,0.1307,136.7726,0.2013,1.0
2025-04-22T11:00:00.0,162.3806,0.1599,162.2207,0.2106,1.0
2025-04-22T12:00:00.0,244.9589,1.1607,243.7982,1.508,1.0
2025-04-22T13:00:00.0,180.6845,0.318,180.3665,0.4183,1.0
2025-04-22T14:00:00.0,163.9987,0.2013,163.7974,0.3023,1.0
2025-04-22T15:00:00.0,95.4526,3.5806,91.872,6.488,1.0
2025-04-22T16:00:00.0,223.5376,51.3573,172.1803,99.805,1.0
2025-04-22T17:00:00.0,139.8487,7.3755,132.4732,24.8548,1.0
2025-04-22T18:00:00.0,127.6278,75.9005,51.7273,432.3594,1.0
2025-04-22T19:00:00.0,16.3434,6.479,9.8644,93.3299,0.8333
2025-04-22T20:00:00.0,0.0,0.0,0.0,0.0,1.0
2025-04-22T21:00:00.0,0.0,0.0,0.0,0.0,1.0
2025-04-22T22:00:00.0,0.0,0.0,0.0,0.0,1.0
2025-04-22T23:00:00.0,0.0,0.0,0.0,0.0,1.0
2025-04-23T00:00:00.0,0.0,0.0,0.0,0.0,1.0
2025-04-23T01:00:00.0,0.0,0.0,0.0,0.0,1.0
2025-04-23T02:00:00.0,0.0,0.0,0.0,0.0,1.0
2025-04-23T03:00:00.0,0.0,0.0,0.0,0.0,1.0
2025-04-23T04:00:00.0,0.0,0.0,0.0,0.0,1.0
2025-04-23T05:00:00.0,12.4343,4.263,8.1713,68.0695,0.725
2025-04-23T06:00:00.0,105.7076,56.8942,48.8134,357.9264,0.8417
2025-04-23T07:00:00.0,172.6066,26.861,145.7457,78.1008,1.0
2025-04-23T08:00:00.0,166.356,3.0142,163.3418,7.0743,1.0
2025-04-23T09:00:00.0,245.6653,8.8748,236.7904,15.6133,1.0
2025-04-23T10:00:00.0,285.9738,8.8054,277.1684,12.4153,1.0
2025-04-23T11:00:00.0,356.5794,23.0131,333.5663,30.9551,1.0
2025-04-23T12:00:00.0,433.2571,68.9081,364.349,89.0767,1.0
2025-04-23T13:00:00.0,636.6197,279.3873,357.2324,369.3863,1.0
2025-04-23T14:00:00.0,421.288,72.2215,349.0665,103.2454,1.0
2025-04-23T15:00:00.0,206.9683,5.2765,201.6918,8.4956,1.0
2025-04-23T16:00:00.0,200.031,15.1156,184.9154,34.9858,1.0
2025-04-23T17:00:00.0,211.8557,63.3376,148.518,183.0684,1.0
2025-04-23T18:00:00.0,73.1757,1.6653,71.5104,7.7884,1.0
2025-04-23T19:00:00.0,10.1999,0.0177,10.1822,0.1911,0.825
2025-04-23T20:00:00.0,0.0,0.0,0.0,0.0,1.0
2025-04-23T21:00:00.0,0.0,0.0,0.0,0.0,1.0
2025-04-23T22:00:00.0,0.0,0.0,0.0,0.0,1.0
2025-04-23T23:00:00.0,0.0,0.0,0.0,0.0,1.0
2025-04-24T00:00:00.0,0.0,0.0,0.0,0.0,1.0
2025-04-24T01:00:00.0,0.0,0.0,0.0,0.0,1.0
2025-04-24T02:00:00.0,0.0,0.0,0.0,0.0,1.0
2025-04-24T03:00:00.0,0.0,0.0,0.0,0.0,1.0
2025-04-24T04:00:00.0,0.0,0.0,0.0,0.0,1.0
2025-04-24T05:00:00.0,1.4356,0.0,1.4356,0.0,0.7083
2025-04-24T06:00:00.0,12.6866,0.0,12.6866,0.0,0.8417
2025-04-24T07:00:00.0,28.608,0.0,28.608,0.0,1.0
2025-04-24T08:00:00.0,46.4354,0.0232,46.4123,0.0432,1.0
2025-04-24T09:00:00.0,165.0248,0.8912,164.1335,1.5801,1.0
2025-04-24T10:00:00.0,201.9379,0.6715,201.2664,0.9478,1.0
2025-04-24T11:00:00.0,259.4772,2.1566,257.3205,2.8694,1.0
2025-04-24T12:00:00.0,237.3543,1.0807,236.2735,1.39,1.0
2025-04-24T13:00:00.0,359.0033,147.7894,211.2139,193.9246,1.0
2025-04-24T14:00:00.0,190.769,0.3142,190.4548,0.4594,1.0
2025-04-24T15:00:00.0,115.0546,0.0485,115.0061,0.0746,1.0
2025-04-24T16:00:00.0,95.545,0.0196,95.5254,0.0456,1.0
2025-04-24T17:00:00.0,132.3493,2.9325,129.4168,8.7604,1.0
2025-04-24T18:00:00.0,15.2834,0.0,15.2834,0.0,1.0
2025-04-24T19:00:00.0,8.2012,0.0,8.2012,0.0001,0.8083
2025-04-24T20:00:00.0,0.0,0.0,0.0,0.0,1.0
2025-04-24T21:00:00.0,0.0,0.0,0.0,0.0,1.0
2025-04-24T22:00:00.0,0.0,0.0,0.0,0.0,1.0
2025-04-24T23:00:00.0,0.0,0.0,0.0,0.0,1.0
2025-04-25T00:00:00.0,0.0,0.0,0.0,0.0,1.0
2025-04-25T01:00:00.0,0.0,0.0,0.0,0.0,1.0
2025-04-25T02:00:00.0,0.0,0.0,0.0,0.0,1.0
2025-04-25T03:00:00.0,0.0,0.0,0.0,0.0,1.0
2025-04-25T04:00:00.0,0.0,0.0,0.0,0.0,1.0
2025-04-25T05:00:00.0,13.1479,2.184,10.9639,31.2379,0.6917
2025-04-25T06:00:00.0,46.251,6.6541,39.5969,52.9099,0.9667
2025-04-25T07:00:00.0,70.1318,4.2368,65.895,10.8637,1.0
2025-04-25T08:00:00.0,158.9716,4.8005,154.1711,10.0072,1.0
2025-04-25T09:00:00.0,414.2736,162.358,251.9156,274.6929,1.0
2025-04-25T10:00:00.0,403.0244,66.2133,336.8111,94.9025,1.0
2025-04-25T11:00:00.0,511.8572,169.2784,342.5787,225.864,1.0
2025-04-25T12:00:00.0,456.8567,58.2215,398.6352,74.58,1.0
2025-04-25T13:00:00.0,441.3725,147.932,293.4405,191.5253,1.0
2025-04-25T14:00:00.0,189.2666,3.2902,185.9764,4.9329,1.0
2025-04-25T15:00:00.0,290.3058,97.1775,193.1283,151.3025,1.0
2025-04-25T16:00:00.0,164.8959,2.3329,162.5631,5.2227,1.0
2025-04-25T17:00:00.0,138.7528,47.4226,91.3301,121.9549,1.0
2025-04-25T18:00:00.0,18.7777,0.1207,18.6569,1.0674,1.0
2025-04-25T19:00:00.0,16.0033,2.3217,13.6815,31.435,0.7917
2025-04-25T20:00:00.0,0.0,0.0,0.0,0.0,1.0
2025-04-25T21:00:00.0,0.0,0.0,0.0,0.0,1.0
2025-04-25T22:00:00.0,0.0,0.0,0.0,0.0,1.0
2025-04-25T23:00:00.0,0.0,0.0,0.0,0.0,1.0
2025-04-26T00:00:00.0,0.0,0.0,0.0,0.0,1.0
2025-04-26T01:00:00.0,0.0,0.0,0.0,0.0,1.0
2025-04-26T02:00:00.0,0.0,0.0,0.0,0.0,1.0
2025-04-26T03:00:00.0,0.0,0.0,0.0,0.0,1.0
2025-04-26T04:00:00.0,0.0,0.0,0.0,0.0,1.0
2025-04-26T05:00:00.0,8.862,0.0002,8.8618,0.0033,0.675
2025-04-26T06:00:00.0,76.7091,3.4061,73.303,14.1772,0.9667
2025-04-26T07:00:00.0,234.1461,100.6441,133.502,279.6119,1.0
2025-04-26T08:00:00.0,337.4669,125.9724,211.4945,263.0915,1.0
2025-04-26T09:00:00.0,577.9713,419.009,158.9622,695.3447,1.0
2025-04-26T10:00:00.0,629.748,387.4107,242.3373,555.1492,1.0
2025-04-26T11:00:00.0,781.3114,612.6058,168.7056,802.5086,1.0
2025-04-26T12:00:00.0,835.1874,705.4561,129.7314,899.5856,1.0
2025-04-26T13:00:00.0,767.3698,579.0311,188.3386,756.309,1.0
2025-04-26T14:00:00.0,737.0252,614.8953,122.1299,869.5654,1.0
2025-04-26T15:00:00.0,596.0715,451.5756,144.4959,740.7569,1.0
2025-04-26T16:00:00.0,476.015,372.3519,103.6632,757.7984,1.0
2025-04-26T17:00:00.0,299.9677,207.645,92.3226,595.0455,1.0
2025-04-26T18:00:00.0,134.6447,65.9435,68.7012,302.1406,1.0
2025-04-26T19:00:00.0,20.6615,5.2122,15.4494,65.3556,0.7833
2025-04-26T20:00:00.0,0.0,0.0,0.0,0.0,1.0
2025-04-26T21:00:00.0,0.0,0.0,0.0,0.0,1.0
2025-04-26T22:00:00.0,0.0,0.0,0.0,0.0,1.0
2025-04-26T23:00:00.0,0.0,0.0,0.0,0.0,1.0
2025-04-27T00:00:00.0,0.0,0.0,0.0,0.0,1.0
2025-04-27T01:00:00.0,0.0,0.0,0.0,0.0,1.0
2025-04-27T02:00:00.0,0.0,0.0,0.0,0.0,1.0
2025-04-27T03:00:00.0,0.0,0.0,0.0,0.0,1.0
2025-04-27T04:00:00.0,0.0,0.0,0.0,0.0,1.0
2025-04-27T05:00:00.0,2.1222,0.0,2.1222,0.0,0.6583
2025-04-27T06:00:00.0,13.3148,0.0,13.3148,0.0,0.9667
2025-04-27T07:00:00.0,48.3443,0.0,48.3443,0.0,1.0
2025-04-27T08:00:00.0,79.5954,0.1251,79.4704,0.2282,1.0
2025-04-27T09:00:00.0,317.3621,34.5033,282.8587,55.8548,1.0
2025-04-27T10:00:00.0,353.1823,27.3702,325.812,39.1285,1.0
2025-04-27T11:00:00.0,300.0634,7.1513,292.9121,9.4524,1.0
2025-04-27T12:00:00.0,384.7925,30.0758,354.7167,38.1821,1.0
2025-04-27T13:00:00.0,310.9808,12.6357,298.3451,16.2585,1.0
2025-04-27T14:00:00.0,270.2338,6.2449,263.989,9.0444,1.0
2025-04-27T15:00:00.0,236.6807,8.8457,227.835,15.0302,1.0
2025-04-27T16:00:00.0,398.8884,207.5868,191.3016,425.0202,1.0
2025-04-27T17:00:00.0,133.0983,22.4623,110.636,54.8508,1.0
2025-04-27T18:00:00.0,13.5265,0.0002,13.5263,0.0016,1.0
2025-04-27T19:00:00.0,12.5424,0.0042,12.5382,0.054,0.7667
2025-04-27T20:00:00.0,0.0,0.0,0.0,0.0,1.0
2025-04-27T21:00:00.0,0.0,0.0,0.0,0.0,1.0
2025-04-27T22:00:00.0,0.0,0.0,0.0,0.0,1.0
2025-04-27T23:00:00.0,0.0,0.0,0.0,0.0,1.0
2025-04-28T00:00:00.0,0.0,0.0,0.0,0.0,1.0
2025-04-28T01:00:00.0,0.0,0.0,0.0,0.0,1.0
2025-04-28T02:00:00.0,0.0,0.0,0.0,0.0,1.0
2025-04-28T03:00:00.0,0.0,0.0,0.0,0.0,1.0
2025-04-28T04:00:00.0,0.0,0.0,0.0,0.0,1.0
2025-04-28T05:00:00.0,2.4802,0.0,2.4802,0.0,0.6417
2025-04-28T06:00:00.0,14.4105,0.0,14.4105,0.0,0.9667
2025-04-28T07:00:00.0,103.447,3.1966,100.2504,8.1531,1.0
2025-04-28T08:00:00.0,279.3785,25.6257,253.7528,51.6796,1.0
2025-04-28T09:00:00.0,382.1693,50.8256,331.3437,83.253,1.0
2025-04-28T10:00:00.0,494.3422,84.4972,409.8451,118.6563,1.0
2025-04-28T11:00:00.0,567.9832,116.3373,451.6459,150.9708,1.0
2025-04-28T12:00:00.0,630.1177,173.4452,456.6725,219.2707,1.0
2025-04-28T13:00:00.0,599.1165,155.5058,443.6108,200.8681,1.0
2025-04-28T14:00:00.0,481.9616,84.2282,397.7334,118.6989,1.0
2025-04-28T15:00:00.0,444.1866,99.9316,344.2549,160.6306,1.0
2025-04-28T16:00:00.0,349.9237,93.1587,256.765,191.7337,1.0
2025-04-28T17:00:00.0,253.7187,96.91,156.8088,269.3924,1.0
2025-04-28T18:00:00.0,127.9482,46.6222,81.3261,236.1306,1.0
2025-04-28T19:00:00.0,22.8811,5.3918,17.4893,62.7477,0.75
2025-04-28T20:00:00.0,0.0,0.0,0.0,0.0,1.0
2025-04-28T21:00:00.0,0.0,0.0,0.0,0.0,1.0
2025-04-28T22:00:00.0,0.0,0.0,0.0,0.0,1.0
2025-04-28T23:00:00.0,0.0,0.0,0.0,0.0,1.0
2025-04-29T00:00:00.0,0.0,0.0,0.0,0.0,1.0
2025-04-29T01:00:00.0,0.0,0.0,0.0,0.0,1.0
2025-04-29T02:00:00.0,0.0,0.0,0.0,0.0,1.0
2025-04-29T03:00:00.0,0.0,0.0,0.0,0.0,1.0
2025-04-29T04:00:00.0,0.0,0.0,0.0,0.0,1.0
2025-04-29T05:00:00.0,20.9566,5.3731,15.5835,65.7224,0.625
2025-04-29T06:00:00.0,121.0301,44.3236,76.7065,231.0248,0.9667
2025-04-29T07:00:00.0,234.988,68.5386,166.4494,191.3618,1.0
2025-04-29T08:00:00.0,427.9638,251.3021,176.6618,512.29,1.0
2025-04-29T09:00:00.0,549.1017,332.1635,216.9382,537.7181,1.0
2025-04-29T10:00:00.0,679.484,441.1178,238.3662,618.071,1.0
2025-04-29T11:00:00.0,743.8789,473.0802,270.7987,612.3025,1.0
2025-04-29T12:00:00.0,781.9739,531.7186,250.2553,669.418,1.0
2025-04-29T13:00:00.0,776.4174,559.6409,216.7764,721.217,1.0
2025-04-29T14:00:00.0,668.3806,378.2259,290.1547,527.4167,1.0
2025-04-29T15:00:00.0,558.3274,301.3122,257.0152,482.1911,1.0
2025-04-29T16:00:00.0,411.119,191.9614,219.1576,382.9482,1.0
2025-04-29T17:00:00.0,281.3116,140.218,141.0936,386.7706,1.0
2025-04-29T18:00:00.0,137.7361,58.0651,79.671,283.4067,1.0
2025-04-29T19:00:00.0,26.4941,8.453,18.0411,102.7476,0.8667
2025-04-29T20:00:00.0,0.0,0.0,0.0,0.0,1.0
2025-04-29T21:00:00.0,0.0,0.0,0.0,0.0,1.0
2025-04-29T22:00:00.0,0.0,0.0,0.0,0.0,1.0
2025-04-29T23:00:00.0,0.0,0.0,0.0,0.0,1.0
2025-04-30T00:00:00.0,0.0,0.0,0.0,0.0,1.0
2025-04-30T01:00:00.0,0.0,0.0,0.0,0.0,1.0
2025-04-30T02:00:00.0,0.0,0.0,0.0,0.0,1.0
2025-04-30T03:00:00.0,0.0,0.0,0.0,0.0,1.0
2025-04-30T04:00:00.0,0.0,0.0,0.0,0.0,1.0
2025-04-30T05:00:00.0,19.3787,2.1077,17.271,25.5299,0.6083
2025-04-30T06:00:00.0,135.9939,69.4913,66.5027,312.2343,0.9667
2025-04-30T07:00:00.0,306.7544,211.588,95.1664,599.4711,1.0
2025-04-30T08:00:00.0,450.3421,320.4083,129.9338,640.4477,1.0
2025-04-30T09:00:00.0,631.1929,522.6104,108.5825,841.4718,1.0
2025-04-30T10:00:00.0,745.6425,632.5152,113.1273,883.2742,1.0
2025-04-30T11:00:00.0,818.8397,704.6233,114.2164,907.6588,1.0
2025-04-30T12:00:00.0,844.1164,729.1667,114.9496,914.2922,1.0
2025-04-30T13:00:00.0,819.5797,703.889,115.6907,904.3655,1.0
2025-04-30T14:00:00.0,748.2028,634.5535,113.6493,881.2897,1.0
2025-04-30T15:00:00.0,635.6846,527.3979,108.2867,841.573,1.0
2025-04-30T16:00:00.0,490.9763,392.4146,98.5616,777.3096,1.0
2025-04-30T17:00:00.0,326.5609,243.9323,82.6286,671.4454,1.0
2025-04-30T18:00:00.0,161.0998,103.8769,57.2229,485.937,1.0
2025-04-30T19:00:00.0,30.3292,12.8814,17.4477,145.1629,0.85
2025-04-30T20:00:00.0,0.0,0.0,0.0,0.0,1.0
2025-04-30T21:00:00.0,0.0,0.0,0.0,0.0,1.0
2025-04-30T22:00:00.0,0.0,0.0,0.0,0.0,1.0
2025-04-30T23:00:00.0,0.0,0.0,0.0,0.0,1.0
2025-05-01T00:00:00.0,0.0,0.0,0.0,0.0,1.0
2025-05-01T01:00:00.0,0.0,0.0,0.0,0.0,1.0
2025-05-01T02:00:00.0,0.0,0.0,0.0,0.0,1.0
2025-05-01T03:00:00.0,0.0,0.0,0.0,0.0,1.0
2025-05-01T04:00:00.0,0.0,0.0,0.0,0.0,1.0
2025-05-01T05:00:00.0,20.4716,2.3115,18.1601,26.9038,0.5917
2025-05-01T06:00:00.0,146.4463,82.2523,64.194,366.5742,0.9667
2025-05-01T07:00:00.0,318.8759,231.5455,87.3305,644.366,1.0
2025-05-01T08:00:00.0,482.6597,375.241,107.4187,748.006,1.0
2025-05-01T09:00:00.0,626.3631,501.6698,124.6932,803.2789,1.0
2025-05-01T10:00:00.0,737.2636,595.5739,141.6897,827.8421,1.0
2025-05-01T11:00:00.0,807.1865,651.4808,155.7057,835.7425,1.0
2025-05-01T12:00:00.0,829.2648,660.9733,168.2914,825.5104,1.0
2025-05-01T13:00:00.0,801.4316,623.4374,177.9942,797.7214,1.0
2025-05-01T14:00:00.0,690.5204,473.2441,217.2763,654.9401,1.0
2025-05-01T15:00:00.0,610.3636,432.4635,177.9002,686.023,1.0
2025-05-01T16:00:00.0,462.6336,300.9622,161.6713,591.1655,1.0
2025-05-01T17:00:00.0,297.9905,167.9969,129.9936,455.6904,1.0
2025-05-01T18:00:00.0,140.4523,59.6607,80.7916,270.0459,1.0
2025-05-01T19:00:00.0,26.6513,5.6409,21.0104,59.6847,0.8417
2025-05-01T20:00:00.0,0.0,0.0,0.0,0.0,1.0
2025-05-01T21:00:00.0,0.0,0.0,0.0,0.0,1.0
2025-05-01T22:00:00.0,0.0,0.0,0.0,0.0,1.0
2025-05-01T23:00:00.0,0.0,0.0,0.0,0.0,1.0
2025-05-02T00:00:00.0,0.0,0.0,0.0,0.0,1.0
2025-05-02T01:00:00.0,0.0,0.0,0.0,0.0,1.0
2025-05-02T02:00:00.0,0.0,0.0,0.0,0.0,1.0
2025-05-02T03:00:00.0,0.0,0.0,0.0,0.0,1.0
2025-05-02T04:00:00.0,0.0,0.0,0.0,0.0,1.0
2025-05-02T05:00:00.0,7.372,0.0,7.372,0.0,0.575
2025-05-02T06:00:00.0,82.5274,9.7222,72.8052,36.8871,0.9667
2025-05-02T07:00:00.0,263.9109,106.492,157.419,285.4691,1.0
2025-05-02T08:00:00.0,429.1291,253.308,175.8211,500.14,1.0
2025-05-02T09:00:00.0,577.6318,366.8092,210.8226,583.4911,1.0
2025-05-02T10:00:00.0,743.6428,608.0375,135.6053,840.0524,1.0
2025-05-02T11:00:00.0,822.5302,705.0876,117.4425,900.6518,1.0
2025-05-02T12:00:00.0,849.2936,738.4768,110.8168,918.7488,1.0
2025-05-02T13:00:00.0,826.0223,716.1508,109.8715,912.9117,1.0
2025-05-02T14:00:00.0,756.1406,649.5944,106.5462,894.551,1.0
2025-05-02T15:00:00.0,645.2846,544.7449,100.5397,860.6842,1.0
2025-05-02T16:00:00.0,502.1845,411.0661,91.1184,804.0453,1.0
2025-05-02T17:00:00.0,338.801,262.0768,76.7242,708.5806,1.0
2025-05-02T18:00:00.0,172.3499,117.3907,54.9592,532.7229,1.0
2025-05-02T19:00:00.0,35.8974,16.8598,19.0376,181.0077,0.825
2025-05-02T20:00:00.0,0.0,0.0,0.0,0.0,1.0
2025-05-02T21:00:00.0,0.0,0.0,0.0,0.0,1.0
2025-05-02T22:00:00.0,0.0,0.0,0.0,0.0,1.0
2025-05-02T23:00:00.0,0.0,0.0,0.0,0.0,1.0
2025-05-03T00:00:00.0,0.0,0.0,0.0,0.0,1.0
2025-05-03T01:00:00.0,0.0,0.0,0.0,0.0,1.0
2025-05-03T02:00:00.0,0.0,0.0,0.0,0.0,1.0
2025-05-03T03:00:00.0,0.0,0.0,0.0,0.0,1.0
2025-05-03T04:00:00.0,0.0,0.0,0.0,0.0,1.0
2025-05-03T05:00:00.0,34.9093,16.6356,18.2737,183.5464,0.5583
2025-05-03T06:00:00.0,167.5369,109.2383,58.2985,508.089,0.9667
2025-05-03T07:00:00.0,317.888,222.8136,95.0744,608.3361,1.0
2025-05-03T08:00:00.0,469.3523,322.3048,147.0475,630.0598,1.0
2025-05-03T09:00:00.0,594.2517,373.9846,220.2671,594.3704,1.0
2025-05-03T10:00:00.0,715.5907,493.6867,221.9039,678.2355,1.0
2025-05-03T11:00:00.0,830.0856,712.5857,117.4998,906.7036,1.0
2025-05-03T12:00:00.0,818.2331,654.0228,164.2104,810.4601,1.0
2025-05-03T13:00:00.0,566.9213,195.5159,371.4055,247.2898,1.0
2025-05-03T14:00:00.0,238.9274,2.7566,236.1708,3.6602,1.0
2025-05-03T15:00:00.0,202.1351,13.973,188.1621,23.4209,1.0
2025-05-03T16:00:00.0,320.1314,81.201,238.9305,161.04,1.0
2025-05-03T17:00:00.0,248.6779,89.627,159.0509,245.0558,1.0
2025-05-03T18:00:00.0,144.6319,62.2969,82.335,306.7477,1.0
2025-05-03T19:00:00.0,39.1094,18.4867,20.6227,197.7157,0.8083
2025-05-03T20:00:00.0,0.0,0.0,0.0,0.0,1.0
2025-05-03T21:00:00.0,0.0,0.0,0.0,0.0,1.0
2025-05-03T22:00:00.0,0.0,0.0,0.0,0.0,1.0
2025-05-03T23:00:00.0,0.0,0.0,0.0,0.0,1.0
2025-05-04T00:00:00.0,0.0,0.0,0.0,0.0,1.0
2025-05-04T01:00:00.0,0.0,0.0,0.0,0.0,1.0
2025-05-04T02:00:00.0,0.0,0.0,0.0,0.0,1.0
2025-05-04T03:00:00.0,0.0,0.0,0.0,0.0,1.0
2025-05-04T04:00:00.0,0.0,0.0,0.0,0.0,1.0
2025-05-04T05:00:00.0,38.3602,19.3896,18.9706,209.2467,0.5417
2025-05-04T06:00:00.0,180.2399,126.8128,53.4272,575.1134,0.9667
2025-05-04T07:00:00.0,351.124,276.1119,75.0122,745.1227,1.0
2025-05-04T08:00:00.0,518.8669,428.8576,90.0092,836.7947,1.0
2025-05-04T09:00:00.0,664.6788,562.3395,102.3394,885.7134,1.0
2025-05-04T10:00:00.0,776.056,662.7418,113.3143,908.7664,1.0
2025-05-04T11:00:00.0,845.5293,723.8215,121.7078,917.4722,1.0
2025-05-04T12:00:00.0,868.4466,741.8069,126.6396,916.0551,1.0
2025-05-04T13:00:00.0,842.9988,715.1933,127.8055,904.8373,1.0
2025-05-04T14:00:00.0,770.5156,644.5303,125.9853,880.2844,1.0
2025-05-04T15:00:00.0,583.1876,398.6691,184.5185,611.722,1.0
2025-05-04T16:00:00.0,453.6212,291.0396,162.5816,575.3311,1.0
2025-05-04T17:00:00.0,259.134,129.9743,129.1597,317.1425,1.0
2025-05-04T18:00:00.0,96.813,4.6135,92.1995,24.204,1.0
2025-05-04T19:00:00.0,26.4773,0.9181,25.5591,7.3215,0.8
2025-05-04T20:00:00.0,0.0,0.0,0.0,0.0,1.0
2025-05-04T21:00:00.0,0.0,0.0,0.0,0.0,1.0
2025-05-04T22:00:00.0,0.0,0.0,0.0,0.0,1.0
2025-05-04T23:00:00.0,0.0,0.0,0.0,0.0,1.0
2025-05-05T00:00:00.0,0.0,0.0,0.0,0.0,1.0
2025-05-05T01:00:00.0,0.0,0.0,0.0,0.0,1.0
2025-05-05T02:00:00.0,0.0,0.0,0.0,0.0,1.0
2025-05-05T03:00:00.0,0.0,0.0,0.0,0.0,1.0
2025-05-05T04:00:00.0,0.0,0.0,0.0,0.0,1.0
2025-05-05T05:00:00.0,40.1929,19.8217,20.3712,208.0537,0.625
2025-05-05T06:00:00.0,181.7168,126.6658,55.051,563.4427,1.0
2025-05-05T07:00:00.0,352.6776,278.0961,74.5815,742.6377,1.0
2025-05-05T08:00:00.0,520.4083,434.4749,85.9333,841.822,1.0
2025-05-05T09:00:00.0,666.4274,570.3232,96.1042,893.631,1.0
2025-05-05T10:00:00.0,760.8351,624.3016,136.5335,853.7181,1.0
2025-05-05T11:00:00.0,832.5959,684.8635,147.7324,865.4509,1.0
2025-05-05T12:00:00.0,786.5421,532.6663,253.8757,655.5713,1.0
2025-05-05T13:00:00.0,735.3857,442.0522,293.3335,557.7622,1.0
2025-05-05T14:00:00.0,641.1387,365.3258,275.8128,492.7924,1.0
2025-05-05T15:00:00.0,543.8702,298.4467,245.4236,470.735,1.0
2025-05-05T16:00:00.0,513.3655,401.5846,111.7809,770.9301,1.0
2025-05-05T17:00:00.0,347.4752,254.2374,93.2378,668.735,1.0
2025-05-05T18:00:00.0,179.7425,114.424,65.3185,495.1263,1.0
2025-05-05T19:00:00.0,42.003,18.2861,23.7169,182.1271,0.7917
2025-05-05T20:00:00.0,0.0,0.0,0.0,0.0,1.0
2025-05-05T21:00:00.0,0.0,0.0,0.0,0.0,1.0
2025-05-05T22:00:00.0,0.0,0.0,0.0,0.0,1.0
2025-05-05T23:00:00.0,0.0,0.0,0.0,0.0,1.0
2025-05-06T00:00:00.0,0.0,0.0,0.0,0.0,1.0
2025-05-06T01:00:00.0,0.0,0.0,0.0,0.0,1.0
2025-05-06T02:00:00.0,0.0,0.0,0.0,0.0,1.0
2025-05-06T03:00:00.0,0.0,0.0,0.0,0.0,1.0
2025-05-06T04:00:00.0,0.0,0.0,0.0,0.0,1.0
2025-05-06T05:00:00.0,44.2155,23.8849,20.3306,245.5241,0.6083
2025-05-06T06:00:00.0,185.6369,134.563,51.0739,590.4489,1.0
2025-05-06T07:00:00.0,351.6452,276.7006,74.9447,728.915,1.0
2025-05-06T08:00:00.0,522.5997,437.4068,85.1929,842.1199,1.0
2025-05-06T09:00:00.0,668.4747,576.7432,91.7315,898.8621,1.0
2025-05-06T10:00:00.0,782.5887,691.0944,91.4943,939.5376,1.0
2025-05-06T11:00:00.0,855.2835,766.8105,88.473,964.671,1.0
2025-05-06T12:00:00.0,879.6059,790.1141,89.4918,968.85,1.0
2025-05-06T13:00:00.0,853.7964,758.978,94.8185,953.3709,1.0
2025-05-06T14:00:00.0,781.2546,683.3698,97.8849,926.0565,1.0
2025-05-06T15:00:00.0,667.6801,570.9006,96.7795,885.0911,1.0
2025-05-06T16:00:00.0,521.9482,431.2694,90.6788,823.1793,1.0
2025-05-06T17:00:00.0,355.9384,276.909,79.0294,722.5593,1.0
2025-05-06T18:00:00.0,187.5718,129.5703,58.0016,554.2673,1.0
2025-05-06T19:00:00.0,46.2198,23.1811,23.0387,228.6935,0.7833
2025-05-06T20:00:00.0,0.0068,0.0018,0.005,0.0,0.9833
2025-05-06T21:00:00.0,0.0,0.0,0.0,0.0,1.0
2025-05-06T22:00:00.0,0.0,0.0,0.0,0.0,1.0
2025-05-06T23:00:00.0,0.0,0.0,0.0,0.0,1.0
2025-05-07T00:00:00.0,0.0,0.0,0.0,0.0,1.0
2025-05-07T01:00:00.0,0.0,0.0,0.0,0.0,1.0
2025-05-07T02:00:00.0,0.0,0.0,0.0,0.0,1.0
2025-05-07T03:00:00.0,0.0,0.0,0.0,0.0,1.0
2025-05-07T04:00:00.0,0.0,0.0,0.0,0.0,1.0
2025-05-07T05:00:00.0,43.3498,19.6303,23.7195,194.0774,0.5917
2025-05-07T06:00:00.0,170.6503,96.8243,73.826,428.5669,1.0
2025-05-07T07:00:00.0,308.0032,167.0955,140.9077,430.5028,1.0
2025-05-07T08:00:00.0,457.4831,259.6734,197.8096,499.5378,1.0
2025-05-07T09:00:00.0,594.3093,348.8848,245.4245,540.6365,1.0
2025-05-07T10:00:00.0,698.0414,410.1089,287.9326,555.7648,1.0
2025-05-07T11:00:00.0,750.7043,426.6518,324.0526,532.8431,1.0
2025-05-07T12:00:00.0,860.8181,718.3153,142.5028,877.8291,1.0
2025-05-07T13:00:00.0,801.3807,588.868,212.5127,737.1227,1.0
2025-05-07T14:00:00.0,767.2634,636.7592,130.5042,859.7175,1.0
2025-05-07T15:00:00.0,655.8807,533.6666,122.2142,823.5986,1.0
2025-05-07T16:00:00.0,511.8018,400.0964,111.7054,759.0814,1.0
2025-05-07T17:00:00.0,347.8781,253.5196,94.3585,655.552,1.0
2025-05-07T18:00:00.0,177.6225,108.2905,69.332,453.6497,1.0
2025-05-07T19:00:00.0,43.4025,17.3121,26.0905,162.0004,0.7833
2025-05-07T20:00:00.0,0.0366,0.0009,0.0357,0.0,0.975
2025-05-07T21:00:00.0,0.0,0.0,0.0,0.0,1.0
2025-05-07T22:00:00.0,0.0,0.0,0.0,0.0,1.0
2025-05-07T23:00:00.0,0.0,0.0,0.0,0.0,1.0
2025-05-08T00:00:00.0,0.0,0.0,0.0,0.0,1.0
2025-05-08T01:00:00.0,0.0,0.0,0.0,0.0,1.0
2025-05-08T02:00:00.0,0.0,0.0,0.0,0.0,1.0
2025-05-08T03:00:00.0,0.0,0.0,0.0,0.0,1.0
2025-05-08T04:00:00.0,0.0227,0.0018,0.021,0.0,0.9833
2025-05-08T05:00:00.0,43.8752,18.0078,25.8674,170.3434,0.5917
2025-05-08T06:00:00.0,180.8513,113.8475,67.0038,480.4531,1.0
2025-05-08T07:00:00.0,348.2515,255.1778,93.0737,661.7045,1.0
2025-05-08T08:00:00.0,444.6723,274.6505,170.0218,537.7463,1.0
2025-05-08T09:00:00.0,442.2448,129.8394,312.4054,198.5437,1.0
2025-05-08T10:00:00.0,534.1288,171.1128,363.016,229.9987,1.0
2025-05-08T11:00:00.0,699.7568,358.5844,341.1724,448.2668,1.0
2025-05-08T12:00:00.0,818.4756,576.9883,241.4872,702.7761,1.0
2025-05-08T13:00:00.0,748.6971,463.1645,285.5326,576.7718,1.0
2025-05-08T14:00:00.0,680.0754,412.1709,267.9045,559.2448,1.0
2025-05-08T15:00:00.0,575.7432,335.1881,240.5551,521.3008,1.0
2025-05-08T16:00:00.0,500.486,348.1064,152.3796,656.977,1.0
2025-05-08T17:00:00.0,338.9863,217.4287,121.5576,557.0162,1.0
2025-05-08T18:00:00.0,175.8389,94.1759,81.663,388.3233,1.0
2025-05-08T19:00:00.0,44.6067,14.811,29.7958,135.1023,0.7833
2025-05-08T20:00:00.0,0.1001,0.0015,0.0986,0.0,0.9583
2025-05-08T21:00:00.0,0.0,0.0,0.0,0.0,1.0
2025-05-08T22:00:00.0,0.0,0.0,0.0,0.0,1.0
2025-05-08T23:00:00.0,0.0,0.0,0.0,0.0,1.0
2025-05-09T00:00:00.0,0.0,0.0,0.0,0.0,1.0
2025-05-09T01:00:00.0,0.0,0.0,0.0,0.0,1.0
2025-05-09T02:00:00.0,0.0,0.0,0.0,0.0,1.0
2025-05-09T03:00:00.0,0.0,0.0,0.0,0.0,1.0
2025-05-09T04:00:00.0,0.0094,0.0,0.0094,0.0,0.975
2025-05-09T05:00:00.0,5.6433,0.0,5.6433,0.0,0.5917
2025-05-09T06:00:00.0,46.4783,0.0123,46.466,0.0415,1.0
2025-05-09T07:00:00.0,215.6967,60.9894,154.7074,143.8529,1.0
2025-05-09T08:00:00.0,392.1801,169.5817,222.5983,318.9408,1.0
2025-05-09T09:00:00.0,568.0798,332.2262,235.8537,504.7342,1.0
2025-05-09T10:00:00.0,765.2952,603.6667,161.6286,810.9913,1.0
2025-05-09T11:00:00.0,838.1102,677.4456,160.6646,843.3906,1.0
2025-05-09T12:00:00.0,863.1414,703.5714,159.5701,854.2399,1.0
2025-05-09T13:00:00.0,838.7762,679.2921,159.4842,844.7208,1.0
2025-05-09T14:00:00.0,767.8676,612.5829,155.2846,820.9811,1.0
2025-05-09T15:00:00.0,654.1204,503.1891,150.9314,770.0262,1.0
2025-05-09T16:00:00.0,513.886,385.0085,128.8776,722.3336,1.0
2025-05-09T17:00:00.0,351.3125,245.4761,105.8363,624.5818,1.0
2025-05-09T18:00:00.0,187.2125,114.145,73.0675,467.1525,1.0
2025-05-09T19:00:00.0,50.3543,21.4792,28.8752,196.1777,0.9083
2025-05-09T20:00:00.0,0.1956,0.006,0.1896,0.0,0.95
2025-05-09T21:00:00.0,0.0,0.0,0.0,0.0,1.0
2025-05-09T22:00:00.0,0.0,0.0,0.0,0.0,1.0
2025-05-09T23:00:00.0,0.0,0.0,0.0,0.0,1.0
2025-05-10T00:00:00.0,0.0,0.0,0.0,0.0,1.0
2025-05-10T01:00:00.0,0.0,0.0,0.0,0.0,1.0
2025-05-10T02:00:00.0,0.0,0.0,0.0,0.0,1.0
2025-05-10T03:00:00.0,0.0,0.0,0.0,0.0,1.0
2025-05-10T04:00:00.0,0.0877,0.0,0.0877,0.0,0.9583
2025-05-10T05:00:00.0,26.566,0.0654,26.5006,0.447,0.5917
2025-05-10T06:00:00.0,144.7574,52.8459,91.9115,199.0422,1.0
2025-05-10T07:00:00.0,317.3524,196.3632,120.9892,493.9883,1.0
2025-05-10T08:00:00.0,515.5291,387.122,128.407,727.2609,1.0
2025-05-10T09:00:00.0,648.0388,487.4098,160.629,743.8989,1.0
2025-05-10T10:00:00.0,768.4688,602.4683,166.0005,806.5912,1.0
2025-05-10T11:00:00.0,837.5936,659.3124,178.2812,818.2233,1.0
2025-05-10T12:00:00.0,842.8088,635.1826,207.6263,768.7117,1.0
2025-05-10T13:00:00.0,797.043,570.1547,226.8882,708.6028,1.0
2025-05-10T14:00:00.0,771.0741,612.0712,159.0029,817.524,1.0
2025-05-10T15:00:00.0,660.54,516.236,144.3041,786.5856,1.0
2025-05-10T16:00:00.0,517.2586,390.5715,126.6871,728.8781,1.0
2025-05-10T17:00:00.0,354.4402,251.3296,103.1106,634.6804,1.0
2025-05-10T18:00:00.0,189.8009,118.0848,71.7161,476.7722,1.0
2025-05-10T19:00:00.0,52.1954,22.8231,29.3724,204.489,0.9083
2025-05-10T20:00:00.0,0.3208,0.0142,0.3065,0.0,0.9333
2025-05-10T21:00:00.0,0.0,0.0,0.0,0.0,1.0
2025-05-10T22:00:00.0,0.0,0.0,0.0,0.0,1.0
2025-05-10T23:00:00.0,0.0,0.0,0.0,0.0,1.0
2025-05-11T00:00:00.0,0.0,0.0,0.0,0.0,1.0
2025-05-11T01:00:00.0,0.0,0.0,0.0,0.0,1.0
2025-05-11T02:00:00.0,0.0,0.0,0.0,0.0,1.0
2025-05-11T03:00:00.0,0.0,0.0,0.0,0.0,1.0
2025-05-11T04:00:00.0,0.2078,0.0007,0.2072,0.0,0.9417
2025-05-11T05:00:00.0,37.7923,1.2086,36.5837,10.6984,0.5917
2025-05-11T06:00:00.0,159.9932,55.9843,104.0089,211.3124,1.0
2025-05-11T07:00:00.0,352.632,252.5226,100.1093,636.4932,1.0
2025-05-11T08:00:00.0,523.502,413.2118,110.2902,771.4108,1.0
2025-05-11T09:00:00.0,665.5131,537.2687,128.2445,818.7551,1.0
2025-05-11T10:00:00.0,749.514,551.4736,198.0404,738.5142,1.0
2025-05-11T11:00:00.0,737.6523,358.3081,379.3442,444.4847,1.0
2025-05-11T12:00:00.0,569.9399,130.8931,439.0468,157.9912,1.0
2025-05-11T13:00:00.0,501.9744,68.2845,433.6898,84.4525,1.0
2025-05-11T14:00:00.0,446.5724,59.2896,387.2827,78.2555,1.0
2025-05-11T15:00:00.0,183.9071,1.9734,181.9337,2.8223,1.0
2025-05-11T16:00:00.0,124.1539,0.0893,124.0646,0.1655,1.0
2025-05-11T17:00:00.0,163.7902,9.5319,154.2583,26.2199,1.0
2025-05-11T18:00:00.0,100.9256,5.0711,95.8545,23.9626,1.0
2025-05-11T19:00:00.0,35.1482,1.201,33.9472,7.8828,0.9083
2025-05-11T20:00:00.0,0.3549,0.0001,0.3549,0.0,0.925
2025-05-11T21:00:00.0,0.0,0.0,0.0,0.0,1.0
2025-05-11T22:00:00.0,0.0,0.0,0.0,0.0,1.0
2025-05-11T23:00:00.0,0.0,0.0,0.0,0.0,1.0
2025-05-12T00:00:00.0,0.0,0.0,0.0,0.0,1.0
2025-05-12T01:00:00.0,0.0,0.0,0.0,0.0,1.0
2025-05-12T02:00:00.0,0.0,0.0,0.0,0.0,1.0
2025-05-12T03:00:00.0,0.0,0.0,0.0,0.0,1.0
2025-05-12T04:00:00.0,0.2648,0.0003,0.2645,0.0,0.9333
2025-05-12T05:00:00.0,31.6306,0.4584,31.1722,3.8219,0.5917
2025-05-12T06:00:00.0,158.2459,70.5879,87.6581,265.0546,1.0
2025-05-12T07:00:00.0,253.7123,90.0102,163.702,224.8692,1.0
2025-05-12T08:00:00.0,429.1826,192.8492,236.3334,368.764,1.0
2025-05-12T09:00:00.0,624.613,426.5408,198.0722,642.0096,1.0
2025-05-12T10:00:00.0,751.3307,558.1064,193.2244,742.0911,1.0
2025-05-12T11:00:00.0,772.9473,477.4835,295.4637,591.0302,1.0
2025-05-12T12:00:00.0,559.1342,136.6581,422.476,164.4719,1.0
2025-05-12T13:00:00.0,413.5755,37.6077,375.9679,46.0407,1.0
2025-05-12T14:00:00.0,321.9352,16.3219,305.6133,21.9781,1.0
2025-05-12T15:00:00.0,113.7164,1.2668,112.4496,1.7928,1.0
2025-05-12T16:00:00.0,105.3772,0.064,105.3132,0.1292,1.0
2025-05-12T17:00:00.0,88.2714,0.0347,88.2366,0.0844,1.0
2025-05-12T18:00:00.0,37.0929,0.0042,37.0887,0.0135,1.0
2025-05-12T19:00:00.0,20.3757,0.1731,20.2026,2.6354,0.9083
2025-05-12T20:00:00.0,0.5377,0.0019,0.5358,0.0472,0.9167
2025-05-12T21:00:00.0,0.0,0.0,0.0,0.0,1.0
2025-05-12T22:00:00.0,0.0,0.0,0.0,0.0,1.0
2025-05-12T23:00:00.0,0.0,0.0,0.0,0.0,1.0
2025-05-13T00:00:00.0,0.0,0.0,0.0,0.0,1.0
2025-05-13T01:00:00.0,0.0,0.0,0.0,0.0,1.0
2025-05-13T02:00:00.0,0.0,0.0,0.0,0.0,1.0
2025-05-13T03:00:00.0,0.0,0.0,0.0,0.0,1.0
2025-05-13T04:00:00.0,0.4557,0.0071,0.4486,0.1845,0.9167
2025-05-13T05:00:00.0,40.0111,6.3491,33.6621,52.7604,0.5917
2025-05-13T06:00:00.0,172.9983,87.7312,85.2671,338.9151,1.0
2025-05-13T07:00:00.0,332.3687,207.9055,124.4632,514.038,1.0
2025-05-13T08:00:00.0,508.8808,367.1739,141.7069,677.9037,1.0
2025-05-13T09:00:00.0,626.802,442.0146,184.7874,666.264,1.0
2025-05-13T10:00:00.0,760.7995,593.9847,166.8148,786.6817,1.0
2025-05-13T11:00:00.0,832.3353,663.7621,168.5731,816.1526,1.0
2025-05-13T12:00:00.0,857.0573,688.1486,168.9087,825.605,1.0
2025-05-13T13:00:00.0,791.9579,560.2251,231.7328,686.0048,1.0
2025-05-13T14:00:00.0,538.6584,151.8921,386.7663,201.8602,1.0
2025-05-13T15:00:00.0,623.2875,419.0936,204.1939,637.7988,1.0
2025-05-13T16:00:00.0,517.8922,388.2353,129.657,713.285,1.0
2025-05-13T17:00:00.0,357.9084,251.1679,106.7405,620.1537,1.0
2025-05-13T18:00:00.0,194.3904,117.2786,77.1119,454.4794,1.0
2025-05-13T19:00:00.0,56.7532,22.3928,34.3604,184.3445,0.9083
2025-05-13T20:00:00.0,0.868,0.0474,0.8206,1.2762,0.8917
2025-05-13T21:00:00.0,0.0,0.0,0.0,0.0,1.0
2025-05-13T22:00:00.0,0.0,0.0,0.0,0.0,1.0
2025-05-13T23:00:00.0,0.0,0.0,0.0,0.0,1.0
2025-05-14T00:00:00.0,0.0,0.0,0.0,0.0,1.0
2025-05-14T01:00:00.0,0.0,0.0,0.0,0.0,1.0
2025-05-14T02:00:00.0,0.0,0.0,0.0,0.0,1.0
2025-05-14T03:00:00.0,0.0,0.0,0.0,0.0,1.0
2025-05-14T04:00:00.0,0.64,0.017,0.6229,0.4937,0.9083
2025-05-14T05:00:00.0,44.5128,9.4065,35.1063,77.4853,0.5917
2025-05-14T06:00:00.0,173.8183,90.0359,83.7824,337.9813,1.0
2025-05-14T07:00:00.0,348.8263,235.2953,113.531,584.2791,1.0
2025-05-14T08:00:00.0,488.8607,328.8935,159.9672,604.5795,1.0
2025-05-14T09:00:00.0,643.6447,476.4213,167.2234,718.2443,1.0
2025-05-14T10:00:00.0,713.8067,469.615,244.1917,619.6832,1.0
2025-05-14T11:00:00.0,778.1971,487.2464,290.9507,597.477,1.0
2025-05-14T12:00:00.0,835.9457,601.9562,233.9895,720.1633,1.0
2025-05-14T13:00:00.0,825.283,618.4189,206.8641,757.522,1.0
2025-05-14T14:00:00.0,758.3907,567.0648,191.3259,747.4402,1.0
2025-05-14T15:00:00.0,651.0987,479.6579,171.4408,719.3962,1.0
2025-05-14T16:00:00.0,512.4404,365.2425,147.198,667.7523,1.0
2025-05-14T17:00:00.0,354.672,237.3741,117.2978,581.9553,1.0
2025-05-14T18:00:00.0,194.3489,113.1778,81.1712,434.2741,1.0
2025-05-14T19:00:00.0,58.9779,23.5063,35.4716,191.1241,0.9083
2025-05-14T20:00:00.0,1.1308,0.0788,1.052,2.5012,0.8833
2025-05-14T21:00:00.0,0.0,0.0,0.0,0.0,1.0
2025-05-14T22:00:00.0,0.0,0.0,0.0,0.0,1.0
2025-05-14T23:00:00.0,0.0,0.0,0.0,0.0,1.0
2025-05-15T00:00:00.0,0.0,0.0,0.0,0.0,1.0
2025-05-15T01:00:00.0,0.0,0.0,0.0,0.0,1.0
2025-05-15T02:00:00.0,0.0,0.0,0.0,0.0,1.0
2025-05-15T03:00:00.0,0.0,0.0,0.0,0.0,1.0
2025-05-15T04:00:00.0,1.1727,0.1663,1.0065,5.2816,0.8917
2025-05-15T05:00:00.0,62.2392,29.2596,32.9796,259.1096,0.7167
2025-05-15T06:00:00.0,210.8302,147.4023,63.4278,565.5097,1.0
2025-05-15T07:00:00.0,380.3151,297.8335,82.4816,732.1113,1.0
2025-05-15T08:00:00.0,543.585,447.291,96.2941,818.4741,1.0
2025-05-15T09:00:00.0,686.5107,581.7508,104.7599,872.3323,1.0
2025-05-15T10:00:00.0,797.2328,688.199,109.0338,906.149,1.0
2025-05-15T11:00:00.0,867.2366,756.7166,110.52,925.227,1.0
2025-05-15T12:00:00.0,889.6671,774.0536,115.6134,923.6271,1.0
2025-05-15T13:00:00.0,862.8155,739.1671,123.6484,902.8226,1.0
2025-05-15T14:00:00.0,790.0654,661.6631,128.4024,869.2557,1.0
2025-05-15T15:00:00.0,676.6734,548.2103,128.4631,818.9312,1.0
2025-05-15T16:00:00.0,522.946,394.2793,128.6668,714.0919,1.0
2025-05-15T17:00:00.0,363.3052,253.8585,109.4467,619.1773,1.0
2025-05-15T18:00:00.0,192.6752,111.1043,81.5709,422.4491,1.0
2025-05-15T19:00:00.0,62.7037,26.6105,36.0932,212.3556,0.9083
2025-05-15T20:00:00.0,1.4492,0.1274,1.3217,3.7806,0.8667
2025-05-15T21:00:00.0,0.0,0.0,0.0,0.0,1.0
2025-05-15T22:00:00.0,0.0,0.0,0.0,0.0,1.0
2025-05-15T23:00:00.0,0.0,0.0,0.0,0.0,1.0
2025-05-16T00:00:00.0,0.0,0.0,0.0,0.0,1.0
2025-05-16T01:00:00.0,0.0,0.0,0.0,0.0,1.0
2025-05-16T02:00:00.0,0.0,0.0,0.0,0.0,1.0
2025-05-16T03:00:00.0,0.0,0.0,0.0,0.0,1.0
2025-05-16T04:00:00.0,1.5221,0.262,1.2602,7.8173,0.8833
2025-05-16T05:00:00.0,70.5075,39.7461,30.7613,327.7677,0.7167
2025-05-16T06:00:00.0,215.8385,153.7392,62.0993,584.2158,1.0
2025-05-16T07:00:00.0,387.0082,306.9299,80.0783,749.71,1.0
2025-05-16T08:00:00.0,549.7281,455.4372,94.2909,829.6292,1.0
2025-05-16T09:00:00.0,691.5234,586.0045,105.519,875.7072,1.0
2025-05-16T10:00:00.0,800.7522,685.9279,114.8243,900.5344,1.0
2025-05-16T11:00:00.0,869.3465,747.6804,121.6661,911.7601,1.0
2025-05-16T12:00:00.0,892.9609,768.1641,124.7969,914.222,1.0
2025-05-16T13:00:00.0,869.7916,745.7316,124.06,908.4421,1.0
2025-05-16T14:00:00.0,800.6508,679.9491,120.7017,890.7279,1.0
2025-05-16T15:00:00.0,691.6649,579.6064,112.0585,863.1147,1.0
2025-05-16T16:00:00.0,551.4023,453.0753,98.327,820.9476,1.0
2025-05-16T17:00:00.0,390.5911,309.5096,81.0816,749.83,1.0
2025-05-16T18:00:00.0,224.3102,164.4905,59.8197,621.6106,1.0
2025-05-16T19:00:00.0,75.3569,44.6331,30.7238,361.6825,0.9083
2025-05-16T20:00:00.0,2.0742,0.4914,1.5828,14.3672,0.8583
2025-05-16T21:00:00.0,0.0,0.0,0.0,0.0,1.0
2025-05-16T22:00:00.0,0.0,0.0,0.0,0.0,1.0
2025-05-16T23:00:00.0,0.0,0.0,0.0,0.0,1.0
2025-05-17T00:00:00.0,0.0,0.0,0.0,0.0,1.0
2025-05-17T01:00:00.0,0.0,0.0,0.0,0.0,1.0
2025-05-17T02:00:00.0,0.0,0.0,0.0,0.0,1.0
2025-05-17T03:00:00.0,0.0,0.0,0.0,0.0,1.0
2025-05-17T04:00:00.0,1.8819,0.3632,1.5187,10.2933,0.8667
2025-05-17T05:00:00.0,73.3585,41.8847,31.4738,338.6073,0.7167
2025-05-17T06:00:00.0,221.8409,161.9273,59.9136,611.0505,1.0
2025-05-17T07:00:00.0,393.7248,318.4617,75.2631,772.7318,1.0
2025-05-17T08:00:00.0,557.9365,473.7862,84.1503,859.1262,1.0
2025-05-17T09:00:00.0,701.2328,611.1114,90.1214,910.0486,1.0
2025-05-17T10:00:00.0,812.2369,717.3579,94.879,939.0673,1.0
2025-05-17T11:00:00.0,882.591,785.0875,97.5036,954.8816,1.0
2025-05-17T12:00:00.0,906.0809,806.7992,99.2817,957.7933,1.0
2025-05-17T13:00:00.0,880.9575,780.6911,100.2664,948.5268,1.0
2025-05-17T14:00:00.0,810.0148,710.8095,99.2053,928.4077,1.0
2025-05-17T15:00:00.0,698.7964,603.3402,95.4562,895.1555,1.0
2025-05-17T16:00:00.0,555.9396,467.4631,88.4765,842.9082,1.0
2025-05-17T17:00:00.0,392.8897,315.5391,77.3506,758.9506,1.0
2025-05-17T18:00:00.0,225.6582,166.0441,59.6141,620.2298,1.0
2025-05-17T19:00:00.0,76.8151,45.1779,31.6372,356.5948,0.9083
2025-05-17T20:00:00.0,2.4324,0.5647,1.8677,15.5436,0.8417
2025-05-17T21:00:00.0,0.0,0.0,0.0,0.0,1.0
2025-05-17T22:00:00.0,0.0,0.0,0.0,0.0,1.0
2025-05-17T23:00:00.0,0.0,0.0,0.0,0.0,1.0
2025-05-18T00:00:00.0,0.0,0.0,0.0,0.0,1.0
2025-05-18T01:00:00.0,0.0,0.0,0.0,0.0,1.0
2025-05-18T02:00:00.0,0.0,0.0,0.0,0.0,1.0
2025-05-18T03:00:00.0,0.0,0.0,0.0,0.0,1.0
2025-05-18T04:00:00.0,2.1646,0.373,1.7915,10.9353,0.8583
2025-05-18T05:00:00.0,66.9724,28.9515,38.0209,246.157,0.7167
2025-05-18T06:00:00.0,209.1292,137.779,71.3501,514.3085,1.0
2025-05-18T07:00:00.0,383.9646,291.5055,92.4591,701.1752,1.0
2025-05-18T08:00:00.0,549.1814,442.7471,106.4343,799.2555,1.0
2025-05-18T09:00:00.0,693.2195,579.7595,113.46,860.2563,1.0
2025-05-18T10:00:00.0,806.3693,693.0991,113.2702,904.6837,1.0
2025-05-18T11:00:00.0,878.9658,769.9551,109.0106,934.0886,1.0
2025-05-18T12:00:00.0,903.7305,796.4419,107.2886,943.2021,1.0
2025-05-18T13:00:00.0,878.9065,770.1183,108.7882,933.2962,1.0
2025-05-18T14:00:00.0,808.3363,700.3352,108.0012,912.092,1.0
2025-05-18T15:00:00.0,697.4478,593.5573,103.8905,877.5644,1.0
2025-05-18T16:00:00.0,554.9073,459.0167,95.8906,823.8741,1.0
2025-05-18T17:00:00.0,392.298,308.9984,83.2996,738.2704,1.0
2025-05-18T18:00:00.0,225.8103,162.2699,63.5405,599.4012,1.0
2025-05-18T19:00:00.0,78.0594,44.565,33.4944,343.7376,0.9083
2025-05-18T20:00:00.0,2.8349,0.6478,2.1871,17.8666,0.8333
2025-05-18T21:00:00.0,0.0,0.0,0.0,0.0,1.0
2025-05-18T22:00:00.0,0.0,0.0,0.0,0.0,1.0
2025-05-18T23:00:00.0,0.0,0.0,0.0,0.0,1.0
2025-05-19T00:00:00.0,0.0,0.0,0.0,0.0,1.0
2025-05-19T01:00:00.0,0.0,0.0,0.0,0.0,1.0
2025-05-19T02:00:00.0,0.0,0.0,0.0,0.0,1.0
2025-05-19T03:00:00.0,0.0,0.0,0.0,0.0,1.0
2025-05-19T04:00:00.0,2.5398,0.4638,2.076,12.8629,0.85
2025-05-19T05:00:00.0,74.8068,39.4065,35.4002,304.7539,0.7167
2025-05-19T06:00:00.0,220.888,150.8154,70.0726,559.7412,1.0
2025-05-19T07:00:00.0,385.9311,289.911,96.0201,694.9561,1.0
2025-05-19T08:00:00.0,546.3538,429.8553,116.4986,772.9445,1.0
2025-05-19T09:00:00.0,686.0648,550.945,135.1198,815.2379,1.0
2025-05-19T10:00:00.0,793.4905,640.3218,153.1688,833.763,1.0
2025-05-19T11:00:00.0,859.2173,689.4553,169.7621,834.5766,1.0
2025-05-19T12:00:00.0,671.3997,274.6481,396.7516,324.6564,1.0
2025-05-19T13:00:00.0,748.7032,448.8943,299.809,545.5921,1.0
2025-05-19T14:00:00.0,752.8175,546.9254,205.8921,706.7173,1.0
2025-05-19T15:00:00.0,663.3123,488.5813,174.7309,722.2075,1.0
2025-05-19T16:00:00.0,536.8481,395.3812,141.4669,706.3843,1.0
2025-05-19T17:00:00.0,377.733,263.0592,114.6738,624.1801,1.0
2025-05-19T18:00:00.0,214.1517,130.6603,83.4914,474.7299,1.0
2025-05-19T19:00:00.0,71.9773,30.3021,41.6752,221.9194,1.0
2025-05-19T20:00:00.0,2.9185,0.334,2.5845,8.7248,0.8583
2025-05-19T21:00:00.0,0.0,0.0,0.0,0.0,1.0
2025-05-19T22:00:00.0,0.0,0.0,0.0,0.0,1.0
2025-05-19T23:00:00.0,0.0,0.0,0.0,0.0,1.0
2025-05-20T00:00:00.0,0.0,0.0,0.0,0.0,1.0
2025-05-20T01:00:00.0,0.0,0.0,0.0,0.0,1.0
2025-05-20T02:00:00.0,0.0,0.0,0.0,0.0,1.0
2025-05-20T03:00:00.0,0.0,0.0,0.0,0.0,1.0
2025-05-20T04:00:00.0,0.3459,0.0,0.3459,0.0,0.8333
2025-05-20T05:00:00.0,9.0219,0.0073,9.0147,0.0385,0.7167
2025-05-20T06:00:00.0,114.8697,12.3744,102.4953,41.4472,1.0
2025-05-20T07:00:00.0,245.0262,40.6971,204.3291,94.2675,1.0
2025-05-20T08:00:00.0,333.8472,40.3296,293.5175,72.7992,1.0
2025-05-20T09:00:00.0,457.0767,84.1279,372.9487,123.8292,1.0
2025-05-20T10:00:00.0,480.6515,84.9656,395.6859,111.6299,1.0
2025-05-20T11:00:00.0,366.006,17.5237,348.4823,21.2643,1.0
2025-05-20T12:00:00.0,300.8732,5.3646,295.5086,6.3313,1.0
2025-05-20T13:00:00.0,292.2557,6.8141,285.4416,8.1317,1.0
2025-05-20T14:00:00.0,269.5848,5.5741,264.0107,7.3014,1.0
2025-05-20T15:00:00.0,257.5906,7.485,250.1056,11.4903,1.0
2025-05-20T16:00:00.0,250.6068,12.6083,237.9985,22.8467,1.0
2025-05-20T17:00:00.0,146.0008,2.3577,143.6431,5.0002,1.0
2025-05-20T18:00:00.0,113.8332,4.8653,108.9679,18.4483,1.0
2025-05-20T19:00:00.0,37.3228,0.3722,36.9507,3.0695,1.0
2025-05-20T20:00:00.0,2.6502,0.0028,2.6473,0.0703,0.8417
2025-05-20T21:00:00.0,0.0,0.0,0.0,0.0,1.0
2025-05-20T22:00:00.0,0.0,0.0,0.0,0.0,1.0
2025-05-20T23:00:00.0,0.0,0.0,0.0,0.0,1.0
2025-05-21T00:00:00.0,0.0,0.0,0.0,0.0,1.0
2025-05-21T01:00:00.0,0.0,0.0,0.0,0.0,1.0
2025-05-21T02:00:00.0,0.0,0.0,0.0,0.0,1.0
2025-05-21T03:00:00.0,0.0,0.0,0.0,0.0,1.0
2025-05-21T04:00:00.0,1.7191,0.0009,1.7182,0.0229,0.825
2025-05-21T05:00:00.0,49.0033,9.7941,39.2092,54.8615,0.7167
2025-05-21T06:00:00.0,100.4,20.0901,80.3099,70.5574,1.0
2025-05-21T07:00:00.0,306.031,145.2356,160.7954,343.3012,1.0
2025-05-21T08:00:00.0,486.6066,309.1587,177.4479,539.3338,1.0
2025-05-21T09:00:00.0,690.1508,553.5801,136.5706,813.8139,1.0
2025-05-21T10:00:00.0,802.8255,668.3872,134.4383,865.7196,1.0
2025-05-21T11:00:00.0,857.3492,698.1136,159.2357,840.9719,1.0
2025-05-21T12:00:00.0,900.2466,778.98,121.2666,916.2639,1.0
2025-05-21T13:00:00.0,877.8712,761.0267,116.8444,915.7115,0.75
2025-05-21T14:00:00.0,810.1096,700.0539,110.0557,904.4188,1.0
2025-05-21T15:00:00.0,701.3442,598.3882,102.956,876.0191,1.0
2025-05-21T16:00:00.0,560.1765,465.18,94.9965,824.2467,1.0
2025-05-21T17:00:00.0,377.706,276.575,101.1309,649.8583,1.0
2025-05-21T18:00:00.0,172.9821,60.9812,112.0009,207.7331,1.0
2025-05-21T19:00:00.0,82.8816,45.6711,37.2105,344.5275,1.0
2025-05-21T20:00:00.0,4.4185,1.2468,3.1717,30.1741,0.8333
2025-05-21T21:00:00.0,0.0,0.0,0.0,0.0,1.0
2025-05-21T22:00:00.0,0.0,0.0,0.0,0.0,1.0
2025-05-21T23:00:00.0,0.0,0.0,0.0,0.0,1.0
2025-05-22T00:00:00.0,0.0,0.0,0.0,0.0,1.0
2025-05-22T01:00:00.0,0.0,0.0,0.0,0.0,1.0
2025-05-22T02:00:00.0,0.0,0.0,0.0,0.0,1.0
2025-05-22T03:00:00.0,0.0,0.0,0.0,0.0,1.0
2025-05-22T04:00:00.0,1.5597,0.0,1.5597,0.0,0.8167
2025-05-22T05:00:00.0,41.594,3.9786,37.6154,21.7767,0.7167
2025-05-22T06:00:00.0,200.9711,112.9061,88.065,400.9694,1.0
2025-05-22T07:00:00.0,368.5386,249.4257,119.1129,583.0507,1.0
2025-05-22T08:00:00.0,456.7743,219.7181,237.0562,392.6083,1.0
2025-05-22T09:00:00.0,676.1568,522.9418,153.215,761.5095,1.0
2025-05-22T10:00:00.0,812.4994,692.7684,119.731,895.3038,1.0
2025-05-22T11:00:00.0,882.9947,765.3991,117.5956,920.1859,1.0
2025-05-22T12:00:00.0,906.1689,790.1429,116.0259,927.4362,1.0
2025-05-22T13:00:00.0,824.0078,616.829,207.1788,739.9307,1.0
2025-05-22T14:00:00.0,750.6063,555.5396,195.0667,713.5087,1.0
2025-05-22T15:00:00.0,640.2487,456.1814,184.0673,669.9393,1.0
2025-05-22T16:00:00.0,497.9739,305.2582,192.7157,539.9072,1.0
2025-05-22T17:00:00.0,372.9073,259.3029,113.6043,613.9294,1.0
2025-05-22T18:00:00.0,224.4694,143.1148,81.3546,514.3537,1.0
2025-05-22T19:00:00.0,84.3844,44.7022,39.6822,316.1382,1.0
2025-05-22T20:00:00.0,4.7026,0.9949,3.7077,22.7595,0.8167
2025-05-22T21:00:00.0,0.0,0.0,0.0,0.0,1.0
2025-05-22T22:00:00.0,0.0,0.0,0.0,0.0,1.0
2025-05-22T23:00:00.0,0.0,0.0,0.0,0.0,1.0
2025-05-23T00:00:00.0,0.0,0.0,0.0,0.0,1.0
2025-05-23T01:00:00.0,0.0,0.0,0.0,0.0,1.0
2025-05-23T02:00:00.0,0.0,0.0,0.0,0.0,1.0
2025-05-23T03:00:00.0,0.0,0.0,0.0,0.0,1.0
2025-05-23T04:00:00.0,1.6374,0.0,1.6374,0.0,0.8083
2025-05-23T05:00:00.0,33.5658,0.2099,33.3559,1.0679,0.7167
2025-05-23T06:00:00.0,186.8963,76.0532,110.8431,272.9288,1.0
2025-05-23T07:00:00.0,210.6135,26.9734,183.6402,64.3955,1.0
2025-05-23T08:00:00.0,269.5947,20.7887,248.806,38.6397,1.0
2025-05-23T09:00:00.0,393.9085,60.0477,333.8609,86.0309,1.0
2025-05-23T10:00:00.0,501.8636,94.9638,406.8998,123.6505,1.0
2025-05-23T11:00:00.0,353.4227,18.5214,334.9013,22.4229,1.0
2025-05-23T12:00:00.0,306.9389,5.1341,301.8048,6.0119,1.0
2025-05-23T13:00:00.0,296.5466,6.0761,290.4704,7.2098,1.0
2025-05-23T14:00:00.0,206.6019,0.3366,206.2653,0.4344,1.0
2025-05-23T15:00:00.0,221.3211,7.4705,213.8506,11.4112,1.0
2025-05-23T16:00:00.0,227.3976,10.5765,216.8212,17.842,1.0
2025-05-23T17:00:00.0,182.3993,5.8089,176.5905,13.6276,1.0
2025-05-23T18:00:00.0,100.114,7.4026,92.7114,29.4259,1.0
2025-05-23T19:00:00.0,42.0812,4.9427,37.1385,48.9824,1.0
2025-05-23T20:00:00.0,4.6586,0.4701,4.1885,10.2515,0.8083
2025-05-23T21:00:00.0,0.0,0.0,0.0,0.0,1.0
2025-05-23T22:00:00.0,0.0,0.0,0.0,0.0,1.0
2025-05-23T23:00:00.0,0.0,0.0,0.0,0.0,1.0
2025-05-24T00:00:00.0,0.0,0.0,0.0,0.0,1.0
2025-05-24T01:00:00.0,0.0,0.0,0.0,0.0,1.0
2025-05-24T02:00:00.0,0.0,0.0,0.0,0.0,1.0
2025-05-24T03:00:00.0,0.0,0.0,0.0,0.0,1.0
2025-05-24T04:00:00.0,0.5182,0.0,0.5182,0.0,0.8
2025-05-24T05:00:00.0,8.8964,0.0,8.8964,0.0,0.7167
2025-05-24T06:00:00.0,22.2834,0.0,22.2834,0.0,1.0
2025-05-24T07:00:00.0,47.0242,0.0,47.0242,0.0,1.0
2025-05-24T08:00:00.0,45.7358,0.0002,45.7356,0.0003,1.0
2025-05-24T09:00:00.0,160.4737,0.0791,160.3946,0.1158,1.0
2025-05-24T10:00:00.0,157.1191,0.0165,157.1025,0.0211,1.0
2025-05-24T11:00:00.0,220.83,0.3421,220.4878,0.4077,1.0
2025-05-24T12:00:00.0,337.1649,9.8203,327.3446,11.4813,1.0
2025-05-24T13:00:00.0,292.9603,5.984,286.9763,7.0889,1.0
2025-05-24T14:00:00.0,219.4738,1.0452,218.4287,1.3643,1.0
2025-05-24T15:00:00.0,140.8412,0.1616,140.6796,0.2213,1.0
2025-05-24T16:00:00.0,74.9207,0.0056,74.9151,0.0106,1.0
2025-05-24T17:00:00.0,198.0423,23.8437,174.1986,58.3488,1.0
2025-05-24T18:00:00.0,213.9074,128.164,85.7434,461.8854,1.0
2025-05-24T19:00:00.0,90.4664,48.6313,41.8352,316.3134,1.0
2025-05-24T20:00:00.0,4.9488,0.1518,4.7971,3.1796,0.8
2025-05-24T21:00:00.0,0.0,0.0,0.0,0.0,1.0
2025-05-24T22:00:00.0,0.0,0.0,0.0,0.0,1.0
2025-05-24T23:00:00.0,0.0,0.0,0.0,0.0,1.0
2025-05-25T00:00:00.0,0.0,0.0,0.0,0.0,1.0
2025-05-25T01:00:00.0,0.0,0.0,0.0,0.0,1.0
2025-05-25T02:00:00.0,0.0,0.0,0.0,0.0,1.0
2025-05-25T03:00:00.0,0.0,0.0,0.0,0.0,1.0
2025-05-25T04:00:00.0,2.9333,0.0037,2.9296,0.0822,0.7833
2025-05-25T05:00:00.0,60.9626,15.6795,45.2832,83.3949,0.7167
2025-05-25T06:00:00.0,154.8989,76.5894,78.3095,307.1114,1.0
2025-05-25T07:00:00.0,136.7652,1.5872,135.178,3.4577,1.0
2025-05-25T08:00:00.0,475.3008,301.229,174.0717,518.5839,1.0
2025-05-25T09:00:00.0,525.0587,300.4091,224.6496,426.8121,1.0
2025-05-25T10:00:00.0,716.5214,531.184,185.3374,681.5092,1.0
2025-05-25T11:00:00.0,656.6444,300.9306,355.7138,360.1049,1.0
2025-05-25T12:00:00.0,733.7762,419.6094,314.1669,489.3119,1.0
2025-05-25T13:00:00.0,684.5049,420.8975,263.6075,502.0177,1.0
2025-05-25T14:00:00.0,351.0676,51.1818,299.8858,66.6804,1.0
2025-05-25T15:00:00.0,474.7166,188.325,286.3916,279.6683,1.0
2025-05-25T16:00:00.0,381.6944,178.6818,203.0126,311.206,1.0
2025-05-25T17:00:00.0,222.2982,78.0645,144.2338,195.8862,1.0
2025-05-25T18:00:00.0,171.2491,57.9962,113.2529,195.8611,1.0
2025-05-25T19:00:00.0,86.0485,38.4682,47.5803,232.5011,1.0
2025-05-25T20:00:00.0,4.3366,0.0001,4.3365,0.0013,0.7833
2025-05-25T21:00:00.0,0.0,0.0,0.0,0.0,1.0
2025-05-25T22:00:00.0,0.0,0.0,0.0,0.0,1.0
2025-05-25T23:00:00.0,0.0,0.0,0.0,0.0,1.0
2025-05-26T00:00:00.0,0.0,0.0,0.0,0.0,1.0
2025-05-26T01:00:00.0,0.0,0.0,0.0,0.0,1.0
2025-05-26T02:00:00.0,0.0,0.0,0.0,0.0,1.0
2025-05-26T03:00:00.0,0.0,0.0,0.0,0.0,1.0
2025-05-26T04:00:00.0,0.6516,0.0,0.6516,0.0,0.775
2025-05-26T05:00:00.0,10.5536,0.0044,10.5492,0.0215,0.7167
2025-05-26T06:00:00.0,69.9098,0.1986,69.7112,0.84,1.0
2025-05-26T07:00:00.0,73.6043,0.0006,73.6037,0.0014,1.0
2025-05-26T08:00:00.0,79.1373,0.0087,79.1286,0.0141,1.0
2025-05-26T09:00:00.0,205.9413,2.3708,203.5705,3.4636,1.0
2025-05-26T10:00:00.0,282.7758,5.5239,277.2519,7.0336,1.0
2025-05-26T11:00:00.0,418.6281,39.5138,379.1143,47.1739,1.0
2025-05-26T12:00:00.0,385.5074,20.694,364.8134,24.0973,1.0
2025-05-26T13:00:00.0,227.8421,0.6381,227.204,0.7511,1.0
2025-05-26T14:00:00.0,180.0913,0.1502,179.9411,0.1936,1.0
2025-05-26T15:00:00.0,56.0374,0.0009,56.0365,0.0013,1.0
2025-05-26T16:00:00.0,98.7315,0.0125,98.719,0.0238,1.0
2025-05-26T17:00:00.0,152.2577,4.0549,148.2028,10.3466,1.0
2025-05-26T18:00:00.0,165.4077,20.1393,145.2684,68.1942,1.0
2025-05-26T19:00:00.0,69.8295,6.2217,63.6078,54.7146,1.0
2025-05-26T20:00:00.0,7.1117,1.4473,5.6644,28.2561,0.775
2025-05-26T21:00:00.0,0.0,0.0,0.0,0.0,1.0
2025-05-26T22:00:00.0,0.0,0.0,0.0,0.0,1.0
2025-05-26T23:00:00.0,0.0,0.0,0.0,0.0,1.0
2025-05-27T00:00:00.0,0.0,0.0,0.0,0.0,1.0
2025-05-27T01:00:00.0,0.0,0.0,0.0,0.0,1.0
2025-05-27T02:00:00.0,0.0,0.0,0.0,0.0,1.0
2025-05-27T03:00:00.0,0.0,0.0,0.0,0.0,1.0
2025-05-27T04:00:00.0,0.8504,0.0,0.8504,0.0,0.7667
2025-05-27T05:00:00.0,10.993,0.0,10.993,0.0,0.8417
2025-05-27T06:00:00.0,21.5827,0.0,21.5827,0.0,1.0
2025-05-27T07:00:00.0,37.6882,0.0,37.6882,0.0,1.0
2025-05-27T08:00:00.0,98.2428,0.0695,98.1733,0.1233,1.0
2025-05-27T09:00:00.0,260.9525,13.0725,247.8799,18.3441,1.0
2025-05-27T10:00:00.0,342.6096,15.8437,326.7659,20.0531,1.0
2025-05-27T11:00:00.0,516.1125,116.8423,399.2701,138.8863,1.0
2025-05-27T12:00:00.0,559.9766,130.9113,429.0653,152.1978,1.0
2025-05-27T13:00:00.0,607.148,161.2505,445.8975,191.3578,0.9083
2025-05-27T14:00:00.0,532.3312,99.1431,433.1882,125.7179,0.9667
2025-05-27T15:00:00.0,530.9908,206.8974,324.0933,289.7094,1.0
2025-05-27T16:00:00.0,326.7618,32.1896,294.5723,55.1332,1.0
2025-05-27T17:00:00.0,137.3273,2.8396,134.4876,5.9457,1.0
2025-05-27T18:00:00.0,152.9743,23.8471,129.1272,81.1422,1.0
2025-05-27T19:00:00.0,63.1585,4.9607,58.1979,47.7214,1.0
2025-05-27T20:00:00.0,7.2994,1.1507,6.1487,21.771,0.7667
2025-05-27T21:00:00.0,0.0,0.0,0.0,0.0,1.0
2025-05-27T22:00:00.0,0.0,0.0,0.0,0.0,1.0
2025-05-27T23:00:00.0,0.0,0.0,0.0,0.0,1.0
2025-05-28T00:00:00.0,0.0,0.0,0.0,0.0,1.0
2025-05-28T01:00:00.0,0.0,0.0,0.0,0.0,1.0
2025-05-28T02:00:00.0,0.0,0.0,0.0,0.0,1.0
2025-05-28T03:00:00.0,0.0,0.0,0.0,0.0,1.0
2025-05-28T04:00:00.0,0.952,0.0,0.952,0.0,0.7583
2025-05-28T05:00:00.0,26.6062,0.7631,25.8431,3.6994,0.8417
2025-05-28T06:00:00.0,236.8217,162.5503,74.2713,555.4789,1.0
2025-05-28T07:00:00.0,324.8545,158.4178,166.4366,361.7359,1.0
2025-05-28T08:00:00.0,412.8593,113.8543,299.005,204.4763,1.0
2025-05-28T09:00:00.0,529.3765,150.4405,378.9361,216.6264,1.0
2025-05-28T10:00:00.0,551.8283,147.9529,403.8754,188.6584,1.0
2025-05-28T11:00:00.0,634.684,157.7336,476.9504,187.2189,1.0
2025-05-28T12:00:00.0,715.1901,329.1695,386.0207,382.0198,1.0
2025-05-28T13:00:00.0,626.1589,234.0076,392.1513,276.4685,1.0
2025-05-28T14:00:00.0,696.7479,421.1768,275.5711,536.2877,1.0
2025-05-28T15:00:00.0,449.7354,196.05,253.6854,269.401,1.0
2025-05-28T16:00:00.0,179.0474,0.6091,178.4383,1.0065,1.0
2025-05-28T17:00:00.0,78.5953,0.0007,78.5946,0.0015,1.0
2025-05-28T18:00:00.0,51.6557,0.59,51.0657,2.51,1.0
2025-05-28T19:00:00.0,53.4919,10.035,43.4569,87.8666,1.0
2025-05-28T20:00:00.0,7.7883,1.3222,6.4661,24.4019,0.7667
2025-05-28T21:00:00.0,0.0,0.0,0.0,0.0,1.0
2025-05-28T22:00:00.0,0.0,0.0,0.0,0.0,1.0
2025-05-28T23:00:00.0,0.0,0.0,0.0,0.0,1.0
2025-05-29T00:00:00.0,0.0,0.0,0.0,0.0,1.0
2025-05-29T01:00:00.0,0.0,0.0,0.0,0.0,1.0
2025-05-29T02:00:00.0,0.0,0.0,0.0,0.0,1.0
2025-05-29T03:00:00.0,0.0,0.0,0.0,0.0,1.0
2025-05-29T04:00:00.0,0.9494,0.0,0.9494,0.0,0.75
2025-05-29T05:00:00.0,11.2757,0.0,11.2757,0.0,0.8417
2025-05-29T06:00:00.0,29.1748,0.0,29.1748,0.0,1.0
2025-05-29T07:00:00.0,32.6071,0.0,32.6071,0.0,1.0
2025-05-29T08:00:00.0,72.0638,0.0008,72.063,0.0014,1.0
2025-05-29T09:00:00.0,145.1647,0.8467,144.318,1.1869,1.0
2025-05-29T10:00:00.0,182.1569,0.7601,181.3968,0.952,1.0
2025-05-29T11:00:00.0,330.0109,10.1802,319.8308,12.0317,1.0
2025-05-29T12:00:00.0,431.5604,36.4151,395.1453,42.1855,1.0
2025-05-29T13:00:00.0,244.4526,4.6163,239.8363,5.4129,1.0
2025-05-29T14:00:00.0,96.0796,0.0029,96.0766,0.0038,1.0
2025-05-29T15:00:00.0,58.1014,0.0,58.1014,0.0,1.0
2025-05-29T16:00:00.0,119.7043,0.1286,119.5756,0.2369,1.0
2025-05-29T17:00:00.0,102.4905,0.0625,102.428,0.1472,1.0
2025-05-29T18:00:00.0,63.3637,0.0144,63.3492,0.0403,1.0
2025-05-29T19:00:00.0,53.6613,6.3697,47.2916,58.6426,1.0
2025-05-29T20:00:00.0,9.0114,1.8517,7.1598,32.9838,0.75
2025-05-29T21:00:00.0,0.0,0.0,0.0,0.0,1.0
2025-05-29T22:00:00.0,0.0,0.0,0.0,0.0,1.0
2025-05-29T23:00:00.0,0.0,0.0,0.0,0.0,1.0
2025-05-30T00:00:00.0,0.0,0.0,0.0,0.0,1.0
2025-05-30T01:00:00.0,0.0,0.0,0.0,0.0,1.0
2025-05-30T02:00:00.0,0.0,0.0,0.0,0.0,1.0
2025-05-30T03:00:00.0,0.0,0.0,0.0,0.0,1.0
2025-05-30T04:00:00.0,3.4997,0.0,3.4997,0.0,0.75
2025-05-30T05:00:00.0,61.9762,8.2419,53.7343,47.0472,0.8417
2025-05-30T06:00:00.0,202.3914,93.5455,108.8459,311.6534,1.0
2025-05-30T07:00:00.0,283.0718,95.3198,187.752,213.3309,1.0
2025-05-30T08:00:00.0,408.6053,155.6328,252.9725,268.4146,1.0
2025-05-30T09:00:00.0,527.7816,202.4082,325.3733,293.8443,1.0
2025-05-30T10:00:00.0,571.0387,240.6712,330.3674,312.2764,1.0
2025-05-30T11:00:00.0,738.2748,433.0848,305.1901,510.6768,1.0
2025-05-30T12:00:00.0,884.3384,704.5517,179.7867,815.3593,1.0
2025-05-30T13:00:00.0,833.2881,595.1884,238.0997,703.5095,1.0
2025-05-30T14:00:00.0,815.4919,685.9086,129.5833,868.2684,1.0
2025-05-30T15:00:00.0,674.7148,512.1698,162.545,728.1121,1.0
2025-05-30T16:00:00.0,530.1276,370.5902,159.5374,638.9142,1.0
2025-05-30T17:00:00.0,345.1616,178.9956,166.1661,383.9337,1.0
2025-05-30T18:00:00.0,143.5045,16.1769,127.3276,53.8351,1.0
2025-05-30T19:00:00.0,69.4626,12.512,56.9506,91.6323,1.0
2025-05-30T20:00:00.0,8.3663,1.0951,7.2712,19.0686,0.7333
2025-05-30T21:00:00.0,0.0,0.0,0.0,0.0,1.0
2025-05-30T22:00:00.0,0.0,0.0,0.0,0.0,1.0
2025-05-30T23:00:00.0,0.0,0.0,0.0,0.0,1.0
2025-05-31T00:00:00.0,0.0,0.0,0.0,0.0,1.0
2025-05-31T01:00:00.0,0.0,0.0,0.0,0.0,1.0
2025-05-31T02:00:00.0,0.0,0.0,0.0,0.0,1.0
2025-05-31T03:00:00.0,0.0,0.0,0.0,0.0,1.0
2025-05-31T04:00:00.0,0.6982,0.0,0.6982,0.0,0.7417
2025-05-31T05:00:00.0,8.3116,0.0,8.3116,0.0,0.8417
2025-05-31T06:00:00.0,69.6682,0.1732,69.4951,0.5169,1.0
2025-05-31T07:00:00.0,104.9783,0.1152,104.8631,0.2904,1.0
2025-05-31T08:00:00.0,115.2498,0.0685,115.1813,0.1227,1.0
2025-05-31T09:00:00.0,139.652,2.0226,137.6294,2.7797,1.0
2025-05-31T10:00:00.0,353.9124,26.0013,327.9111,33.1441,1.0
2025-05-31T11:00:00.0,508.5976,99.2408,409.3568,117.1437,1.0
2025-05-31T12:00:00.0,816.8641,519.721,297.1431,600.386,1.0
2025-05-31T13:00:00.0,443.1271,150.0892,293.0379,175.6997,1.0
2025-05-31T14:00:00.0,513.2524,149.8051,363.4473,189.808,1.0
2025-05-31T15:00:00.0,583.8002,314.6343,269.166,443.2695,1.0
2025-05-31T16:00:00.0,384.0084,114.7188,269.2896,196.3405,1.0
2025-05-31T17:00:00.0,391.0419,268.8087,122.2332,596.8499,1.0
2025-05-31T18:00:00.0,235.0445,138.7889,96.2556,475.699,1.0
2025-05-31T19:00:00.0,107.0118,58.5138,48.498,360.4529,1.0
2025-05-31T20:00:00.0,10.9052,2.7371,8.168,46.1894,0.725
2025-05-31T21:00:00.0,0.0,0.0,0.0,0.0,1.0
2025-05-31T22:00:00.0,0.0,0.0,0.0,0.0,1.0
2025-05-31T23:00:00.0,0.0,0.0,0.0,0.0,1.0
2025-06-01T00:00:00.0,0.0,0.0,0.0,0.0,1.0
2025-06-01T01:00:00.0,0.0,0.0,0.0,0.0,1.0
2025-06-01T02:00:00.0,0.0,0.0,0.0,0.0,1.0
2025-06-01T03:00:00.0,0.0,0.0,0.0,0.0,1.0
2025-06-01T04:00:00.0,1.9659,0.0,1.9659,0.0,0.7333
2025-06-01T05:00:00.0,16.2518,0.0028,16.249,0.0131,0.8417
2025-06-01T06:00:00.0,109.5464,5.3013,104.2451,16.2878,1.0
2025-06-01T07:00:00.0,150.3225,2.5735,147.749,6.3285,1.0
2025-06-01T08:00:00.0,322.2534,70.5729,251.6805,116.0814,1.0
2025-06-01T09:00:00.0,451.5169,142.0617,309.4553,200.2888,1.0
2025-06-01T10:00:00.0,536.2009,228.5814,307.6194,283.5325,1.0
2025-06-01T11:00:00.0,719.5703,472.7404,246.8299,563.4204,1.0
2025-06-01T12:00:00.0,579.7623,186.8874,392.8748,215.5743,1.0
2025-06-01T13:00:00.0,493.4417,93.4343,400.0074,109.2315,1.0
2025-06-01T14:00:00.0,513.4857,124.7082,388.7775,156.571,1.0
2025-06-01T15:00:00.0,523.1343,204.1966,318.9377,293.1692,1.0
2025-06-01T16:00:00.0,489.6825,279.2266,210.456,485.1982,1.0
2025-06-01T17:00:00.0,354.6337,200.5383,154.0954,444.2962,1.0
2025-06-01T18:00:00.0,241.0968,151.4599,89.6369,507.6976,1.0
2025-06-01T19:00:00.0,106.9875,58.9312,48.0563,359.0948,1.0
2025-06-01T20:00:00.0,11.4327,3.1427,8.2899,52.5453,0.7167
2025-06-01T21:00:00.0,0.0,0.0,0.0,0.0,1.0
2025-06-01T22:00:00.0,0.0,0.0,0.0,0.0,1.0
2025-06-01T23:00:00.0,0.0,0.0,0.0,0.0,1.0
2025-06-02T00:00:00.0,0.0,0.0,0.0,0.0,1.0
2025-06-02T01:00:00.0,0.0,0.0,0.0,0.0,1.0
2025-06-02T02:00:00.0,0.0,0.0,0.0,0.0,1.0
2025-06-02T03:00:00.0,0.0,0.0,0.0,0.0,1.0
2025-06-02T04:00:00.0,8.224,1.6121,6.6119,29.718,0.725
2025-06-02T05:00:00.0,81.9715,29.6953,52.2762,201.8898,0.8417
2025-06-02T06:00:00.0,233.1845,144.4074,88.7771,484.5494,1.0
2025-06-02T07:00:00.0,403.668,290.4446,113.2234,656.9726,1.0
2025-06-02T08:00:00.0,565.5632,435.5623,130.0009,752.2484,1.0
2025-06-02T09:00:00.0,624.9775,391.1021,233.8754,567.1493,1.0
2025-06-02T10:00:00.0,683.5679,374.5422,309.0256,478.7375,1.0
2025-06-02T11:00:00.0,628.5685,204.1336,424.4348,241.3819,1.0
2025-06-02T12:00:00.0,657.6481,183.7003,473.9478,211.7463,1.0
2025-06-02T13:00:00.0,595.8552,152.6719,443.1832,179.1081,1.0
2025-06-02T14:00:00.0,455.4834,54.8041,400.6794,68.407,1.0
2025-06-02T15:00:00.0,284.0167,9.5219,274.4947,13.1344,1.0
2025-06-02T16:00:00.0,154.5528,0.1798,154.373,0.2905,1.0
2025-06-02T17:00:00.0,96.1411,0.0088,96.1323,0.0197,1.0
2025-06-02T18:00:00.0,40.2851,0.0036,40.2815,0.0103,1.0
2025-06-02T19:00:00.0,36.3135,0.5756,35.7379,4.4197,1.0
2025-06-02T20:00:00.0,6.8046,0.0002,6.8045,0.0029,0.7083
2025-06-02T21:00:00.0,0.0,0.0,0.0,0.0,1.0
2025-06-02T22:00:00.0,0.0,0.0,0.0,0.0,1.0
2025-06-02T23:00:00.0,0.0,0.0,0.0,0.0,1.0
2025-06-03T00:00:00.0,0.0,0.0,0.0,0.0,1.0
2025-06-03T01:00:00.0,0.0,0.0,0.0,0.0,1.0
2025-06-03T02:00:00.0,0.0,0.0,0.0,0.0,1.0
2025-06-03T03:00:00.0,0.0,0.0,0.0,0.0,1.0
2025-06-03T04:00:00.0,1.1225,0.0,1.1225,0.0,0.7167
2025-06-03T05:00:00.0,20.7079,0.0002,20.7077,0.0008,0.8417
2025-06-03T06:00:00.0,131.7708,15.892,115.8788,46.3759,1.0
2025-06-03T07:00:00.0,363.2404,217.893,145.3474,486.1811,1.0
2025-06-03T08:00:00.0,366.8704,149.5967,217.2737,267.576,1.0
2025-06-03T09:00:00.0,431.0695,66.1292,364.9403,94.3198,1.0
2025-06-03T10:00:00.0,403.2565,37.4581,365.7984,47.0169,1.0
2025-06-03T11:00:00.0,616.781,197.3354,419.4456,232.6542,1.0
2025-06-03T12:00:00.0,620.6374,157.1386,463.4988,180.9561,1.0
2025-06-03T13:00:00.0,561.6497,124.9958,436.6539,146.7692,1.0
2025-06-03T14:00:00.0,533.7453,120.7149,413.0303,151.0796,1.0
2025-06-03T15:00:00.0,501.6217,204.9583,296.6635,299.5161,1.0
2025-06-03T16:00:00.0,351.1277,82.0657,269.062,134.7775,1.0
2025-06-03T17:00:00.0,219.7942,39.6117,180.1825,97.6742,1.0
2025-06-03T18:00:00.0,163.8614,47.4511,116.4103,135.7934,1.0
2025-06-03T19:00:00.0,71.4385,13.6327,57.8058,93.1235,1.0
2025-06-03T20:00:00.0,7.6599,0.4262,7.2337,5.3898,0.825
2025-06-03T21:00:00.0,0.0,0.0,0.0,0.0,1.0
2025-06-03T22:00:00.0,0.0,0.0,0.0,0.0,1.0
2025-06-03T23:00:00.0,0.0,0.0,0.0,0.0,1.0
2025-06-04T00:00:00.0,0.0,0.0,0.0,0.0,1.0
2025-06-04T01:00:00.0,0.0,0.0,0.0,0.0,1.0
2025-06-04T02:00:00.0,0.0,0.0,0.0,0.0,1.0
2025-06-04T03:00:00.0,0.0,0.0,0.0,0.0,1.0
2025-06-04T04:00:00.0,1.0403,0.0,1.0403,0.0,0.7167
2025-06-04T05:00:00.0,26.4805,0.4664,26.0141,2.1703,0.8417
2025-06-04T06:00:00.0,206.4391,97.0245,109.4145,318.8997,1.0
2025-06-04T07:00:00.0,219.261,43.9374,175.3235,110.6738,1.0
2025-06-04T08:00:00.0,293.7465,30.2848,263.4616,51.2792,1.0
2025-06-04T09:00:00.0,326.9535,25.7166,301.2369,36.5916,1.0
2025-06-04T10:00:00.0,331.9436,15.6931,316.2505,20.2451,1.0
2025-06-04T11:00:00.0,405.3309,32.8278,372.5031,38.3703,1.0
2025-06-04T12:00:00.0,519.1876,86.1677,433.0199,99.0529,1.0
2025-06-04T13:00:00.0,431.2267,47.5953,383.6315,55.3826,1.0
2025-06-04T14:00:00.0,414.2499,166.2468,248.0031,211.7684,1.0
2025-06-04T15:00:00.0,308.1497,43.827,264.3227,62.2844,1.0
2025-06-04T16:00:00.0,183.4394,2.473,180.9665,3.932,1.0
2025-06-04T17:00:00.0,127.6477,0.1196,127.5281,0.2544,1.0
2025-06-04T18:00:00.0,60.0888,0.0009,60.0879,0.0024,1.0
2025-06-04T19:00:00.0,46.2763,3.4537,42.8226,31.0982,1.0
2025-06-04T20:00:00.0,11.7707,2.0629,9.7078,32.0628,0.8167
2025-06-04T21:00:00.0,0.0,0.0,0.0,0.0,1.0
2025-06-04T22:00:00.0,0.0,0.0,0.0,0.0,1.0
2025-06-04T23:00:00.0,0.0,0.0,0.0,0.0,1.0
2025-06-05T00:00:00.0,0.0,0.0,0.0,0.0,1.0
2025-06-05T01:00:00.0,0.0,0.0,0.0,0.0,1.0
2025-06-05T02:00:00.0,0.0,0.0,0.0,0.0,1.0
2025-06-05T03:00:00.0,0.0,0.0,0.0,0.0,1.0
2025-06-05T04:00:00.0,1.1453,0.0,1.1453,0.0,0.7083
2025-06-05T05:00:00.0,21.1971,0.1569,21.0402,0.7291,0.8417
2025-06-05T06:00:00.0,213.5459,114.5853,98.9606,362.1439,1.0
2025-06-05T07:00:00.0,362.8829,222.6833,140.1996,497.2781,1.0
2025-06-05T08:00:00.0,420.2602,207.6835,212.5768,372.8562,1.0
2025-06-05T09:00:00.0,473.3934,119.7254,353.668,173.4609,1.0
2025-06-05T10:00:00.0,523.8291,103.066,420.7631,129.6096,1.0
2025-06-05T11:00:00.0,651.9551,195.2024,456.7527,230.2385,1.0
2025-06-05T12:00:00.0,492.4132,67.1351,425.2782,77.1503,1.0
2025-06-05T13:00:00.0,411.7858,30.4649,381.3208,35.8001,1.0
2025-06-05T14:00:00.0,330.7978,12.3998,318.398,15.3947,1.0
2025-06-05T15:00:00.0,337.0235,24.47,312.5535,35.1612,1.0
2025-06-05T16:00:00.0,135.31,0.6178,134.6922,0.9557,1.0
2025-06-05T17:00:00.0,171.46,6.7773,164.6827,16.5871,1.0
2025-06-05T18:00:00.0,141.7012,10.3375,131.3637,33.5374,1.0
2025-06-05T19:00:00.0,59.7106,2.6593,57.0513,14.1117,1.0
2025-06-05T20:00:00.0,2.6853,0.0,2.6853,0.0,0.8083
2025-06-05T21:00:00.0,0.0,0.0,0.0,0.0,1.0
2025-06-05T22:00:00.0,0.0,0.0,0.0,0.0,1.0
2025-06-05T23:00:00.0,0.0,0.0,0.0,0.0,1.0
2025-06-06T00:00:00.0,0.0,0.0,0.0,0.0,1.0
2025-06-06T01:00:00.0,0.0,0.0,0.0,0.0,1.0
2025-06-06T02:00:00.0,0.0,0.0,0.0,0.0,1.0
2025-06-06T03:00:00.0,0.0,0.0,0.0,0.0,1.0
2025-06-06T04:00:00.0,9.1879,1.5545,7.6334,26.8499,0.7083
2025-06-06T05:00:00.0,60.0759,13.9086,46.1673,110.1202,0.8417
2025-06-06T06:00:00.0,206.045,107.9169,98.1281,342.9562,1.0
2025-06-06T07:00:00.0,367.0224,212.1201,154.9023,483.7985,1.0
2025-06-06T08:00:00.0,425.5023,122.0076,303.4948,213.3673,1.0
2025-06-06T09:00:00.0,459.0587,102.9344,356.1243,150.4776,1.0
2025-06-06T10:00:00.0,504.855,84.6456,420.2094,106.4286,1.0
2025-06-06T11:00:00.0,489.179,60.0333,429.1457,70.9399,1.0
2025-06-06T12:00:00.0,472.9904,54.0805,418.9099,62.057,1.0
2025-06-06T13:00:00.0,501.6131,61.3966,440.2165,71.9401,1.0
2025-06-06T14:00:00.0,311.8958,10.4563,301.4395,12.7996,1.0
2025-06-06T15:00:00.0,295.5323,17.9062,277.626,26.3013,1.0
2025-06-06T16:00:00.0,272.0161,21.5494,250.4668,35.3987,1.0
2025-06-06T17:00:00.0,121.3608,0.1016,121.2592,0.2239,1.0
2025-06-06T18:00:00.0,91.1867,2.564,88.6226,9.1027,1.0
2025-06-06T19:00:00.0,85.7515,24.9937,60.7578,151.7986,1.0
2025-06-06T20:00:00.0,12.114,0.4031,11.7108,6.5799,0.8
2025-06-06T21:00:00.0,0.0,0.0,0.0,0.0,1.0
2025-06-06T22:00:00.0,0.0,0.0,0.0,0.0,1.0
2025-06-06T23:00:00.0,0.0,0.0,0.0,0.0,1.0
2025-06-07T00:00:00.0,0.0,0.0,0.0,0.0,1.0
2025-06-07T01:00:00.0,0.0,0.0,0.0,0.0,1.0
2025-06-07T02:00:00.0,0.0,0.0,0.0,0.0,1.0
2025-06-07T03:00:00.0,0.0,0.0,0.0,0.0,1.0
2025-06-07T04:00:00.0,4.4622,0.0,4.4622,0.0002,0.7
2025-06-07T05:00:00.0,22.7015,0.0001,22.7014,0.0006,0.8417
2025-06-07T06:00:00.0,34.7106,0.0019,34.7087,0.0053,1.0
2025-06-07T07:00:00.0,130.6513,0.4253,130.226,0.9236,1.0
2025-06-07T08:00:00.0,227.3081,8.1464,219.1616,13.6676,1.0
2025-06-07T09:00:00.0,358.3727,44.3323,314.0404,61.5509,1.0
2025-06-07T10:00:00.0,491.3724,101.1983,390.1741,127.7633,1.0
2025-06-07T11:00:00.0,525.5014,102.9448,422.5567,120.475,1.0
2025-06-07T12:00:00.0,627.9946,170.96,457.0346,195.9989,1.0
2025-06-07T13:00:00.0,573.4055,132.3965,441.009,154.7524,1.0
2025-06-07T14:00:00.0,548.237,176.127,372.11,224.1382,1.0
2025-06-07T15:00:00.0,613.3903,365.7416,247.6487,509.2941,1.0
2025-06-07T16:00:00.0,429.2933,187.2455,242.0477,322.0742,1.0
2025-06-07T17:00:00.0,353.7747,183.2894,170.4852,388.77,1.0
2025-06-07T18:00:00.0,132.762,12.1286,120.6334,35.9686,1.0
2025-06-07T19:00:00.0,64.5421,6.8985,57.6436,43.9398,1.0
2025-06-07T20:00:00.0,9.3727,0.3874,8.9854,4.5173,0.8
2025-06-07T21:00:00.0,0.0,0.0,0.0,0.0,1.0
2025-06-07T22:00:00.0,0.0,0.0,0.0,0.0,1.0
2025-06-07T23:00:00.0,0.0,0.0,0.0,0.0,1.0
2025-06-08T00:00:00.0,0.0,0.0,0.0,0.0,1.0
2025-06-08T01:00:00.0,0.0,0.0,0.0,0.0,1.0
2025-06-08T02:00:00.0,0.0,0.0,0.0,0.0,1.0
2025-06-08T03:00:00.0,0.0,0.0,0.0,0.0,1.0
2025-06-08T04:00:00.0,1.0594,0.0,1.0594,0.0,0.7
2025-06-08T05:00:00.0,9.8792,0.0,9.8792,0.0002,0.8417
2025-06-08T06:00:00.0,91.6079,1.7127,89.8952,5.4381,1.0
2025-06-08T07:00:00.0,187.7928,15.9053,171.8875,33.2128,1.0
2025-06-08T08:00:00.0,198.9751,23.7321,175.243,43.7304,1.0
2025-06-08T09:00:00.0,171.9402,4.4944,167.4458,6.0606,1.0
2025-06-08T10:00:00.0,292.6161,9.7514,282.8647,12.5696,1.0
2025-06-08T11:00:00.0,315.6644,12.5298,303.1346,14.6698,1.0
2025-06-08T12:00:00.0,364.4033,17.3032,347.1001,19.8113,1.0
2025-06-08T13:00:00.0,224.541,3.3894,221.1516,3.9155,1.0
2025-06-08T14:00:00.0,141.4851,0.2253,141.2598,0.2752,1.0
2025-06-08T15:00:00.0,201.4065,1.1287,200.2778,1.5779,1.0
2025-06-08T16:00:00.0,105.5984,0.0353,105.5631,0.0558,1.0
2025-06-08T17:00:00.0,90.1931,0.0134,90.1797,0.0284,1.0
2025-06-08T18:00:00.0,47.6248,0.0004,47.6243,0.0017,1.0
2025-06-08T19:00:00.0,40.2604,0.1576,40.1028,1.2092,1.0
2025-06-08T20:00:00.0,4.9446,0.0147,4.9299,0.1669,0.7917
2025-06-08T21:00:00.0,0.0,0.0,0.0,0.0,1.0
2025-06-08T22:00:00.0,0.0,0.0,0.0,0.0,1.0
2025-06-08T23:00:00.0,0.0,0.0,0.0,0.0,1.0
2025-06-09T00:00:00.0,0.0,0.0,0.0,0.0,1.0
2025-06-09T01:00:00.0,0.0,0.0,0.0,0.0,1.0
2025-06-09T02:00:00.0,0.0,0.0,0.0,0.0,1.0
2025-06-09T03:00:00.0,0.0,0.0,0.0,0.0,1.0
2025-06-09T04:00:00.0,1.0905,0.0,1.0905,0.0,0.6917
2025-06-09T05:00:00.0,9.1178,0.0,9.1178,0.0,0.8417
2025-06-09T06:00:00.0,21.9074,0.0338,21.8736,0.0915,1.0
2025-06-09T07:00:00.0,103.7867,1.3891,102.3977,3.4424,1.0
2025-06-09T08:00:00.0,97.9179,0.0122,97.9057,0.0201,1.0
2025-06-09T09:00:00.0,109.412,0.015,109.397,0.0205,1.0
2025-06-09T10:00:00.0,186.3921,0.1943,186.1978,0.2451,1.0
2025-06-09T11:00:00.0,260.1478,2.0796,258.0682,2.4216,1.0
2025-06-09T12:00:00.0,299.9594,4.0448,295.9146,4.627,1.0
2025-06-09T13:00:00.0,304.2572,4.7129,299.5443,5.4795,1.0
2025-06-09T14:00:00.0,267.1423,2.4451,264.6972,3.0419,1.0
2025-06-09T15:00:00.0,222.797,1.026,221.771,1.4271,1.0
2025-06-09T16:00:00.0,137.9078,0.0835,137.8242,0.1343,1.0
2025-06-09T17:00:00.0,109.3077,0.0476,109.2601,0.0967,1.0
2025-06-09T18:00:00.0,56.1078,0.0202,56.0875,0.0571,1.0
2025-06-09T19:00:00.0,56.697,0.8019,55.8951,6.4158,1.0
2025-06-09T20:00:00.0,11.6578,0.1211,11.5368,1.3485,0.7917
2025-06-09T21:00:00.0,0.0,0.0,0.0,0.0,1.0
2025-06-09T22:00:00.0,0.0,0.0,0.0,0.0,1.0
2025-06-09T23:00:00.0,0.0,0.0,0.0,0.0,1.0
2025-06-10T00:00:00.0,0.0,0.0,0.0,0.0,1.0
2025-06-10T01:00:00.0,0.0,0.0,0.0,0.0,1.0
2025-06-10T02:00:00.0,0.0,0.0,0.0,0.0,1.0
2025-06-10T03:00:00.0,0.0,0.0,0.0,0.0,1.0
2025-06-10T04:00:00.0,9.3207,0.9274,8.3933,15.4653,0.6917
2025-06-10T05:00:00.0,86.5315,25.5723,60.9593,153.5322,0.8417
2025-06-10T06:00:00.0,183.0901,42.73,140.36,141.6512,1.0
2025-06-10T07:00:00.0,262.7527,46.7258,216.027,103.6056,1.0
2025-06-10T08:00:00.0,336.4548,53.27,283.1848,92.8105,1.0
2025-06-10T09:00:00.0,155.0413,0.1004,154.9409,0.1469,1.0
2025-06-10T10:00:00.0,281.4754,6.713,274.7624,8.3245,1.0
2025-06-10T11:00:00.0,471.3304,78.2898,393.0407,91.2135,1.0
2025-06-10T12:00:00.0,594.002,157.6495,436.3525,180.3105,1.0
2025-06-10T13:00:00.0,433.342,89.1381,344.2039,102.8444,1.0
2025-06-10T14:00:00.0,339.982,14.5013,325.4807,17.9796,1.0
2025-06-10T15:00:00.0,324.2394,24.6748,299.5646,35.9785,1.0
2025-06-10T16:00:00.0,323.3769,47.0467,276.3301,76.0438,1.0
2025-06-10T17:00:00.0,214.8208,14.3151,200.5057,32.0602,1.0
2025-06-10T18:00:00.0,143.6975,9.2794,134.4181,29.5466,1.0
2025-06-10T19:00:00.0,91.5663,29.181,62.3853,176.0962,1.0
2025-06-10T20:00:00.0,15.1302,2.8963,12.2339,40.6829,0.775
2025-06-10T21:00:00.0,0.0,0.0,0.0,0.0,1.0
2025-06-10T22:00:00.0,0.0,0.0,0.0,0.0,1.0
2025-06-10T23:00:00.0,0.0,0.0,0.0,0.0,1.0
2025-06-11T00:00:00.0,0.0,0.0,0.0,0.0,1.0
2025-06-11T01:00:00.0,0.0,0.0,0.0,0.0,1.0
2025-06-11T02:00:00.0,0.0,0.0,0.0,0.0,1.0
2025-06-11T03:00:00.0,0.0,0.0,0.0,0.0,1.0
2025-06-11T04:00:00.0,1.3758,0.0,1.3758,0.0,0.6917
2025-06-11T05:00:00.0,11.7307,0.0,11.7307,0.0,0.8417
2025-06-11T06:00:00.0,143.9468,48.474,95.4728,147.2372,1.0
2025-06-11T07:00:00.0,137.8872,1.9758,135.9115,5.0919,1.0
2025-06-11T08:00:00.0,174.5593,0.9454,173.614,1.5353,1.0
2025-06-11T09:00:00.0,265.3134,6.7456,258.5678,9.339,1.0
2025-06-11T10:00:00.0,324.0159,12.4243,311.5916,15.6777,1.0
2025-06-11T11:00:00.0,341.4139,22.3638,319.0501,26.0824,1.0
2025-06-11T12:00:00.0,335.8744,8.9047,326.9696,10.1833,1.0
2025-06-11T13:00:00.0,304.3859,9.0978,295.2882,10.4953,1.0
2025-06-11T14:00:00.0,283.383,6.8227,276.5603,8.5626,1.0
2025-06-11T15:00:00.0,115.5689,0.0906,115.4783,0.1208,1.0
2025-06-11T16:00:00.0,101.5479,0.0537,101.4942,0.0902,1.0
2025-06-11T17:00:00.0,59.9506,0.0012,59.9494,0.0025,1.0
2025-06-11T18:00:00.0,71.6887,2.6447,69.044,8.0524,1.0
2025-06-11T19:00:00.0,40.8146,0.0943,40.7203,0.4823,1.0
2025-06-11T20:00:00.0,5.4757,0.0,5.4757,0.0,0.775
2025-06-11T21:00:00.0,0.0,0.0,0.0,0.0,1.0
2025-06-11T22:00:00.0,0.0,0.0,0.0,0.0,1.0
2025-06-11T23:00:00.0,0.0,0.0,0.0,0.0,1.0
2025-06-12T00:00:00.0,0.0,0.0,0.0,0.0,1.0
2025-06-12T01:00:00.0,0.0,0.0,0.0,0.0,1.0
2025-06-12T02:00:00.0,0.0,0.0,0.0,0.0,1.0
2025-06-12T03:00:00.0,0.0,0.0,0.0,0.0,1.0
2025-06-12T04:00:00.0,1.1088,0.0,1.1088,0.0,0.6833
2025-06-12T05:00:00.0,8.9865,0.0,8.9865,0.0,0.8417
2025-06-12T06:00:00.0,30.0233,0.0066,30.0167,0.0178,1.0
2025-06-12T07:00:00.0,55.8469,0.2704,55.5764,0.6707,1.0
2025-06-12T08:00:00.0,50.1586,0.0,50.1586,0.0,1.0
2025-06-12T09:00:00.0,102.7094,0.0005,102.7089,0.0007,1.0
2025-06-12T10:00:00.0,139.7361,0.0094,139.7267,0.0117,1.0
2025-06-12T11:00:00.0,196.5667,0.2399,196.3268,0.2775,1.0
2025-06-12T12:00:00.0,264.7,2.3191,262.381,2.6518,1.0
2025-06-12T13:00:00.0,253.0506,1.1436,251.907,1.3279,1.0
2025-06-12T14:00:00.0,255.6671,2.329,253.3381,2.9114,1.0
2025-06-12T15:00:00.0,160.6819,2.5829,158.099,3.8229,1.0
2025-06-12T16:00:00.0,284.6169,26.8139,257.8029,45.6793,1.0
2025-06-12T17:00:00.0,167.4141,8.4664,158.9477,16.293,1.0
2025-06-12T18:00:00.0,52.3237,0.0032,52.3205,0.0083,1.0
2025-06-12T19:00:00.0,43.4511,0.3632,43.088,2.4794,1.0
2025-06-12T20:00:00.0,5.193,0.0036,5.1893,0.0386,0.7667
2025-06-12T21:00:00.0,0.0,0.0,0.0,0.0,1.0
2025-06-12T22:00:00.0,0.0,0.0,0.0,0.0,1.0
2025-06-12T23:00:00.0,0.0,0.0,0.0,0.0,1.0
2025-06-13T00:00:00.0,0.0,0.0,0.0,0.0,1.0
2025-06-13T01:00:00.0,0.0,0.0,0.0,0.0,1.0
2025-06-13T02:00:00.0,0.0,0.0,0.0,0.0,1.0
2025-06-13T03:00:00.0,0.0,0.0,0.0,0.0,1.0
2025-06-13T04:00:00.0,6.2875,0.0192,6.2683,0.3172,0.6833
2025-06-13T05:00:00.0,76.5528,23.1072,53.4456,118.7658,0.8417
2025-06-13T06:00:00.0,222.5501,117.7509,104.7993,387.1848,1.0
2025-06-13T07:00:00.0,315.3297,143.4788,171.8509,323.2549,1.0
2025-06-13T08:00:00.0,549.2211,388.8151,160.406,664.1957,1.0
2025-06-13T09:00:00.0,537.6477,246.7919,290.8558,358.4149,1.0
2025-06-13T10:00:00.0,603.8364,252.6303,351.2061,321.9998,1.0
2025-06-13T11:00:00.0,637.7646,198.1362,439.6284,231.5694,1.0
2025-06-13T12:00:00.0,681.9938,260.6199,421.3739,297.4815,1.0
2025-06-13T13:00:00.0,490.9061,73.6797,417.2264,85.8139,1.0
2025-06-13T14:00:00.0,436.8613,58.241,378.6203,71.6954,1.0
2025-06-13T15:00:00.0,311.6072,16.0925,295.5146,22.6325,1.0
2025-06-13T16:00:00.0,196.5519,1.7758,194.7761,3.0088,1.0
2025-06-13T17:00:00.0,220.7024,15.8256,204.8768,35.1548,1.0
2025-06-13T18:00:00.0,91.6984,4.629,87.0694,12.5217,1.0
2025-06-13T19:00:00.0,54.8395,3.5217,51.3179,17.1442,1.0
2025-06-13T20:00:00.0,7.1399,0.0,7.1399,0.0001,0.7583
2025-06-13T21:00:00.0,0.0,0.0,0.0,0.0,1.0
2025-06-13T22:00:00.0,0.0,0.0,0.0,0.0,1.0
2025-06-13T23:00:00.0,0.0,0.0,0.0,0.0,1.0
2025-06-14T00:00:00.0,0.0,0.0,0.0,0.0,1.0
2025-06-14T01:00:00.0,0.0,0.0,0.0,0.0,1.0
2025-06-14T02:00:00.0,0.0,0.0,0.0,0.0,1.0
2025-06-14T03:00:00.0,0.0,0.0,0.0,0.0,1.0
2025-06-14T04:00:00.0,1.1784,0.0,1.1784,0.0,0.6833
2025-06-14T05:00:00.0,25.91,0.1869,25.7231,1.0242,0.8417
2025-06-14T06:00:00.0,143.0929,27.1871,115.9058,81.5686,1.0
2025-06-14T07:00:00.0,291.337,81.0897,210.2473,184.3241,1.0
2025-06-14T08:00:00.0,315.248,43.8497,271.3982,74.2958,1.0
2025-06-14T09:00:00.0,304.7937,16.6854,288.1083,24.0993,1.0
2025-06-14T10:00:00.0,443.7195,66.2485,377.471,83.7391,1.0
2025-06-14T11:00:00.0,463.2746,92.4415,370.8331,107.7227,1.0
2025-06-14T12:00:00.0,528.634,89.8988,438.7352,102.5102,1.0
2025-06-14T13:00:00.0,295.8672,20.6651,275.2021,23.7243,1.0
2025-06-14T14:00:00.0,381.0849,41.2299,339.8551,51.2667,1.0
2025-06-14T15:00:00.0,548.7983,252.1131,296.6852,346.4214,1.0
2025-06-14T16:00:00.0,517.1397,285.3251,231.8146,473.8634,1.0
2025-06-14T17:00:00.0,377.6092,195.6849,181.9243,415.4686,1.0
2025-06-14T18:00:00.0,228.3449,101.9485,126.3964,312.0594,1.0
2025-06-14T19:00:00.0,99.8423,33.1793,66.663,178.1471,1.0
2025-06-14T20:00:00.0,15.9533,2.3891,13.5641,32.1249,0.7583
2025-06-14T21:00:00.0,0.0,0.0,0.0,0.0,1.0
2025-06-14T22:00:00.0,0.0,0.0,0.0,0.0,1.0
2025-06-14T23:00:00.0,0.0,0.0,0.0,0.0,1.0
2025-06-15T00:00:00.0,0.0,0.0,0.0,0.0,1.0
2025-06-15T01:00:00.0,0.0,0.0,0.0,0.0,1.0
2025-06-15T02:00:00.0,0.0,0.0,0.0,0.0,1.0
2025-06-15T03:00:00.0,0.0,0.0,0.0,0.0,1.0
2025-06-15T04:00:00.0,1.3519,0.0,1.3519,0.0,0.6833
2025-06-15T05:00:00.0,11.2807,0.0,11.2807,0.0,0.8417
2025-06-15T06:00:00.0,81.3557,0.1499,81.2057,0.4377,1.0
2025-06-15T07:00:00.0,101.1999,0.1327,101.0673,0.2818,1.0
2025-06-15T08:00:00.0,210.6449,4.8838,205.7612,8.5795,1.0
2025-06-15T09:00:00.0,321.246,23.1643,298.0816,32.408,1.0
2025-06-15T10:00:00.0,414.255,58.7921,355.4629,73.9638,1.0
2025-06-15T11:00:00.0,524.0102,98.8876,425.1226,114.8322,1.0
2025-06-15T12:00:00.0,666.2172,212.3197,453.8975,242.2084,1.0
2025-06-15T13:00:00.0,308.3932,49.6408,258.7524,56.9586,1.0
2025-06-15T14:00:00.0,497.1678,148.6987,348.469,187.6318,1.0
2025-06-15T15:00:00.0,690.0898,507.6629,182.4269,706.9136,1.0
2025-06-15T16:00:00.0,532.6384,351.9159,180.7225,588.5574,1.0
2025-06-15T17:00:00.0,420.895,297.6787,123.2163,632.3857,1.0
2025-06-15T18:00:00.0,260.9911,164.9088,96.0823,503.1138,1.0
2025-06-15T19:00:00.0,113.9054,53.7762,60.1292,287.1785,1.0
2025-06-15T20:00:00.0,17.8032,3.9003,13.9029,51.6741,0.75
2025-06-15T21:00:00.0,0.0,0.0,0.0,0.0,1.0
2025-06-15T22:00:00.0,0.0,0.0,0.0,0.0,1.0
2025-06-15T23:00:00.0,0.0,0.0,0.0,0.0,1.0
2025-06-16T00:00:00.0,0.0,0.0,0.0,0.0,1.0
2025-06-16T01:00:00.0,0.0,0.0,0.0,0.0,1.0
2025-06-16T02:00:00.0,0.0,0.0,0.0,0.0,1.0
2025-06-16T03:00:00.0,0.0,0.0,0.0,0.0,1.0
2025-06-16T04:00:00.0,4.6318,0.0,4.6318,0.0001,0.6833
2025-06-16T05:00:00.0,54.9444,4.1412,50.8033,20.5046,0.8417
2025-06-16T06:00:00.0,197.5629,84.8794,112.6835,290.1757,1.0
2025-06-16T07:00:00.0,313.9799,148.3594,165.6206,312.6603,1.0
2025-06-16T08:00:00.0,507.0342,323.1398,183.8944,550.8549,1.0
2025-06-16T09:00:00.0,679.3965,498.3595,181.037,708.5084,1.0
2025-06-16T10:00:00.0,785.0578,586.9823,198.0755,738.019,1.0
2025-06-16T11:00:00.0,852.0493,640.7345,211.3148,749.8251,1.0
2025-06-16T12:00:00.0,791.3525,443.6651,347.6874,506.16,1.0
2025-06-16T13:00:00.0,809.4052,543.5693,265.836,632.7145,1.0
2025-06-16T14:00:00.0,777.2618,539.4894,237.7724,666.2657,1.0
2025-06-16T15:00:00.0,591.8278,286.2976,305.5302,393.4573,1.0
2025-06-16T16:00:00.0,476.1071,210.2199,265.8872,342.0989,1.0
2025-06-16T17:00:00.0,302.9849,82.7117,220.2732,181.1749,1.0
2025-06-16T18:00:00.0,168.5253,46.7416,121.7837,130.288,1.0
2025-06-16T19:00:00.0,67.923,10.0921,57.8309,62.9023,1.0
2025-06-16T20:00:00.0,15.4369,1.8777,13.5591,24.5248,0.75
2025-06-16T21:00:00.0,0.0,0.0,0.0,0.0,1.0
2025-06-16T22:00:00.0,0.0,0.0,0.0,0.0,1.0
2025-06-16T23:00:00.0,0.0,0.0,0.0,0.0,1.0
2025-06-17T00:00:00.0,0.0,0.0,0.0,0.0,1.0
2025-06-17T01:00:00.0,0.0,0.0,0.0,0.0,1.0
2025-06-17T02:00:00.0,0.0,0.0,0.0,0.0,1.0
2025-06-17T03:00:00.0,0.0,0.0,0.0,0.0,1.0
2025-06-17T04:00:00.0,1.2848,0.0,1.2848,0.0,0.6833
2025-06-17T05:00:00.0,10.7087,0.0,10.7087,0.0,0.8417
2025-06-17T06:00:00.0,28.5485,0.0,28.5485,0.0,1.0
2025-06-17T07:00:00.0,88.4714,1.1259,87.3455,2.1931,1.0
2025-06-17T08:00:00.0,367.69,116.1255,251.5645,198.9608,1.0
2025-06-17T09:00:00.0,439.6052,131.9798,307.6255,182.7405,1.0
2025-06-17T10:00:00.0,548.7792,184.8328,363.9464,232.6203,1.0
2025-06-17T11:00:00.0,734.8346,414.7474,320.0872,483.2739,1.0
2025-06-17T12:00:00.0,870.5852,668.2374,202.3477,761.8448,1.0
2025-06-17T13:00:00.0,747.775,445.4061,302.3688,517.3026,1.0
2025-06-17T14:00:00.0,749.4081,481.0123,268.3958,590.2105,1.0
2025-06-17T15:00:00.0,597.267,259.2136,338.0534,364.1894,1.0
2025-06-17T16:00:00.0,561.4384,393.9942,167.4441,653.419,1.0
2025-06-17T17:00:00.0,421.346,298.7455,122.6005,631.8931,1.0
2025-06-17T18:00:00.0,259.7486,161.2686,98.48,492.9946,1.0
2025-06-17T19:00:00.0,118.6307,60.4854,58.1453,322.8925,1.0
2025-06-17T20:00:00.0,19.5126,5.2957,14.2169,69.8263,0.7417
2025-06-17T21:00:00.0,0.0,0.0,0.0,0.0,1.0
2025-06-17T22:00:00.0,0.0,0.0,0.0,0.0,1.0
2025-06-17T23:00:00.0,0.0,0.0,0.0,0.0,1.0
2025-06-18T00:00:00.0,0.0,0.0,0.0,0.0,1.0
2025-06-18T01:00:00.0,0.0,0.0,0.0,0.0,1.0
2025-06-18T02:00:00.0,0.0,0.0,0.0,0.0,1.0
2025-06-18T03:00:00.0,0.0,0.0,0.0,0.0,1.0
2025-06-18T04:00:00.0,8.7298,0.7084,8.0214,11.7604,0.6833
2025-06-18T05:00:00.0,70.4403,9.8408,60.5994,63.8939,0.8417
2025-06-18T06:00:00.0,231.4738,147.6286,83.8452,478.8146,1.0
2025-06-18T07:00:00.0,400.3739,292.2896,108.0843,652.7547,1.0
2025-06-18T08:00:00.0,553.8941,423.5822,130.312,724.7588,1.0
2025-06-18T09:00:00.0,691.5211,549.1173,142.4037,780.8088,1.0
2025-06-18T10:00:00.0,775.8666,593.5613,182.3054,747.8508,1.0
2025-06-18T11:00:00.0,838.0206,647.7241,190.2965,756.2612,1.0
2025-06-18T12:00:00.0,900.7089,761.7571,138.9517,868.3126,1.0
2025-06-18T13:00:00.0,881.3568,742.2412,139.1155,861.5668,1.0
2025-06-18T14:00:00.0,818.0922,681.6039,136.4883,843.1323,1.0
2025-06-18T15:00:00.0,715.5602,584.5432,131.017,809.944,1.0
2025-06-18T16:00:00.0,581.691,459.7286,121.9624,756.9376,1.0
2025-06-18T17:00:00.0,427.532,319.826,107.706,675.6435,1.0
2025-06-18T18:00:00.0,268.1632,182.7912,85.372,555.2905,1.0
2025-06-18T19:00:00.0,122.2664,68.4163,53.8501,365.2512,1.0
2025-06-18T20:00:00.0,20.4363,6.5483,13.888,86.3078,0.7417
2025-06-18T21:00:00.0,0.0,0.0,0.0,0.0,1.0
2025-06-18T22:00:00.0,0.0,0.0,0.0,0.0,1.0
2025-06-18T23:00:00.0,0.0,0.0,0.0,0.0,1.0
2025-06-19T00:00:00.0,0.0,0.0,0.0,0.0,1.0
2025-06-19T01:00:00.0,0.0,0.0,0.0,0.0,1.0
2025-06-19T02:00:00.0,0.0,0.0,0.0,0.0,1.0
2025-06-19T03:00:00.0,0.0,0.0,0.0,0.0,1.0
2025-06-19T04:00:00.0,1.4713,0.0,1.4713,0.0,0.6833
2025-06-19T05:00:00.0,12.0818,0.0,12.0818,0.0,0.8417
2025-06-19T06:00:00.0,99.9271,2.4153,97.5118,6.8044,1.0
2025-06-19T07:00:00.0,339.8816,194.6408,145.2408,413.0864,1.0
2025-06-19T08:00:00.0,524.8956,359.2018,165.6938,620.8295,1.0
2025-06-19T09:00:00.0,546.5074,189.9002,356.6072,272.1479,1.0
2025-06-19T10:00:00.0,742.136,500.2185,241.9176,625.7148,1.0
2025-06-19T11:00:00.0,831.1851,593.8728,237.3123,696.2073,1.0
2025-06-19T12:00:00.0,750.0689,313.6794,436.3896,357.4945,1.0
2025-06-19T13:00:00.0,731.692,416.4274,315.2646,486.1928,1.0
2025-06-19T14:00:00.0,805.4324,636.1982,169.2342,786.7449,1.0
2025-06-19T15:00:00.0,706.2993,551.8506,154.4486,764.0627,1.0
2025-06-19T16:00:00.0,573.0918,430.7714,142.3204,708.4355,1.0
2025-06-19T17:00:00.0,419.9016,295.6978,124.2039,623.5037,1.0
2025-06-19T18:00:00.0,259.2984,159.3145,99.984,480.7283,1.0
2025-06-19T19:00:00.0,113.2982,50.054,63.2443,261.3153,1.0
2025-06-19T20:00:00.0,18.4304,3.3924,15.038,43.0987,0.7417
2025-06-19T21:00:00.0,0.0,0.0,0.0,0.0,1.0
2025-06-19T22:00:00.0,0.0,0.0,0.0,0.0,1.0
2025-06-19T23:00:00.0,0.0,0.0,0.0,0.0,1.0
2025-06-20T00:00:00.0,0.0,0.0,0.0,0.0,1.0
2025-06-20T01:00:00.0,0.0,0.0,0.0,0.0,1.0
2025-06-20T02:00:00.0,0.0,0.0,0.0,0.0,1.0
2025-06-20T03:00:00.0,0.0,0.0,0.0,0.0,1.0
2025-06-20T04:00:00.0,4.3054,0.0,4.3054,0.0,0.6833
2025-06-20T05:00:00.0,48.2989,8.6258,39.6731,41.0471,0.8417
2025-06-20T06:00:00.0,213.9657,102.8572,111.1085,336.8783,1.0
2025-06-20T07:00:00.0,370.3219,220.3777,149.9442,491.2823,1.0
2025-06-20T08:00:00.0,526.9494,352.5275,174.422,603.041,1.0
2025-06-20T09:00:00.0,585.6487,330.9702,254.6785,479.3386,1.0
2025-06-20T10:00:00.0,458.6136,91.859,366.7545,117.6661,1.0
2025-06-20T11:00:00.0,525.0076,126.8115,398.1961,147.3074,1.0
2025-06-20T12:00:00.0,680.3903,290.4271,389.9632,330.9955,1.0
2025-06-20T13:00:00.0,733.8245,442.1487,291.6758,509.6385,1.0
2025-06-20T14:00:00.0,509.8268,105.9082,403.9186,130.8528,1.0
2025-06-20T15:00:00.0,619.09,394.5583,224.5317,556.0903,1.0
2025-06-20T16:00:00.0,588.0599,446.8852,141.1747,734.6506,1.0
2025-06-20T17:00:00.0,435.5574,316.8824,118.675,667.8643,1.0
2025-06-20T18:00:00.0,255.4735,154.5066,100.9669,471.0078,1.0
2025-06-20T19:00:00.0,125.8015,67.9658,57.8357,362.1486,1.0
2025-06-20T20:00:00.0,21.745,6.7559,14.9891,87.7452,0.7333
2025-06-20T21:00:00.0,0.0,0.0,0.0,0.0,1.0
2025-06-20T22:00:00.0,0.0,0.0,0.0,0.0,1.0
2025-06-20T23:00:00.0,0.0,0.0,0.0,0.0,1.0
2025-06-21T00:00:00.0,0.0,0.0,0.0,0.0,1.0
2025-06-21T01:00:00.0,0.0,0.0,0.0,0.0,1.0
2025-06-21T02:00:00.0,0.0,0.0,0.0,0.0,1.0
2025-06-21T03:00:00.0,0.0,0.0,0.0,0.0,1.0
2025-06-21T04:00:00.0,6.4048,0.0191,6.3857,0.319,0.6833
2025-06-21T05:00:00.0,52.7395,0.3788,52.3608,2.4136,0.8417
2025-06-21T06:00:00.0,83.0249,0.7548,82.2701,2.1157,1.0
2025-06-21T07:00:00.0,318.4594,148.0723,170.3872,313.7426,1.0
2025-06-21T08:00:00.0,475.7973,293.7557,182.0416,513.4837,1.0
2025-06-21T09:00:00.0,173.9113,0.5836,173.3278,0.8493,1.0
2025-06-21T10:00:00.0,293.4303,9.0253,284.405,11.1824,1.0
2025-06-21T11:00:00.0,494.3024,83.7427,410.5597,97.7158,1.0
2025-06-21T12:00:00.0,505.1038,74.5799,430.5239,85.0012,1.0
2025-06-21T13:00:00.0,193.7035,10.7838,182.9197,12.3545,1.0
2025-06-21T14:00:00.0,390.5533,132.4374,258.1159,169.227,1.0
2025-06-21T15:00:00.0,510.7093,240.9888,269.7206,322.2074,1.0
2025-06-21T16:00:00.0,203.4007,3.0094,200.3913,5.22,1.0
2025-06-21T17:00:00.0,205.4377,9.8422,195.5955,19.8471,1.0
2025-06-21T18:00:00.0,205.9034,81.7913,124.112,269.4731,1.0
2025-06-21T19:00:00.0,120.1718,58.1864,61.9854,304.0434,1.0
2025-06-21T20:00:00.0,19.9705,4.4236,15.5469,55.8255,0.7333
2025-06-21T21:00:00.0,0.0,0.0,0.0,0.0,1.0
2025-06-21T22:00:00.0,0.0,0.0,0.0,0.0,1.0
2025-06-21T23:00:00.0,0.0,0.0,0.0,0.0,1.0
2025-06-22T00:00:00.0,0.0,0.0,0.0,0.0,1.0
2025-06-22T01:00:00.0,0.0,0.0,0.0,0.0,1.0
2025-06-22T02:00:00.0,0.0,0.0,0.0,0.0,1.0
2025-06-22T03:00:00.0,0.0,0.0,0.0,0.0,1.0
2025-06-22T04:00:00.0,1.2651,0.0,1.2651,0.0,0.6833
2025-06-22T05:00:00.0,16.753,0.0,16.753,0.0,0.8417
2025-06-22T06:00:00.0,41.234,0.0282,41.2057,0.0771,1.0
2025-06-22T07:00:00.0,130.8067,1.0694,129.7373,2.5986,1.0
2025-06-22T08:00:00.0,184.7473,1.0736,183.6737,1.871,1.0
2025-06-22T09:00:00.0,224.8224,8.8881,215.9343,12.0588,1.0
2025-06-22T10:00:00.0,365.4906,46.1998,319.2908,59.577,1.0
2025-06-22T11:00:00.0,423.154,53.9644,369.1896,62.6337,1.0
2025-06-22T12:00:00.0,506.7232,79.0908,427.6324,90.1562,1.0
2025-06-22T13:00:00.0,358.8979,56.5099,302.388,64.7688,1.0
2025-06-22T14:00:00.0,292.9796,7.8635,285.1161,9.9668,1.0
2025-06-22T15:00:00.0,423.3383,77.4677,345.8706,108.6502,1.0
2025-06-22T16:00:00.0,219.5865,12.8344,206.7521,20.578,1.0
2025-06-22T17:00:00.0,295.4382,117.6929,177.7453,263.8354,1.0
2025-06-22T18:00:00.0,217.1809,91.264,125.917,262.7842,1.0
2025-06-22T19:00:00.0,109.7913,41.4796,68.3117,243.7388,1.0
2025-06-22T20:00:00.0,22.9355,7.4497,15.4858,95.4323,0.7333
2025-06-22T21:00:00.0,0.0,0.0,0.0,0.0,1.0
2025-06-22T22:00:00.0,0.0,0.0,0.0,0.0,1.0
2025-06-22T23:00:00.0,0.0,0.0,0.0,0.0,1.0
2025-06-23T00:00:00.0,0.0,0.0,0.0,0.0,1.0
2025-06-23T01:00:00.0,0.0,0.0,0.0,0.0,1.0
2025-06-23T02:00:00.0,0.0,0.0,0.0,0.0,1.0
2025-06-23T03:00:00.0,0.0,0.0,0.0,0.0,1.0
2025-06-23T04:00:00.0,1.2938,0.0,1.2938,0.0,0.6917
2025-06-23T05:00:00.0,10.9628,0.0,10.9628,0.0,0.8417
2025-06-23T06:00:00.0,90.3473,5.2241,85.1232,14.6939,1.0
2025-06-23T07:00:00.0,218.6908,29.0291,189.6617,68.6794,1.0
2025-06-23T08:00:00.0,350.8727,76.4019,274.4708,134.6152,1.0
2025-06-23T09:00:00.0,511.2992,197.2025,314.0967,276.1175,1.0
2025-06-23T10:00:00.0,799.9024,635.4209,164.4815,799.087,1.0
2025-06-23T11:00:00.0,877.4408,721.5536,155.8871,844.9979,1.0
2025-06-23T12:00:00.0,693.0256,282.9123,410.1133,322.7589,1.0
2025-06-23T13:00:00.0,373.2815,41.2278,332.0537,47.2968,1.0
2025-06-23T14:00:00.0,441.7558,71.6533,370.1025,87.617,1.0
2025-06-23T15:00:00.0,146.4763,0.6019,145.8745,0.8764,1.0
2025-06-23T16:00:00.0,329.2535,55.6916,273.5619,94.2125,1.0
2025-06-23T17:00:00.0,141.8628,4.6476,137.2152,8.7209,1.0
2025-06-23T18:00:00.0,41.1962,0.0082,41.188,0.032,1.0
2025-06-23T19:00:00.0,58.3463,1.0068,57.3394,6.0171,1.0
2025-06-23T20:00:00.0,12.349,0.0021,12.3468,0.0295,0.7333
2025-06-23T21:00:00.0,0.0,0.0,0.0,0.0,1.0
2025-06-23T22:00:00.0,0.0,0.0,0.0,0.0,1.0
2025-06-23T23:00:00.0,0.0,0.0,0.0,0.0,1.0
2025-06-24T00:00:00.0,0.0,0.0,0.0,0.0,1.0
2025-06-24T01:00:00.0,0.0,0.0,0.0,0.0,1.0
2025-06-24T02:00:00.0,0.0,0.0,0.0,0.0,1.0
2025-06-24T03:00:00.0,0.0,0.0,0.0,0.0,1.0
2025-06-24T04:00:00.0,1.329,0.0,1.329,0.0,0.6917
2025-06-24T05:00:00.0,14.0915,0.0001,14.0914,0.0003,0.8417
2025-06-24T06:00:00.0,120.5727,7.7246,112.8481,22.5519,1.0
2025-06-24T07:00:00.0,233.9445,43.4622,190.4823,100.1728,1.0
2025-06-24T08:00:00.0,206.3407,2.1702,204.1705,3.8158,1.0
2025-06-24T09:00:00.0,236.2285,4.5787,231.6497,6.3488,1.0
2025-06-24T10:00:00.0,274.8007,9.7617,265.039,12.4234,1.0
2025-06-24T11:00:00.0,398.55,76.0555,322.4945,88.4558,1.0
2025-06-24T12:00:00.0,492.8809,74.9822,417.8987,85.5171,1.0
2025-06-24T13:00:00.0,220.5543,8.1388,212.4155,9.3252,1.0
2025-06-24T14:00:00.0,260.3177,3.6092,256.7085,4.5309,1.0
2025-06-24T15:00:00.0,222.8896,14.2338,208.6558,20.824,1.0
2025-06-24T16:00:00.0,337.9084,58.6132,279.2952,94.034,1.0
2025-06-24T17:00:00.0,257.0794,45.566,211.5134,97.1028,1.0
2025-06-24T18:00:00.0,124.4415,10.6343,113.8072,29.2165,1.0
2025-06-24T19:00:00.0,80.756,10.6775,70.0785,47.6666,1.0
2025-06-24T20:00:00.0,7.379,0.0,7.379,0.0,0.7333
2025-06-24T21:00:00.0,0.0,0.0,0.0,0.0,1.0
2025-06-24T22:00:00.0,0.0,0.0,0.0,0.0,1.0
2025-06-24T23:00:00.0,0.0,0.0,0.0,0.0,1.0
2025-06-25T00:00:00.0,0.0,0.0,0.0,0.0,1.0
2025-06-25T01:00:00.0,0.0,0.0,0.0,0.0,1.0
2025-06-25T02:00:00.0,0.0,0.0,0.0,0.0,1.0
2025-06-25T03:00:00.0,0.0,0.0,0.0,0.0,1.0
2025-06-25T04:00:00.0,2.855,0.0,2.855,0.0,0.7
2025-06-25T05:00:00.0,31.4459,0.0009,31.4451,0.004,0.8417
2025-06-25T06:00:00.0,120.1396,11.8632,108.2765,33.7696,1.0
2025-06-25T07:00:00.0,262.8604,123.4902,139.3702,280.2481,1.0
2025-06-25T08:00:00.0,277.9349,50.9449,226.9901,95.0947,1.0
2025-06-25T09:00:00.0,223.8287,6.1321,217.6966,8.3681,1.0
2025-06-25T10:00:00.0,182.0215,2.386,179.6355,3.1448,1.0
2025-06-25T11:00:00.0,432.5283,167.3546,265.1737,193.0923,1.0
2025-06-25T12:00:00.0,702.8987,324.8851,378.0136,370.6897,1.0
2025-06-25T13:00:00.0,424.0657,57.5743,366.4914,66.3394,1.0
2025-06-25T14:00:00.0,276.256,13.7499,262.5062,16.5679,1.0
2025-06-25T15:00:00.0,238.4064,3.9917,234.4147,5.4575,1.0
2025-06-25T16:00:00.0,124.093,0.3793,123.7137,0.6346,1.0
2025-06-25T17:00:00.0,216.4343,29.8744,186.5599,64.2264,1.0
2025-06-25T18:00:00.0,149.6935,17.9687,131.7248,60.9926,1.0
2025-06-25T19:00:00.0,59.6168,2.1686,57.4482,9.7588,1.0
2025-06-25T20:00:00.0,19.9136,4.2949,15.6187,58.1058,0.7333
2025-06-25T21:00:00.0,0.0,0.0,0.0,0.0,1.0
2025-06-25T22:00:00.0,0.0,0.0,0.0,0.0,1.0
2025-06-25T23:00:00.0,0.0,0.0,0.0,0.0,1.0
2025-06-26T00:00:00.0,0.0,0.0,0.0,0.0,1.0
2025-06-26T01:00:00.0,0.0,0.0,0.0,0.0,1.0
2025-06-26T02:00:00.0,0.0,0.0,0.0,0.0,1.0
2025-06-26T03:00:00.0,0.0,0.0,0.0,0.0,1.0
2025-06-26T04:00:00.0,9.4121,1.4797,7.9324,25.4579,0.7
2025-06-26T05:00:00.0,51.3222,13.4465,37.8757,106.9534,0.8417
2025-06-26T06:00:00.0,215.5205,123.1861,92.3344,396.7408,1.0
2025-06-26T07:00:00.0,375.5133,230.4872,145.026,529.2859,1.0
2025-06-26T08:00:00.0,503.5077,324.5521,178.9556,567.1772,1.0
2025-06-26T09:00:00.0,439.2395,126.8256,312.4139,179.2511,1.0
2025-06-26T10:00:00.0,525.9543,138.4432,387.5111,177.4017,1.0
2025-06-26T11:00:00.0,541.0309,119.1949,421.8361,139.8514,1.0
2025-06-26T12:00:00.0,500.9195,72.274,428.6455,82.4759,1.0
2025-06-26T13:00:00.0,306.2882,10.4639,295.8243,12.0058,1.0
2025-06-26T14:00:00.0,189.2495,0.726,188.5235,0.8763,1.0
2025-06-26T15:00:00.0,128.8479,1.563,127.2848,2.2181,1.0
2025-06-26T16:00:00.0,219.5009,10.5159,208.9849,17.9562,1.0
2025-06-26T17:00:00.0,122.9458,0.9604,121.9854,1.8527,1.0
2025-06-26T18:00:00.0,59.8778,2.2346,57.6432,8.2263,1.0
2025-06-26T19:00:00.0,52.995,8.0934,44.9016,50.3787,1.0
2025-06-26T20:00:00.0,17.0333,3.359,13.6744,45.3041,0.7333
2025-06-26T21:00:00.0,0.0,0.0,0.0,0.0,1.0
2025-06-26T22:00:00.0,0.0,0.0,0.0,0.0,1.0
2025-06-26T23:00:00.0,0.0,0.0,0.0,0.0,1.0
2025-06-27T00:00:00.0,0.0,0.0,0.0,0.0,1.0
2025-06-27T01:00:00.0,0.0,0.0,0.0,0.0,1.0
2025-06-27T02:00:00.0,0.0,0.0,0.0,0.0,1.0
2025-06-27T03:00:00.0,0.0,0.0,0.0,0.0,1.0
2025-06-27T04:00:00.0,4.949,0.0,4.9489,0.0003,0.7
2025-06-27T05:00:00.0,25.5322,0.0001,25.532,0.0012,0.8417
2025-06-27T06:00:00.0,21.0425,0.0,21.0425,0.0,1.0
2025-06-27T07:00:00.0,51.1715,0.0,51.1715,0.0,1.0
2025-06-27T08:00:00.0,76.7752,0.003,76.7722,0.0048,1.0
2025-06-27T09:00:00.0,123.3564,0.1146,123.2418,0.1708,1.0
2025-06-27T10:00:00.0,143.1751,0.0509,143.1242,0.0634,1.0
2025-06-27T11:00:00.0,239.5869,4.1452,235.4417,4.8175,1.0
2025-06-27T12:00:00.0,404.9369,32.2877,372.6492,36.8085,1.0
2025-06-27T13:00:00.0,153.4822,4.7341,148.7481,5.4278,1.0
2025-06-27T14:00:00.0,63.5995,0.0035,63.5961,0.0045,1.0
2025-06-27T15:00:00.0,107.164,0.1143,107.0497,0.1516,1.0
2025-06-27T16:00:00.0,86.0493,0.0044,86.0449,0.0075,1.0
2025-06-27T17:00:00.0,95.7284,0.0106,95.7178,0.0208,1.0
2025-06-27T18:00:00.0,31.0575,0.0,31.0575,0.0,1.0
2025-06-27T19:00:00.0,45.8465,0.1791,45.6674,1.2683,1.0
2025-06-27T20:00:00.0,11.1633,0.0212,11.1421,0.2067,0.7333
2025-06-27T21:00:00.0,0.0,0.0,0.0,0.0,1.0
2025-06-27T22:00:00.0,0.0,0.0,0.0,0.0,1.0
2025-06-27T23:00:00.0,0.0,0.0,0.0,0.0,1.0
2025-06-28T00:00:00.0,0.0,0.0,0.0,0.0,1.0
2025-06-28T01:00:00.0,0.0,0.0,0.0,0.0,1.0
2025-06-28T02:00:00.0,0.0,0.0,0.0,0.0,1.0
2025-06-28T03:00:00.0,0.0,0.0,0.0,0.0,1.0
2025-06-28T04:00:00.0,1.1153,0.0,1.1153,0.0,0.7083
2025-06-28T05:00:00.0,10.5243,0.0,10.5243,0.0,0.8417
2025-06-28T06:00:00.0,21.1553,0.0,21.1553,0.0,1.0
2025-06-28T07:00:00.0,75.6078,0.0008,75.607,0.0019,1.0
2025-06-28T08:00:00.0,57.7061,0.0005,57.7056,0.001,1.0
2025-06-28T09:00:00.0,100.6889,0.0806,100.6083,0.1091,1.0
2025-06-28T10:00:00.0,223.1252,2.3024,220.8228,2.8952,1.0
2025-06-28T11:00:00.0,353.5623,40.725,312.8374,47.3361,1.0
2025-06-28T12:00:00.0,492.5254,73.8127,418.7127,84.2909,1.0
2025-06-28T13:00:00.0,347.89,14.7669,333.1231,17.0042,1.0
2025-06-28T14:00:00.0,205.5557,0.5897,204.966,0.7128,1.0
2025-06-28T15:00:00.0,92.7305,0.0052,92.7253,0.0071,1.0
2025-06-28T16:00:00.0,127.2306,0.7215,126.5091,1.2896,1.0
2025-06-28T17:00:00.0,145.7252,0.5807,145.1445,1.1547,1.0
2025-06-28T18:00:00.0,66.4174,0.0284,66.3889,0.0751,1.0
2025-06-28T19:00:00.0,41.6897,0.0017,41.6881,0.0106,1.0
2025-06-28T20:00:00.0,12.3912,0.0006,12.3906,0.0078,0.7333
2025-06-28T21:00:00.0,0.0,0.0,0.0,0.0,1.0
2025-06-28T22:00:00.0,0.0,0.0,0.0,0.0,1.0
2025-06-28T23:00:00.0,0.0,0.0,0.0,0.0,1.0
2025-06-29T00:00:00.0,0.0,0.0,0.0,0.0,1.0
2025-06-29T01:00:00.0,0.0,0.0,0.0,0.0,1.0
2025-06-29T02:00:00.0,0.0,0.0,0.0,0.0,1.0
2025-06-29T03:00:00.0,0.0,0.0,0.0,0.0,1.0
2025-06-29T04:00:00.0,1.1003,0.0,1.1003,0.0,0.7167
2025-06-29T05:00:00.0,10.6317,0.0,10.6317,0.0,0.8417
2025-06-29T06:00:00.0,58.6189,0.0221,58.5969,0.0632,1.0
2025-06-29T07:00:00.0,65.3555,0.01,65.3454,0.0268,1.0
2025-06-29T08:00:00.0,117.1763,0.0357,117.1405,0.0612,1.0
2025-06-29T09:00:00.0,134.217,0.1559,134.0611,0.2155,1.0
2025-06-29T10:00:00.0,206.5198,0.4006,206.1192,0.5,1.0
2025-06-29T11:00:00.0,430.9915,60.8669,370.1247,71.343,1.0
2025-06-29T12:00:00.0,422.6189,34.6695,387.9494,39.6392,1.0
2025-06-29T13:00:00.0,195.9826,7.7704,188.2122,8.9194,1.0
2025-06-29T14:00:00.0,218.5061,1.7234,216.7828,2.1704,1.0
2025-06-29T15:00:00.0,159.5079,0.2082,159.2997,0.2747,1.0
2025-06-29T16:00:00.0,144.5821,0.0568,144.5253,0.0955,1.0
2025-06-29T17:00:00.0,136.1928,0.1164,136.0763,0.258,1.0
2025-06-29T18:00:00.0,90.7606,0.0388,90.7218,0.12,1.0
2025-06-29T19:00:00.0,71.8899,2.3895,69.5004,14.5926,1.0
2025-06-29T20:00:00.0,10.3141,0.0082,10.3058,0.0809,0.7333
2025-06-29T21:00:00.0,0.0,0.0,0.0,0.0,1.0
2025-06-29T22:00:00.0,0.0,0.0,0.0,0.0,1.0
2025-06-29T23:00:00.0,0.0,0.0,0.0,0.0,1.0
2025-06-30T00:00:00.0,0.0,0.0,0.0,0.0,1.0
2025-06-30T01:00:00.0,0.0,0.0,0.0,0.0,1.0
2025-06-30T02:00:00.0,0.0,0.0,0.0,0.0,1.0
2025-06-30T03:00:00.0,0.0,0.0,0.0,0.0,1.0
2025-06-30T04:00:00.0,1.0505,0.0,1.0505,0.0,0.7167
2025-06-30T05:00:00.0,10.8317,0.0119,10.8198,0.0557,0.8417
2025-06-30T06:00:00.0,58.4778,0.5579,57.9199,2.2355,1.0
2025-06-30T07:00:00.0,38.6558,0.0138,38.642,0.0369,1.0
2025-06-30T08:00:00.0,71.4538,0.0004,71.4534,0.0008,1.0
2025-06-30T09:00:00.0,82.2628,0.0003,82.2625,0.0004,1.0
2025-06-30T10:00:00.0,91.2811,0.0287,91.2524,0.0361,1.0
2025-06-30T11:00:00.0,340.6163,18.7806,321.8356,21.8836,1.0
2025-06-30T12:00:00.0,475.803,72.5819,403.2211,83.0322,1.0
2025-06-30T13:00:00.0,304.6823,7.244,297.4383,8.3444,1.0
2025-06-30T14:00:00.0,395.6447,43.1908,352.4539,53.969,1.0
2025-06-30T15:00:00.0,402.6511,67.9353,334.7158,91.2494,1.0
2025-06-30T16:00:00.0,199.1912,3.7816,195.4096,6.542,1.0
2025-06-30T17:00:00.0,174.3348,10.4596,163.8751,20.5524,1.0
2025-06-30T18:00:00.0,65.6328,0.2224,65.4103,0.8386,1.0
2025-06-30T19:00:00.0,92.06,27.4919,64.5681,176.579,1.0
2025-06-30T20:00:00.0,11.5397,1.9237,9.6159,18.9578,0.7417
2025-06-30T21:00:00.0,0.0,0.0,0.0,0.0,1.0
2025-06-30T22:00:00.0,0.0,0.0,0.0,0.0,1.0
2025-06-30T23:00:00.0,0.0,0.0,0.0,0.0,1.0
2025-07-01T00:00:00.0,0.0,0.0,0.0,0.0,1.0
2025-07-01T01:00:00.0,0.0,0.0,0.0,0.0,1.0
2025-07-01T02:00:00.0,0.0,0.0,0.0,0.0,1.0
2025-07-01T03:00:00.0,0.0,0.0,0.0,0.0,1.0
2025-07-01T04:00:00.0,6.6286,0.1612,6.4674,3.0159,0.725
2025-07-01T05:00:00.0,69.7379,10.347,59.3909,57.1479,0.8417
2025-07-01T06:00:00.0,192.0273,78.6254,113.4019,286.1257,1.0
2025-07-01T07:00:00.0,117.0158,2.13,114.8859,5.6808,1.0
2025-07-01T08:00:00.0,274.2394,28.4737,245.7657,48.1108,1.0
2025-07-01T09:00:00.0,427.3024,73.6709,353.6316,103.0287,1.0
2025-07-01T10:00:00.0,543.6727,140.3517,403.321,177.0542,1.0
2025-07-01T11:00:00.0,502.2106,91.0944,411.1162,106.9949,1.0
2025-07-01T12:00:00.0,605.8076,176.1042,429.7034,201.3724,1.0
2025-07-01T13:00:00.0,480.2949,70.5551,409.7398,82.2928,1.0
2025-07-01T14:00:00.0,434.4573,47.9981,386.4592,59.2199,1.0
2025-07-01T15:00:00.0,400.0789,53.1862,346.8927,73.1898,1.0
2025-07-01T16:00:00.0,359.9673,79.8122,280.155,136.3978,1.0
2025-07-01T17:00:00.0,295.5007,90.5708,204.9298,193.1706,1.0
2025-07-01T18:00:00.0,240.8492,129.7158,111.1334,381.4541,1.0
2025-07-01T19:00:00.0,98.3821,29.9822,68.3999,178.5097,1.0
2025-07-01T20:00:00.0,16.8187,1.7371,15.0816,19.4289,0.7417
2025-07-01T21:00:00.0,0.0,0.0,0.0,0.0,1.0
2025-07-01T22:00:00.0,0.0,0.0,0.0,0.0,1.0
2025-07-01T23:00:00.0,0.0,0.0,0.0,0.0,1.0
2025-07-02T00:00:00.0,0.0,0.0,0.0,0.0,1.0
2025-07-02T01:00:00.0,0.0,0.0,0.0,0.0,1.0
2025-07-02T02:00:00.0,0.0,0.0,0.0,0.0,1.0
2025-07-02T03:00:00.0,0.0,0.0,0.0,0.0,1.0
2025-07-02T04:00:00.0,7.7979,1.6005,6.1974,30.2858,0.7333
2025-07-02T05:00:00.0,87.4812,41.7133,45.768,273.5039,0.8417
2025-07-02T06:00:00.0,230.8996,146.3306,84.569,501.2711,1.0
2025-07-02T07:00:00.0,394.0788,286.0361,108.0427,655.1721,1.0
2025-07-02T08:00:00.0,554.3985,432.6477,121.7508,753.7017,1.0
2025-07-02T09:00:00.0,606.9852,394.0025,212.9827,570.8643,1.0
2025-07-02T10:00:00.0,602.9508,267.605,335.3459,335.7594,1.0
2025-07-02T11:00:00.0,578.2947,178.1013,400.1935,211.4413,1.0
2025-07-02T12:00:00.0,720.239,367.149,353.09,420.2631,1.0
2025-07-02T13:00:00.0,547.2449,190.2336,357.0113,219.7522,1.0
2025-07-02T14:00:00.0,584.8328,261.2701,323.5627,330.0632,1.0
2025-07-02T15:00:00.0,648.2006,436.981,211.2196,603.0239,1.0
2025-07-02T16:00:00.0,489.0584,265.2401,223.8183,444.7224,1.0
2025-07-02T17:00:00.0,445.3759,350.8982,94.4777,739.1857,1.0
2025-07-02T18:00:00.0,285.2262,211.2078,74.0184,639.8416,1.0
2025-07-02T19:00:00.0,134.1172,85.9061,48.2111,460.1691,1.0
2025-07-02T20:00:00.0,22.8021,9.4877,13.3144,126.4976,0.7417
2025-07-02T21:00:00.0,0.0,0.0,0.0,0.0,1.0
2025-07-02T22:00:00.0,0.0,0.0,0.0,0.0,1.0
2025-07-02T23:00:00.0,0.0,0.0,0.0,0.0,1.0
2025-07-03T00:00:00.0,0.0,0.0,0.0,0.0,1.0
2025-07-03T01:00:00.0,0.0,0.0,0.0,0.0,1.0
2025-07-03T02:00:00.0,0.0,0.0,0.0,0.0,1.0
2025-07-03T03:00:00.0,0.0,0.0,0.0,0.0,1.0
2025-07-03T04:00:00.0,5.9481,0.438,5.5101,8.478,0.7333
2025-07-03T05:00:00.0,76.5636,26.4889,50.0747,159.0083,0.8417
2025-07-03T06:00:00.0,230.4389,155.0255,75.4134,533.2535,1.0
2025-07-03T07:00:00.0,390.4866,293.2371,97.2495,674.4462,1.0
2025-07-03T08:00:00.0,509.7095,355.1501,154.5595,628.2053,1.0
2025-07-03T09:00:00.0,596.4983,322.0271,274.4712,463.114,1.0
2025-07-03T10:00:00.0,609.4713,283.5887,325.8825,358.7994,1.0
2025-07-03T11:00:00.0,765.6527,482.0734,283.5793,569.5309,1.0
2025-07-03T12:00:00.0,664.6376,243.2589,421.3788,278.9168,1.0
2025-07-03T13:00:00.0,812.6977,543.3559,269.3418,631.3939,1.0
2025-07-03T14:00:00.0,694.1321,330.8464,363.2857,413.0599,1.0
2025-07-03T15:00:00.0,661.6342,416.1023,245.5318,576.0313,1.0
2025-07-03T16:00:00.0,567.2513,406.3458,160.9055,668.2349,1.0
2025-07-03T17:00:00.0,370.2148,192.216,177.9988,406.8136,1.0
2025-07-03T18:00:00.0,240.7227,130.991,109.7317,385.9934,1.0
2025-07-03T19:00:00.0,111.3174,48.4242,62.8932,257.9846,1.0
2025-07-03T20:00:00.0,17.895,3.7547,14.1403,48.6316,0.75
2025-07-03T21:00:00.0,0.0,0.0,0.0,0.0,1.0
2025-07-03T22:00:00.0,0.0,0.0,0.0,0.0,1.0
2025-07-03T23:00:00.0,0.0,0.0,0.0,0.0,1.0
2025-07-04T00:00:00.0,0.0,0.0,0.0,0.0,1.0
2025-07-04T01:00:00.0,0.0,0.0,0.0,0.0,1.0
2025-07-04T02:00:00.0,0.0,0.0,0.0,0.0,1.0
2025-07-04T03:00:00.0,0.0,0.0,0.0,0.0,1.0
2025-07-04T04:00:00.0,0.8341,0.0,0.8341,0.0,0.7417
2025-07-04T05:00:00.0,34.9285,0.2044,34.7241,1.1529,0.8417
2025-07-04T06:00:00.0,78.8953,1.6506,77.2447,6.0228,1.0
2025-07-04T07:00:00.0,82.1737,0.0376,82.1361,0.0769,1.0
2025-07-04T08:00:00.0,225.4459,5.3767,220.0692,9.065,1.0
2025-07-04T09:00:00.0,285.781,9.2852,276.4958,13.2176,1.0
2025-07-04T10:00:00.0,289.966,6.3096,283.6563,8.1357,1.0
2025-07-04T11:00:00.0,463.9388,70.1763,393.7625,82.1317,1.0
2025-07-04T12:00:00.0,540.2151,117.3737,422.8414,134.5819,1.0
2025-07-04T13:00:00.0,424.0461,36.6304,387.4157,42.6972,1.0
2025-07-04T14:00:00.0,263.6348,4.8508,258.784,5.8636,1.0
2025-07-04T15:00:00.0,144.3303,0.4089,143.9214,0.5914,1.0
2025-07-04T16:00:00.0,182.8792,1.6765,181.2026,2.759,1.0
2025-07-04T17:00:00.0,79.3216,0.1145,79.2071,0.2146,1.0
2025-07-04T18:00:00.0,35.884,0.004,35.88,0.0155,1.0
2025-07-04T19:00:00.0,39.5859,0.1096,39.4763,0.4904,1.0
2025-07-04T20:00:00.0,2.9024,0.0,2.9024,0.0,0.75
2025-07-04T21:00:00.0,0.0,0.0,0.0,0.0,1.0
2025-07-04T22:00:00.0,0.0,0.0,0.0,0.0,1.0
2025-07-04T23:00:00.0,0.0,0.0,0.0,0.0,1.0
2025-07-05T00:00:00.0,0.0,0.0,0.0,0.0,1.0
2025-07-05T01:00:00.0,0.0,0.0,0.0,0.0,1.0
2025-07-05T02:00:00.0,0.0,0.0,0.0,0.0,1.0
2025-07-05T03:00:00.0,0.0,0.0,0.0,0.0,1.0
2025-07-05T04:00:00.0,0.8464,0.0,0.8464,0.0,0.75
2025-07-05T05:00:00.0,10.1913,0.0,10.1913,0.0,0.8417
2025-07-05T06:00:00.0,136.5074,19.8599,116.6475,63.284,1.0
2025-07-05T07:00:00.0,123.1783,3.3353,119.843,8.805,1.0
2025-07-05T08:00:00.0,328.8641,57.9134,270.9508,99.8645,1.0
2025-07-05T09:00:00.0,422.3244,78.3382,343.9862,113.177,1.0
2025-07-05T10:00:00.0,568.816,160.152,408.664,203.475,1.0
2025-07-05T11:00:00.0,677.413,216.1195,461.2935,254.8694,1.0
2025-07-05T12:00:00.0,805.8077,469.4581,336.3496,538.5128,1.0
2025-07-05T13:00:00.0,766.2379,375.7854,390.4525,438.6973,1.0
2025-07-05T14:00:00.0,791.3025,593.6684,197.6341,736.9758,1.0
2025-07-05T15:00:00.0,679.6786,472.3231,207.3556,655.5274,1.0
2025-07-05T16:00:00.0,546.0531,370.1168,175.9363,607.547,1.0
2025-07-05T17:00:00.0,404.0986,257.9728,146.1258,543.8528,1.0
2025-07-05T18:00:00.0,239.9426,127.0649,112.8777,386.6635,1.0
2025-07-05T19:00:00.0,105.7116,41.3207,64.391,218.1872,1.0
2025-07-05T20:00:00.0,16.4452,2.788,13.6572,36.6737,0.7583
2025-07-05T21:00:00.0,0.0,0.0,0.0,0.0,1.0
2025-07-05T22:00:00.0,0.0,0.0,0.0,0.0,1.0
2025-07-05T23:00:00.0,0.0,0.0,0.0,0.0,1.0
2025-07-06T00:00:00.0,0.0,0.0,0.0,0.0,1.0
2025-07-06T01:00:00.0,0.0,0.0,0.0,0.0,1.0
2025-07-06T02:00:00.0,0.0,0.0,0.0,0.0,1.0
2025-07-06T03:00:00.0,0.0,0.0,0.0,0.0,1.0
2025-07-06T04:00:00.0,0.8205,0.0,0.8205,0.0,0.7583
2025-07-06T05:00:00.0,47.484,15.5949,31.8891,94.8875,0.8417
2025-07-06T06:00:00.0,173.5553,80.8026,92.7527,252.0237,1.0
2025-07-06T07:00:00.0,178.5822,26.5075,152.0747,65.8438,1.0
2025-07-06T08:00:00.0,252.1019,24.1263,227.9756,45.3073,1.0
2025-07-06T09:00:00.0,290.9836,17.0051,273.9785,25.3375,1.0
2025-07-06T10:00:00.0,311.4048,41.2012,270.2035,51.7066,1.0
2025-07-06T11:00:00.0,388.2703,60.9007,327.3696,71.7132,1.0
2025-07-06T12:00:00.0,459.7252,49.1781,410.547,56.5214,1.0
2025-07-06T13:00:00.0,323.9464,16.9645,306.9819,19.65,1.0
2025-07-06T14:00:00.0,398.555,55.8756,342.6794,70.6868,1.0
2025-07-06T15:00:00.0,426.2246,79.0259,347.1986,108.5255,1.0
2025-07-06T16:00:00.0,249.2434,10.8274,238.416,16.9224,1.0
2025-07-06T17:00:00.0,121.7522,0.1053,121.6469,0.2069,1.0
2025-07-06T18:00:00.0,53.8843,0.0036,53.8808,0.0107,1.0
2025-07-06T19:00:00.0,44.2476,0.0203,44.2273,0.1311,1.0
2025-07-06T20:00:00.0,3.6577,0.0,3.6577,0.0,0.7583
2025-07-06T21:00:00.0,0.0,0.0,0.0,0.0,1.0
2025-07-06T22:00:00.0,0.0,0.0,0.0,0.0,1.0
2025-07-06T23:00:00.0,0.0,0.0,0.0,0.0,1.0
2025-07-07T00:00:00.0,0.0,0.0,0.0,0.0,1.0
2025-07-07T01:00:00.0,0.0,0.0,0.0,0.0,1.0
2025-07-07T02:00:00.0,0.0,0.0,0.0,0.0,1.0
2025-07-07T03:00:00.0,0.0,0.0,0.0,0.0,1.0
2025-07-07T04:00:00.0,6.2369,1.6351,4.6018,34.4175,0.7667
2025-07-07T05:00:00.0,89.6526,52.038,37.6146,362.0649,0.8417
2025-07-07T06:00:00.0,222.7035,150.6564,72.047,541.9103,1.0
2025-07-07T07:00:00.0,385.0805,290.8871,94.1934,674.1274,1.0
2025-07-07T08:00:00.0,552.4382,446.2148,106.2234,787.3099,1.0
2025-07-07T09:00:00.0,692.6768,573.9898,118.687,834.7633,1.0
2025-07-07T10:00:00.0,803.3591,677.8052,125.5538,866.4728,1.0
2025-07-07T11:00:00.0,875.7239,746.4682,129.2558,884.1364,1.0
2025-07-07T12:00:00.0,853.3278,635.2402,218.0876,730.9165,1.0
2025-07-07T13:00:00.0,879.5278,723.1708,156.3569,845.163,1.0
2025-07-07T14:00:00.0,823.6332,673.5095,150.1237,836.8328,1.0
2025-07-07T15:00:00.0,720.3518,572.2286,148.1232,795.3757,1.0
2025-07-07T16:00:00.0,564.4392,399.9175,164.5217,654.0294,1.0
2025-07-07T17:00:00.0,409.0864,260.9277,148.1586,561.3805,1.0
2025-07-07T18:00:00.0,266.5871,172.8984,93.6887,528.8691,1.0
2025-07-07T19:00:00.0,115.0733,59.0759,55.9974,315.0088,1.0
2025-07-07T20:00:00.0,15.6551,1.8004,13.8547,20.5825,0.7667
2025-07-07T21:00:00.0,0.0,0.0,0.0,0.0,1.0
2025-07-07T22:00:00.0,0.0,0.0,0.0,0.0,1.0
2025-07-07T23:00:00.0,0.0,0.0,0.0,0.0,1.0
2025-07-08T00:00:00.0,0.0,0.0,0.0,0.0,1.0
2025-07-08T01:00:00.0,0.0,0.0,0.0,0.0,1.0
2025-07-08T02:00:00.0,0.0,0.0,0.0,0.0,1.0
2025-07-08T03:00:00.0,0.0,0.0,0.0,0.0,1.0
2025-07-08T04:00:00.0,0.7349,0.0,0.7349,0.0,0.775
2025-07-08T05:00:00.0,12.3838,0.0,12.3838,0.0,0.8417
2025-07-08T06:00:00.0,55.2479,0.0022,55.2457,0.0065,1.0
2025-07-08T07:00:00.0,111.6823,0.0997,111.5826,0.2497,1.0
2025-07-08T08:00:00.0,136.1875,0.0485,136.139,0.0833,1.0
2025-07-08T09:00:00.0,335.4145,48.402,287.0125,68.3486,1.0
2025-07-08T10:00:00.0,439.7242,69.6462,370.078,88.2611,1.0
2025-07-08T11:00:00.0,699.2605,300.2561,399.0044,357.1472,1.0
2025-07-08T12:00:00.0,759.1706,356.845,402.3255,410.8138,1.0
2025-07-08T13:00:00.0,852.403,690.4418,161.9611,808.0506,1.0
2025-07-08T14:00:00.0,819.1451,709.2936,109.8515,882.3763,1.0
2025-07-08T15:00:00.0,719.5218,611.1117,108.4101,850.4857,1.0
2025-07-08T16:00:00.0,587.1223,481.0057,106.1166,795.2455,1.0
2025-07-08T17:00:00.0,432.8335,334.9759,97.8576,711.485,1.0
2025-07-08T18:00:00.0,271.4721,190.7831,80.689,585.3605,1.0
2025-07-08T19:00:00.0,121.8561,69.4648,52.3913,379.3175,1.0
2025-07-08T20:00:00.0,18.1797,5.662,12.5177,78.0574,0.775
2025-07-08T21:00:00.0,0.0,0.0,0.0,0.0,1.0
2025-07-08T22:00:00.0,0.0,0.0,0.0,0.0,1.0
2025-07-08T23:00:00.0,0.0,0.0,0.0,0.0,1.0
2025-07-09T00:00:00.0,0.0,0.0,0.0,0.0,1.0
2025-07-09T01:00:00.0,0.0,0.0,0.0,0.0,1.0
2025-07-09T02:00:00.0,0.0,0.0,0.0,0.0,1.0
2025-07-09T03:00:00.0,0.0,0.0,0.0,0.0,1.0
2025-07-09T04:00:00.0,0.6468,0.0,0.6468,0.0,0.7833
2025-07-09T05:00:00.0,14.1237,0.0015,14.1222,0.0077,0.8417
2025-07-09T06:00:00.0,119.0762,7.2878,111.7884,23.3548,1.0
2025-07-09T07:00:00.0,331.5009,194.2354,137.2655,442.5998,1.0
2025-07-09T08:00:00.0,535.2269,410.1204,125.1065,725.332,1.0
2025-07-09T09:00:00.0,683.144,556.1503,126.9936,811.9237,1.0
2025-07-09T10:00:00.0,797.8406,671.8464,125.9942,861.5256,1.0
2025-07-09T11:00:00.0,874.5695,753.5431,121.0264,894.8634,1.0
2025-07-09T12:00:00.0,905.027,786.0597,118.9673,906.2531,1.0
2025-07-09T13:00:00.0,886.972,766.1258,120.8462,897.0421,1.0
2025-07-09T14:00:00.0,824.4155,704.1584,120.2571,876.9564,1.0
2025-07-09T15:00:00.0,721.5735,604.1991,117.3744,841.9542,1.0
2025-07-09T16:00:00.0,586.6032,475.1163,111.4869,786.7584,1.0
2025-07-09T17:00:00.0,431.1092,330.3024,100.8068,703.1063,1.0
2025-07-09T18:00:00.0,269.5194,187.739,81.7804,578.0833,1.0
2025-07-09T19:00:00.0,120.2148,67.6945,52.5203,371.7152,1.0
2025-07-09T20:00:00.0,17.4567,5.1061,12.3506,70.1576,0.775
2025-07-09T21:00:00.0,0.0,0.0,0.0,0.0,1.0
2025-07-09T22:00:00.0,0.0,0.0,0.0,0.0,1.0
2025-07-09T23:00:00.0,0.0,0.0,0.0,0.0,1.0
2025-07-10T00:00:00.0,0.0,0.0,0.0,0.0,1.0
2025-07-10T01:00:00.0,0.0,0.0,0.0,0.0,1.0
2025-07-10T02:00:00.0,0.0,0.0,0.0,0.0,1.0
2025-07-10T03:00:00.0,0.0,0.0,0.0,0.0,1.0
2025-07-10T04:00:00.0,4.6888,0.8085,3.8803,18.5415,0.7917
2025-07-10T05:00:00.0,78.2882,37.916,40.3722,276.6574,0.8417
2025-07-10T06:00:00.0,220.6198,149.0396,71.5802,534.9109,1.0
2025-07-10T07:00:00.0,381.9223,289.3621,92.5602,683.4491,1.0
2025-07-10T08:00:00.0,539.5054,431.5929,107.9124,767.8361,1.0
2025-07-10T09:00:00.0,680.193,563.4503,116.7427,824.5607,1.0
2025-07-10T10:00:00.0,792.1915,672.4484,119.7431,863.8846,1.0
2025-07-10T11:00:00.0,866.3871,746.8511,119.536,888.2417,1.0
2025-07-10T12:00:00.0,896.6951,777.5598,119.1352,897.6013,1.0
2025-07-10T13:00:00.0,880.8771,761.7674,119.1097,893.0364,1.0
2025-07-10T14:00:00.0,820.6393,703.7347,116.9045,877.5566,1.0
2025-07-10T15:00:00.0,721.0818,609.6467,111.4352,850.8877,1.0
2025-07-10T16:00:00.0,589.813,487.3606,102.4524,808.7234,1.0
2025-07-10T17:00:00.0,436.7501,346.7582,89.9919,740.5134,1.0
2025-07-10T18:00:00.0,275.2023,202.3909,72.8115,626.262,1.0
2025-07-10T19:00:00.0,123.5488,75.6519,47.8969,420.7043,1.0
2025-07-10T20:00:00.0,17.6955,6.2091,11.4864,87.9144,0.6667
2025-07-10T21:00:00.0,0.0,0.0,0.0,0.0,1.0
2025-07-10T22:00:00.0,0.0,0.0,0.0,0.0,1.0
2025-07-10T23:00:00.0,0.0,0.0,0.0,0.0,1.0
2025-07-11T00:00:00.0,0.0,0.0,0.0,0.0,1.0
2025-07-11T01:00:00.0,0.0,0.0,0.0,0.0,1.0
2025-07-11T02:00:00.0,0.0,0.0,0.0,0.0,1.0
2025-07-11T03:00:00.0,0.0,0.0,0.0,0.0,1.0
2025-07-11T04:00:00.0,0.6073,0.0,0.6073,0.0,0.8
2025-07-11T05:00:00.0,10.0754,0.0,10.0754,0.0,0.8417
2025-07-11T06:00:00.0,79.8112,0.2216,79.5897,0.6833,1.0
2025-07-11T07:00:00.0,239.3849,77.9035,161.4814,165.6064,1.0
2025-07-11T08:00:00.0,546.4161,452.2444,94.1717,807.1624,1.0
2025-07-11T09:00:00.0,688.0678,589.0072,99.0606,863.9428,1.0
2025-07-11T10:00:00.0,801.5026,703.7001,97.8025,905.6654,1.0
2025-07-11T11:00:00.0,877.0659,783.2617,93.8041,932.9528,1.0
2025-07-11T12:00:00.0,908.2874,817.2863,91.0011,944.7366,1.0
2025-07-11T13:00:00.0,892.9282,803.0927,89.8356,942.7113,1.0
2025-07-11T14:00:00.0,833.0595,745.9429,87.1165,931.4813,1.0
2025-07-11T15:00:00.0,732.3187,648.7662,83.5525,906.8716,1.0
2025-07-11T16:00:00.0,598.651,519.9438,78.7072,864.5076,1.0
2025-07-11T17:00:00.0,443.6107,372.6206,70.9901,798.0916,1.0
2025-07-11T18:00:00.0,280.5347,221.2438,59.2909,688.3171,1.0
2025-07-11T19:00:00.0,127.0807,86.4853,40.5954,488.0489,1.0
2025-07-11T20:00:00.0,18.0381,7.889,10.1491,115.5245,0.6667
2025-07-11T21:00:00.0,0.0,0.0,0.0,0.0,1.0
2025-07-11T22:00:00.0,0.0,0.0,0.0,0.0,1.0
2025-07-11T23:00:00.0,0.0,0.0,0.0,0.0,1.0
2025-07-12T00:00:00.0,0.0,0.0,0.0,0.0,1.0
2025-07-12T01:00:00.0,0.0,0.0,0.0,0.0,1.0
2025-07-12T02:00:00.0,0.0,0.0,0.0,0.0,1.0
2025-07-12T03:00:00.0,0.0,0.0,0.0,0.0,1.0
2025-07-12T04:00:00.0,4.0244,0.9143,3.1101,22.0247,0.8083
2025-07-12T05:00:00.0,79.3195,44.5944,34.7251,331.8383,0.8417
2025-07-12T06:00:00.0,220.2369,157.3695,62.8674,576.4019,1.0
2025-07-12T07:00:00.0,379.3253,297.2171,82.1082,708.7247,1.0
2025-07-12T08:00:00.0,535.4899,439.4661,96.0238,786.8941,1.0
2025-07-12T09:00:00.0,675.4635,573.6838,101.7797,843.4184,1.0
2025-07-12T10:00:00.0,787.6766,688.1127,99.5639,887.2569,1.0
2025-07-12T11:00:00.0,862.152,767.8011,94.3509,915.9841,1.0
2025-07-12T12:00:00.0,891.3152,796.3831,94.9321,921.892,1.0
2025-07-12T13:00:00.0,873.0745,771.3348,101.7396,906.6271,1.0
2025-07-12T14:00:00.0,810.8066,704.3763,106.4303,880.7108,1.0
2025-07-12T15:00:00.0,709.4925,603.0251,106.4674,844.1837,1.0
2025-07-12T16:00:00.0,569.8775,455.9393,113.9382,756.2833,1.0
2025-07-12T17:00:00.0,393.4236,273.6035,119.8201,594.7372,1.0
2025-07-12T18:00:00.0,264.1022,190.4591,73.6431,594.2802,1.0
2025-07-12T19:00:00.0,116.4403,69.4748,46.9655,392.4808,1.0
2025-07-12T20:00:00.0,15.6997,5.3122,10.3875,78.2414,0.675
2025-07-12T21:00:00.0,0.0,0.0,0.0,0.0,1.0
2025-07-12T22:00:00.0,0.0,0.0,0.0,0.0,1.0
2025-07-12T23:00:00.0,0.0,0.0,0.0,0.0,1.0
2025-07-13T00:00:00.0,0.0,0.0,0.0,0.0,1.0
2025-07-13T01:00:00.0,0.0,0.0,0.0,0.0,1.0
2025-07-13T02:00:00.0,0.0,0.0,0.0,0.0,1.0
2025-07-13T03:00:00.0,0.0,0.0,0.0,0.0,1.0
2025-07-13T04:00:00.0,2.1938,0.0,2.1937,0.0007,0.8167
2025-07-13T05:00:00.0,35.9181,0.3233,35.5949,1.8078,0.8417
2025-07-13T06:00:00.0,124.9739,10.5516,114.4223,37.184,1.0
2025-07-13T07:00:00.0,301.466,121.3913,180.0747,286.839,1.0
2025-07-13T08:00:00.0,408.3297,138.7974,269.5323,251.6044,1.0
2025-07-13T09:00:00.0,567.7534,269.5364,298.217,396.0128,1.0
2025-07-13T10:00:00.0,642.1632,263.1913,378.972,341.3032,1.0
2025-07-13T11:00:00.0,672.0653,219.7379,452.3274,262.933,1.0
2025-07-13T12:00:00.0,632.3495,154.7962,477.5533,179.533,1.0
2025-07-13T13:00:00.0,257.5884,9.3003,248.2882,10.8152,1.0
2025-07-13T14:00:00.0,215.8291,0.4968,215.3323,0.6152,1.0
2025-07-13T15:00:00.0,158.5372,0.1311,158.4061,0.1814,1.0
2025-07-13T16:00:00.0,116.9925,0.0685,116.924,0.1144,1.0
2025-07-13T17:00:00.0,145.5744,4.7852,140.7892,10.9057,1.0
2025-07-13T18:00:00.0,83.5774,1.1395,82.4379,3.4708,1.0
2025-07-13T19:00:00.0,49.0194,2.7494,46.27,22.8394,1.0
2025-07-13T20:00:00.0,11.9017,1.6705,10.2312,25.0497,0.6833
2025-07-13T21:00:00.0,0.0,0.0,0.0,0.0,1.0
2025-07-13T22:00:00.0,0.0,0.0,0.0,0.0,1.0
2025-07-13T23:00:00.0,0.0,0.0,0.0,0.0,1.0
2025-07-14T00:00:00.0,0.0,0.0,0.0,0.0,1.0
2025-07-14T01:00:00.0,0.0,0.0,0.0,0.0,1.0
2025-07-14T02:00:00.0,0.0,0.0,0.0,0.0,1.0
2025-07-14T03:00:00.0,0.0,0.0,0.0,0.0,1.0
2025-07-14T04:00:00.0,2.9831,0.3525,2.6306,9.1048,0.825
2025-07-14T05:00:00.0,71.1358,31.0808,40.0549,232.5497,0.8417
2025-07-14T06:00:00.0,183.3427,88.8363,94.5064,346.5577,1.0
2025-07-14T07:00:00.0,105.7767,18.5127,87.264,45.0523,1.0
2025-07-14T08:00:00.0,350.5966,211.0551,139.5415,377.6633,1.0
2025-07-14T09:00:00.0,334.0264,165.0188,169.0076,257.46,1.0
2025-07-14T10:00:00.0,596.8187,292.1454,304.6732,380.6898,1.0
2025-07-14T11:00:00.0,446.0434,57.3708,388.6726,68.1517,1.0
2025-07-14T12:00:00.0,769.6276,465.8271,303.8004,540.2743,1.0
2025-07-14T13:00:00.0,655.5767,401.6757,253.9011,469.7953,1.0
2025-07-14T14:00:00.0,473.7563,81.7727,391.9836,101.4547,1.0
2025-07-14T15:00:00.0,134.7648,0.1106,134.6542,0.1489,1.0
2025-07-14T16:00:00.0,273.3784,52.9717,220.4068,94.4042,1.0
2025-07-14T17:00:00.0,250.2606,28.4142,221.8465,59.7376,1.0
2025-07-14T18:00:00.0,168.6648,36.0135,132.6512,107.7368,1.0
2025-07-14T19:00:00.0,95.6329,34.6317,61.0011,200.3846,1.0
2025-07-14T20:00:00.0,11.194,0.2586,10.9354,3.8486,0.6917
2025-07-14T21:00:00.0,0.0,0.0,0.0,0.0,1.0
2025-07-14T22:00:00.0,0.0,0.0,0.0,0.0,1.0
2025-07-14T23:00:00.0,0.0,0.0,0.0,0.0,1.0
2025-07-15T00:00:00.0,0.0,0.0,0.0,0.0,1.0
2025-07-15T01:00:00.0,0.0,0.0,0.0,0.0,1.0
2025-07-15T02:00:00.0,0.0,0.0,0.0,0.0,1.0
2025-07-15T03:00:00.0,0.0,0.0,0.0,0.0,1.0
2025-07-15T04:00:00.0,1.7308,0.0,1.7307,0.0013,0.8333
2025-07-15T05:00:00.0,34.9738,0.0503,34.9235,0.3549,0.8417
2025-07-15T06:00:00.0,72.4845,1.3109,71.1736,4.495,1.0
2025-07-15T07:00:00.0,83.9432,0.0008,83.9423,0.0022,1.0
2025-07-15T08:00:00.0,52.3977,0.0,52.3977,0.0,1.0
2025-07-15T09:00:00.0,86.0068,0.0631,85.9436,0.0907,1.0
2025-07-15T10:00:00.0,204.7803,1.0455,203.7348,1.3539,1.0
2025-07-15T11:00:00.0,334.5035,23.239,311.2644,27.4424,1.0
2025-07-15T12:00:00.0,527.4195,98.7385,428.681,114.818,1.0
2025-07-15T13:00:00.0,307.8207,36.5657,271.255,42.7654,1.0
2025-07-15T14:00:00.0,119.9494,0.5161,119.4334,0.6763,1.0
2025-07-15T15:00:00.0,423.4549,98.8134,324.6414,139.8341,1.0
2025-07-15T16:00:00.0,303.6406,40.3991,263.2415,70.908,1.0
2025-07-15T17:00:00.0,293.4132,109.4157,183.9976,221.9834,1.0
2025-07-15T18:00:00.0,161.8231,25.7857,136.0374,86.3375,1.0
2025-07-15T19:00:00.0,83.8326,12.6626,71.17,82.5032,1.0
2025-07-15T20:00:00.0,12.4312,2.5033,9.9279,38.2123,0.7
2025-07-15T21:00:00.0,0.0,0.0,0.0,0.0,1.0
2025-07-15T22:00:00.0,0.0,0.0,0.0,0.0,1.0
2025-07-15T23:00:00.0,0.0,0.0,0.0,0.0,1.0
2025-07-16T00:00:00.0,0.0,0.0,0.0,0.0,1.0
2025-07-16T01:00:00.0,0.0,0.0,0.0,0.0,1.0
2025-07-16T02:00:00.0,0.0,0.0,0.0,0.0,1.0
2025-07-16T03:00:00.0,0.0,0.0,0.0,0.0,1.0
2025-07-16T04:00:00.0,0.3354,0.0,0.3354,0.0,0.8417
2025-07-16T05:00:00.0,8.1961,0.0,8.1961,0.0,0.8417
2025-07-16T06:00:00.0,42.7632,0.0041,42.7591,0.0128,1.0
2025-07-16T07:00:00.0,50.658,0.0018,50.6562,0.0053,1.0
2025-07-16T08:00:00.0,65.0216,0.0003,65.0214,0.0005,1.0
2025-07-16T09:00:00.0,138.6326,0.0313,138.6012,0.0452,1.0
2025-07-16T10:00:00.0,105.9089,0.0033,105.9056,0.0043,1.0
2025-07-16T11:00:00.0,162.468,0.1175,162.3504,0.1399,1.0
2025-07-16T12:00:00.0,309.3711,25.6381,283.7329,29.8106,1.0
2025-07-16T13:00:00.0,235.974,12.8412,223.1328,15.0251,1.0
2025-07-16T14:00:00.0,83.5322,0.0171,83.5151,0.0218,1.0
2025-07-16T15:00:00.0,115.0853,0.3166,114.7687,0.4606,1.0
2025-07-16T16:00:00.0,201.0299,3.9701,197.0598,7.0236,1.0
2025-07-16T17:00:00.0,151.8764,1.3515,150.5248,2.7026,1.0
2025-07-16T18:00:00.0,64.839,0.0031,64.8359,0.0091,1.0
2025-07-16T19:00:00.0,24.2518,0.3336,23.9182,3.1771,1.0
2025-07-16T20:00:00.0,9.9052,0.2306,9.6746,3.575,0.7083
2025-07-16T21:00:00.0,0.0,0.0,0.0,0.0,1.0
2025-07-16T22:00:00.0,0.0,0.0,0.0,0.0,1.0
2025-07-16T23:00:00.0,0.0,0.0,0.0,0.0,1.0
2025-07-17T00:00:00.0,0.0,0.0,0.0,0.0,1.0
2025-07-17T01:00:00.0,0.0,0.0,0.0,0.0,1.0
2025-07-17T02:00:00.0,0.0,0.0,0.0,0.0,1.0
2025-07-17T03:00:00.0,0.0,0.0,0.0,0.0,1.0
2025-07-17T04:00:00.0,0.2845,0.0,0.2845,0.0,0.8583
2025-07-17T05:00:00.0,8.0266,0.0,8.0266,0.0,0.8417
2025-07-17T06:00:00.0,22.8712,0.0,22.8712,0.0001,1.0
2025-07-17T07:00:00.0,75.4042,0.0399,75.3643,0.0862,1.0
2025-07-17T08:00:00.0,178.2377,1.7716,176.4661,3.2286,1.0
2025-07-17T09:00:00.0,152.1207,3.6247,148.496,5.4458,1.0
2025-07-17T10:00:00.0,170.2639,0.0729,170.1911,0.096,1.0
2025-07-17T11:00:00.0,180.7928,0.0716,180.7211,0.087,1.0
2025-07-17T12:00:00.0,88.4269,0.0013,88.4257,0.0015,1.0
2025-07-17T13:00:00.0,154.5087,0.0264,154.4823,0.0314,1.0
2025-07-17T14:00:00.0,189.8432,0.2684,189.5748,0.342,1.0
2025-07-17T15:00:00.0,177.5892,0.3743,177.2149,0.5464,1.0
2025-07-17T16:00:00.0,132.1916,0.342,131.8496,0.6172,1.0
2025-07-17T17:00:00.0,193.1712,9.754,183.4171,20.038,1.0
2025-07-17T18:00:00.0,136.9209,17.8006,119.1203,57.4571,1.0
2025-07-17T19:00:00.0,90.8376,37.2591,53.5785,243.5454,1.0
2025-07-17T20:00:00.0,11.7764,2.9738,8.8027,47.5457,0.7167
2025-07-17T21:00:00.0,0.0,0.0,0.0,0.0,1.0
2025-07-17T22:00:00.0,0.0,0.0,0.0,0.0,1.0
2025-07-17T23:00:00.0,0.0,0.0,0.0,0.0,1.0
2025-07-18T00:00:00.0,0.0,0.0,0.0,0.0,1.0
2025-07-18T01:00:00.0,0.0,0.0,0.0,0.0,1.0
2025-07-18T02:00:00.0,0.0,0.0,0.0,0.0,1.0
2025-07-18T03:00:00.0,0.0,0.0,0.0,0.0,1.0
2025-07-18T04:00:00.0,0.2589,0.0,0.2589,0.0,0.8667
2025-07-18T05:00:00.0,8.3471,0.0,8.3471,0.0,0.8417
2025-07-18T06:00:00.0,52.9828,0.0008,52.982,0.0027,1.0
2025-07-18T07:00:00.0,84.6822,0.0036,84.6786,0.0098,1.0
2025-07-18T08:00:00.0,117.8073,0.0081,117.7993,0.0143,1.0
2025-07-18T09:00:00.0,240.822,8.9565,231.8655,13.2451,1.0
2025-07-18T10:00:00.0,311.3459,10.2447,301.1011,13.3022,1.0
2025-07-18T11:00:00.0,444.3314,63.1466,381.1848,75.4431,1.0
2025-07-18T12:00:00.0,542.8842,117.844,425.0403,137.7259,1.0
2025-07-18T13:00:00.0,242.3379,12.56,229.778,14.7156,1.0
2025-07-18T14:00:00.0,247.6585,7.0996,240.5589,9.1474,1.0
2025-07-18T15:00:00.0,221.554,4.5056,217.0485,6.2089,1.0
2025-07-18T16:00:00.0,177.8387,7.5576,170.281,13.9647,1.0
2025-07-18T17:00:00.0,312.85,122.4277,190.4223,281.5315,1.0
2025-07-18T18:00:00.0,235.4321,140.0131,95.4191,446.27,1.0
2025-07-18T19:00:00.0,97.407,44.1798,53.2273,261.5469,1.0
2025-07-18T20:00:00.0,10.3089,1.9598,8.3491,32.1392,0.725
2025-07-18T21:00:00.0,0.0,0.0,0.0,0.0,1.0
2025-07-18T22:00:00.0,0.0,0.0,0.0,0.0,1.0
2025-07-18T23:00:00.0,0.0,0.0,0.0,0.0,1.0
2025-07-19T00:00:00.0,0.0,0.0,0.0,0.0,1.0
2025-07-19T01:00:00.0,0.0,0.0,0.0,0.0,1.0
2025-07-19T02:00:00.0,0.0,0.0,0.0,0.0,1.0
2025-07-19T03:00:00.0,0.0,0.0,0.0,0.0,1.0
2025-07-19T04:00:00.0,0.1817,0.0,0.1817,0.0,0.875
2025-07-19T05:00:00.0,11.2557,0.0701,11.1856,0.4007,0.7167
2025-07-19T06:00:00.0,97.001,4.2696,92.7314,19.8531,1.0
2025-07-19T07:00:00.0,75.5785,0.0016,75.5769,0.0042,1.0
2025-07-19T08:00:00.0,102.5019,0.0881,102.4138,0.1468,1.0
2025-07-19T09:00:00.0,329.7763,34.0434,295.7329,50.2036,1.0
2025-07-19T10:00:00.0,325.5563,14.0947,311.4616,18.5299,1.0
2025-07-19T11:00:00.0,409.0866,34.6801,374.4065,42.0371,1.0
2025-07-19T12:00:00.0,346.1362,19.7718,326.3643,23.2105,1.0
2025-07-19T13:00:00.0,202.435,0.2582,202.1768,0.308,1.0
2025-07-19T14:00:00.0,147.7418,0.1069,147.6349,0.1375,1.0
2025-07-19T15:00:00.0,59.1662,0.0,59.1662,0.0,1.0
2025-07-19T16:00:00.0,72.2765,0.0006,72.2759,0.0011,1.0
2025-07-19T17:00:00.0,50.7224,0.0,50.7224,0.0,1.0
2025-07-19T18:00:00.0,23.7916,0.0,23.7916,0.0,1.0
2025-07-19T19:00:00.0,50.5718,14.6028,35.969,124.5535,1.0
2025-07-19T20:00:00.0,10.3491,3.0277,7.3214,51.5481,0.7333
2025-07-19T21:00:00.0,0.0,0.0,0.0,0.0,1.0
2025-07-19T22:00:00.0,0.0,0.0,0.0,0.0,1.0
2025-07-19T23:00:00.0,0.0,0.0,0.0,0.0,1.0
2025-07-20T00:00:00.0,0.0,0.0,0.0,0.0,1.0
2025-07-20T01:00:00.0,0.0,0.0,0.0,0.0,1.0
2025-07-20T02:00:00.0,0.0,0.0,0.0,0.0,1.0
2025-07-20T03:00:00.0,0.0,0.0,0.0,0.0,1.0
2025-07-20T04:00:00.0,1.143,0.1116,1.0313,3.3043,0.8833
2025-07-20T05:00:00.0,41.5171,17.982,23.5351,172.9164,0.7167
2025-07-20T06:00:00.0,24.5831,0.0,24.5831,0.0001,1.0
2025-07-20T07:00:00.0,162.3891,15.0159,147.3732,37.7911,1.0
2025-07-20T08:00:00.0,211.3181,6.9792,204.3389,13.1512,1.0
2025-07-20T09:00:00.0,201.9282,2.4866,199.4417,3.7144,1.0
2025-07-20T10:00:00.0,361.1868,44.9528,316.2341,58.8743,1.0
2025-07-20T11:00:00.0,531.9084,141.5296,390.3788,172.1867,1.0
2025-07-20T12:00:00.0,446.7819,87.4679,359.3141,102.8546,1.0
2025-07-20T13:00:00.0,563.9484,188.2967,375.6517,226.6954,1.0
2025-07-20T14:00:00.0,698.0913,487.4822,210.6091,613.6758,1.0
2025-07-20T15:00:00.0,379.2325,88.7823,290.4502,129.6487,1.0
2025-07-20T16:00:00.0,352.3438,44.6082,307.7356,74.5388,1.0
2025-07-20T17:00:00.0,250.9374,22.7097,228.2277,51.0988,1.0
2025-07-20T18:00:00.0,148.2642,20.6635,127.6006,64.4867,1.0
2025-07-20T19:00:00.0,58.4552,11.5466,46.9086,75.0575,1.0
2025-07-20T20:00:00.0,3.9746,0.0,3.9746,0.0,0.7417
2025-07-20T21:00:00.0,0.0,0.0,0.0,0.0,1.0
2025-07-20T22:00:00.0,0.0,0.0,0.0,0.0,1.0
2025-07-20T23:00:00.0,0.0,0.0,0.0,0.0,1.0
2025-07-21T00:00:00.0,0.0,0.0,0.0,0.0,1.0
2025-07-21T01:00:00.0,0.0,0.0,0.0,0.0,1.0
2025-07-21T02:00:00.0,0.0,0.0,0.0,0.0,1.0
2025-07-21T03:00:00.0,0.0,0.0,0.0,0.0,1.0
2025-07-21T04:00:00.0,0.5954,0.0007,0.5947,0.022,0.9
2025-07-21T05:00:00.0,27.7893,0.1744,27.6148,1.6978,0.7167
2025-07-21T06:00:00.0,62.8892,1.5321,61.3571,5.5138,1.0
2025-07-21T07:00:00.0,35.3317,0.0241,35.3076,0.0723,1.0
2025-07-21T08:00:00.0,99.2292,0.0762,99.153,0.1432,1.0
2025-07-21T09:00:00.0,167.3363,0.9666,166.3697,1.4312,1.0
2025-07-21T10:00:00.0,296.3674,10.4635,285.904,13.3856,1.0
2025-07-21T11:00:00.0,468.926,76.8205,392.1054,92.9272,1.0
2025-07-21T12:00:00.0,516.2748,101.8429,414.432,119.85,1.0
2025-07-21T13:00:00.0,518.249,137.0709,381.178,162.4368,1.0
2025-07-21T14:00:00.0,412.2204,59.1772,353.0432,74.5803,1.0
2025-07-21T15:00:00.0,391.2376,88.5365,302.7011,123.2605,1.0
2025-07-21T16:00:00.0,353.1657,77.1842,275.9815,133.8622,1.0
2025-07-21T17:00:00.0,318.0185,151.304,166.7145,338.5972,1.0
2025-07-21T18:00:00.0,115.4107,6.9257,108.4851,19.3488,1.0
2025-07-21T19:00:00.0,43.3682,1.5238,41.8444,10.4136,1.0
2025-07-21T20:00:00.0,1.3209,0.0,1.3209,0.0,0.75
2025-07-21T21:00:00.0,0.0,0.0,0.0,0.0,1.0
2025-07-21T22:00:00.0,0.0,0.0,0.0,0.0,1.0
2025-07-21T23:00:00.0,0.0,0.0,0.0,0.0,1.0
2025-07-22T00:00:00.0,0.0,0.0,0.0,0.0,1.0
2025-07-22T01:00:00.0,0.0,0.0,0.0,0.0,1.0
2025-07-22T02:00:00.0,0.0,0.0,0.0,0.0,1.0
2025-07-22T03:00:00.0,0.0,0.0,0.0,0.0,1.0
2025-07-22T04:00:00.0,0.4916,0.0001,0.4916,0.0016,0.9083
2025-07-22T05:00:00.0,32.2695,0.0181,32.2514,0.1787,0.7167
2025-07-22T06:00:00.0,111.0825,6.6867,104.3957,24.9627,1.0
2025-07-22T07:00:00.0,107.7466,0.9358,106.8108,2.3711,1.0
2025-07-22T08:00:00.0,297.5495,50.4944,247.0551,96.0707,1.0
2025-07-22T09:00:00.0,310.1788,22.7757,287.4031,34.3916,1.0
2025-07-22T10:00:00.0,309.071,10.5616,298.5095,14.1155,1.0
2025-07-22T11:00:00.0,459.8996,69.5451,390.3545,84.1456,1.0
2025-07-22T12:00:00.0,531.1411,114.8048,416.3363,135.2997,1.0
2025-07-22T13:00:00.0,295.9394,56.1532,239.7862,66.428,1.0
2025-07-22T14:00:00.0,329.0739,83.9612,245.1127,110.9857,1.0
2025-07-22T15:00:00.0,489.4721,183.2785,306.1935,258.9998,1.0
2025-07-22T16:00:00.0,416.7772,163.8125,252.9647,276.0714,1.0
2025-07-22T17:00:00.0,71.6678,2.2474,69.4203,4.422,1.0
2025-07-22T18:00:00.0,49.3632,0.0013,49.3619,0.0044,1.0
2025-07-22T19:00:00.0,37.427,3.2835,34.1435,21.0104,1.0
2025-07-22T20:00:00.0,1.1332,0.0,1.1332,0.0,0.7667
2025-07-22T21:00:00.0,0.0,0.0,0.0,0.0,1.0
2025-07-22T22:00:00.0,0.0,0.0,0.0,0.0,1.0
2025-07-22T23:00:00.0,0.0,0.0,0.0,0.0,1.0
2025-07-23T00:00:00.0,0.0,0.0,0.0,0.0,1.0
2025-07-23T01:00:00.0,0.0,0.0,0.0,0.0,1.0
2025-07-23T02:00:00.0,0.0,0.0,0.0,0.0,1.0
2025-07-23T03:00:00.0,0.0,0.0,0.0,0.0,1.0
2025-07-23T04:00:00.0,0.5565,0.0191,0.5374,0.2886,0.9167
2025-07-23T05:00:00.0,45.6653,11.9417,33.7236,114.8148,0.7167
2025-07-23T06:00:00.0,159.7574,75.8577,83.8997,305.2892,1.0
2025-07-23T07:00:00.0,220.347,68.8029,151.5441,189.2747,1.0
2025-07-23T08:00:00.0,266.2548,29.6917,236.5631,53.1586,1.0
2025-07-23T09:00:00.0,307.8282,21.2511,286.5771,32.8981,1.0
2025-07-23T10:00:00.0,216.6267,2.1535,214.4732,2.9564,1.0
2025-07-23T11:00:00.0,318.8531,8.8624,309.9907,10.8391,1.0
2025-07-23T12:00:00.0,430.0378,38.8874,391.1504,45.9515,1.0
2025-07-23T13:00:00.0,253.3293,9.6707,243.6585,11.5076,1.0
2025-07-23T14:00:00.0,198.7167,0.8138,197.9029,1.0425,1.0
2025-07-23T15:00:00.0,272.5681,15.0338,257.5343,22.347,1.0
2025-07-23T16:00:00.0,228.9474,7.2481,221.6992,12.3768,1.0
2025-07-23T17:00:00.0,183.4103,8.0015,175.4088,17.7875,1.0
2025-07-23T18:00:00.0,92.7318,1.2879,91.4439,5.0625,1.0
2025-07-23T19:00:00.0,51.7191,6.3693,45.3498,48.4394,1.0
2025-07-23T20:00:00.0,2.4253,0.0,2.4253,0.0,0.775
2025-07-23T21:00:00.0,0.0,0.0,0.0,0.0,1.0
2025-07-23T22:00:00.0,0.0,0.0,0.0,0.0,1.0
2025-07-23T23:00:00.0,0.0,0.0,0.0,0.0,1.0
2025-07-24T00:00:00.0,0.0,0.0,0.0,0.0,1.0
2025-07-24T01:00:00.0,0.0,0.0,0.0,0.0,1.0
2025-07-24T02:00:00.0,0.0,0.0,0.0,0.0,1.0
2025-07-24T03:00:00.0,0.0,0.0,0.0,0.0,1.0
2025-07-24T04:00:00.0,0.402,0.0093,0.3927,0.0,0.9333
2025-07-24T05:00:00.0,40.3816,7.3577,33.0239,73.5515,0.7167
2025-07-24T06:00:00.0,158.8292,68.9778,89.8514,267.7845,1.0
2025-07-24T07:00:00.0,322.2209,185.0203,137.2006,471.7039,1.0
2025-07-24T08:00:00.0,463.1458,270.9763,192.1695,512.1642,1.0
2025-07-24T09:00:00.0,605.6319,383.6543,221.9776,580.5048,1.0
2025-07-24T10:00:00.0,709.2838,442.6249,266.6588,588.0173,1.0
2025-07-24T11:00:00.0,675.7662,305.7147,370.0515,375.4137,1.0
2025-07-24T12:00:00.0,678.09,273.1574,404.9326,323.5016,1.0
2025-07-24T13:00:00.0,636.3381,260.9185,375.4195,314.6303,1.0
2025-07-24T14:00:00.0,741.9879,495.7145,246.2733,636.4786,1.0
2025-07-24T15:00:00.0,658.0598,444.536,213.5238,640.3638,1.0
2025-07-24T16:00:00.0,526.0131,344.3628,181.6503,594.6152,1.0
2025-07-24T17:00:00.0,364.9751,217.1222,147.8529,490.1663,1.0
2025-07-24T18:00:00.0,217.6965,116.8099,100.8866,393.2741,1.0
2025-07-24T19:00:00.0,81.3159,31.2035,50.1123,200.972,1.0
2025-07-24T20:00:00.0,5.9727,0.7952,5.1775,15.6689,0.7833
2025-07-24T21:00:00.0,0.0,0.0,0.0,0.0,1.0
2025-07-24T22:00:00.0,0.0,0.0,0.0,0.0,1.0
2025-07-24T23:00:00.0,0.0,0.0,0.0,0.0,1.0
2025-07-25T00:00:00.0,0.0,0.0,0.0,0.0,1.0
2025-07-25T01:00:00.0,0.0,0.0,0.0,0.0,1.0
2025-07-25T02:00:00.0,0.0,0.0,0.0,0.0,1.0
2025-07-25T03:00:00.0,0.0,0.0,0.0,0.0,1.0
2025-07-25T04:00:00.0,0.0811,0.0,0.0811,0.0,0.9417
2025-07-25T05:00:00.0,12.5574,0.0,12.5574,0.0,0.7167
2025-07-25T06:00:00.0,68.9366,0.1034,68.8332,0.3803,1.0
2025-07-25T07:00:00.0,96.3948,0.2394,96.1555,0.5377,1.0
2025-07-25T08:00:00.0,250.4449,25.0413,225.4037,45.5728,1.0
2025-07-25T09:00:00.0,406.9431,109.1718,297.7714,165.152,1.0
2025-07-25T10:00:00.0,368.9317,37.3689,331.5628,48.9592,1.0
2025-07-25T11:00:00.0,620.9138,254.6077,366.306,310.7019,1.0
2025-07-25T12:00:00.0,697.8412,377.3465,320.4947,447.7063,1.0
2025-07-25T13:00:00.0,720.6874,449.3533,271.334,542.7842,1.0
2025-07-25T14:00:00.0,615.4777,416.3942,199.0835,526.5286,1.0
2025-07-25T15:00:00.0,100.1266,0.1708,99.9558,0.2621,1.0
2025-07-25T16:00:00.0,398.7397,205.2815,193.4582,369.0037,1.0
2025-07-25T17:00:00.0,357.6038,231.0648,126.5389,525.5751,1.0
2025-07-25T18:00:00.0,187.5162,82.4625,105.0537,299.6245,1.0
2025-07-25T19:00:00.0,76.1307,28.4765,47.6542,209.7067,0.9083
2025-07-25T20:00:00.0,5.9881,1.1495,4.8387,23.6215,0.7667
2025-07-25T21:00:00.0,0.0,0.0,0.0,0.0,1.0
2025-07-25T22:00:00.0,0.0,0.0,0.0,0.0,1.0
2025-07-25T23:00:00.0,0.0,0.0,0.0,0.0,1.0
2025-07-26T00:00:00.0,0.0,0.0,0.0,0.0,1.0
2025-07-26T01:00:00.0,0.0,0.0,0.0,0.0,1.0
2025-07-26T02:00:00.0,0.0,0.0,0.0,0.0,1.0
2025-07-26T03:00:00.0,0.0,0.0,0.0,0.0,1.0
2025-07-26T04:00:00.0,0.1129,0.0,0.1128,0.0,0.9583
2025-07-26T05:00:00.0,26.004,0.3146,25.6894,2.2974,0.7167
2025-07-26T06:00:00.0,119.7794,33.1843,86.595,157.5497,1.0
2025-07-26T07:00:00.0,136.8522,1.4937,135.3584,3.6899,1.0
2025-07-26T08:00:00.0,320.4745,86.9388,233.5356,159.602,1.0
2025-07-26T09:00:00.0,326.2547,34.1909,292.0638,53.3318,1.0
2025-07-26T10:00:00.0,340.853,30.7925,310.0605,41.1786,1.0
2025-07-26T11:00:00.0,600.3232,238.8464,361.4767,292.9413,1.0
2025-07-26T12:00:00.0,794.6542,519.6271,275.0271,618.0978,1.0
2025-07-26T13:00:00.0,763.03,479.187,283.843,577.3766,1.0
2025-07-26T14:00:00.0,508.7578,105.6537,403.1041,135.1587,1.0
2025-07-26T15:00:00.0,417.285,59.5997,357.6854,87.0398,1.0
2025-07-26T16:00:00.0,284.082,34.973,249.109,58.1757,1.0
2025-07-26T17:00:00.0,112.2987,4.7077,107.591,10.5716,1.0
2025-07-26T18:00:00.0,76.5078,2.2845,74.2233,9.7202,1.0
2025-07-26T19:00:00.0,23.9875,0.5573,23.4301,2.8425,0.9083
2025-07-26T20:00:00.0,0.5684,0.0,0.5684,0.0,0.775
2025-07-26T21:00:00.0,0.0,0.0,0.0,0.0,1.0
2025-07-26T22:00:00.0,0.0,0.0,0.0,0.0,1.0
2025-07-26T23:00:00.0,0.0,0.0,0.0,0.0,1.0
2025-07-27T00:00:00.0,0.0,0.0,0.0,0.0,1.0
2025-07-27T01:00:00.0,0.0,0.0,0.0,0.0,1.0
2025-07-27T02:00:00.0,0.0,0.0,0.0,0.0,1.0
2025-07-27T03:00:00.0,0.0,0.0,0.0,0.0,1.0
2025-07-27T04:00:00.0,0.0821,0.0007,0.0814,0.0,0.9667
2025-07-27T05:00:00.0,23.1359,2.6363,20.4997,28.4872,0.7167
2025-07-27T06:00:00.0,51.5695,0.8476,50.7219,3.8557,1.0
2025-07-27T07:00:00.0,152.1668,21.734,130.4328,50.1098,1.0
2025-07-27T08:00:00.0,374.2266,161.4707,212.7559,314.9146,1.0
2025-07-27T09:00:00.0,288.6308,35.8182,252.8126,53.4398,1.0
2025-07-27T10:00:00.0,449.6251,90.8554,358.7697,122.24,1.0
2025-07-27T11:00:00.0,464.8997,77.4046,387.4951,96.034,1.0
2025-07-27T12:00:00.0,528.1688,120.3067,407.8621,143.3499,1.0
2025-07-27T13:00:00.0,432.9719,77.7987,355.1732,93.6201,1.0
2025-07-27T14:00:00.0,528.9864,221.2465,307.7399,283.7224,1.0
2025-07-27T15:00:00.0,233.5517,8.5874,224.9643,13.0796,1.0
2025-07-27T16:00:00.0,338.5684,80.183,258.3854,146.7392,1.0
2025-07-27T17:00:00.0,283.4248,107.4543,175.9705,234.6952,1.0
2025-07-27T18:00:00.0,108.5164,2.0012,106.5151,6.5976,1.0
2025-07-27T19:00:00.0,36.0265,1.4025,34.6241,9.8517,0.9083
2025-07-27T20:00:00.0,2.5457,0.0001,2.5457,0.0014,0.7917
2025-07-27T21:00:00.0,0.0,0.0,0.0,0.0,1.0
2025-07-27T22:00:00.0,0.0,0.0,0.0,0.0,1.0
2025-07-27T23:00:00.0,0.0,0.0,0.0,0.0,1.0
2025-07-28T00:00:00.0,0.0,0.0,0.0,0.0,1.0
2025-07-28T01:00:00.0,0.0,0.0,0.0,0.0,1.0
2025-07-28T02:00:00.0,0.0,0.0,0.0,0.0,1.0
2025-07-28T03:00:00.0,0.0,0.0,0.0,0.0,1.0
2025-07-28T04:00:00.0,0.0055,0.0,0.0055,0.0,0.9833
2025-07-28T05:00:00.0,7.0699,0.0039,7.066,0.0263,0.7167
2025-07-28T06:00:00.0,76.3855,0.6991,75.6864,2.8292,1.0
2025-07-28T07:00:00.0,162.2101,15.098,147.1121,43.2238,1.0
2025-07-28T08:00:00.0,324.4527,100.4176,224.0351,183.9267,1.0
2025-07-28T09:00:00.0,352.5927,59.4136,293.1791,94.1271,1.0
2025-07-28T10:00:00.0,397.4683,54.4797,342.9886,71.454,1.0
2025-07-28T11:00:00.0,548.9177,155.4783,393.4393,192.3815,1.0
2025-07-28T12:00:00.0,556.5778,156.4142,400.1637,187.0314,1.0
2025-07-28T13:00:00.0,329.6161,21.6835,307.9327,26.0348,1.0
2025-07-28T14:00:00.0,254.168,6.8109,247.3571,8.9213,1.0
2025-07-28T15:00:00.0,248.1593,9.6799,238.4794,14.0899,1.0
2025-07-28T16:00:00.0,209.2513,10.1964,199.0548,16.7594,1.0
2025-07-28T17:00:00.0,127.4531,0.8218,126.6313,1.9615,1.0
2025-07-28T18:00:00.0,89.0466,0.3872,88.6594,1.6777,1.0
2025-07-28T19:00:00.0,41.5102,0.901,40.6092,7.7074,0.9083
2025-07-28T20:00:00.0,2.9524,0.0338,2.9186,0.8009,0.8
2025-07-28T21:00:00.0,0.0,0.0,0.0,0.0,1.0
2025-07-28T22:00:00.0,0.0,0.0,0.0,0.0,1.0
2025-07-28T23:00:00.0,0.0,0.0,0.0,0.0,1.0
2025-07-29T00:00:00.0,0.0,0.0,0.0,0.0,1.0
2025-07-29T01:00:00.0,0.0,0.0,0.0,0.0,1.0
2025-07-29T02:00:00.0,0.0,0.0,0.0,0.0,1.0
2025-07-29T03:00:00.0,0.0,0.0,0.0,0.0,1.0
2025-07-29T04:00:00.0,0.0077,0.0001,0.0076,0.0,0.9917
2025-07-29T05:00:00.0,24.4983,0.6205,23.8779,7.2883,0.7167
2025-07-29T06:00:00.0,105.1807,15.0171,90.1636,61.7477,1.0
2025-07-29T07:00:00.0,193.97,31.6378,162.3321,78.2981,1.0
2025-07-29T08:00:00.0,362.6175,149.8879,212.7296,279.8858,1.0
2025-07-29T09:00:00.0,401.8379,145.6416,256.1962,236.2234,1.0
2025-07-29T10:00:00.0,334.5685,17.2147,317.3538,23.2613,1.0
2025-07-29T11:00:00.0,460.3589,76.7129,383.6461,94.3328,1.0
2025-07-29T12:00:00.0,592.2224,189.0418,403.1806,226.7453,1.0
2025-07-29T13:00:00.0,452.0716,97.2925,354.7791,117.4462,1.0
2025-07-29T14:00:00.0,303.3516,12.2608,291.0908,15.9647,1.0
2025-07-29T15:00:00.0,156.4534,0.0586,156.3947,0.0882,1.0
2025-07-29T16:00:00.0,201.2228,10.0325,191.1903,17.6018,1.0
2025-07-29T17:00:00.0,132.5862,0.5454,132.0408,1.1518,1.0
2025-07-29T18:00:00.0,87.6853,0.1222,87.5632,0.4229,1.0
2025-07-29T19:00:00.0,54.0064,12.3236,41.6828,108.7552,0.9083
2025-07-29T20:00:00.0,3.1817,0.3316,2.8501,8.1524,0.825
2025-07-29T21:00:00.0,0.0,0.0,0.0,0.0,1.0
2025-07-29T22:00:00.0,0.0,0.0,0.0,0.0,1.0
2025-07-29T23:00:00.0,0.0,0.0,0.0,0.0,1.0
2025-07-30T00:00:00.0,0.0,0.0,0.0,0.0,1.0
2025-07-30T01:00:00.0,0.0,0.0,0.0,0.0,1.0
2025-07-30T02:00:00.0,0.0,0.0,0.0,0.0,1.0
2025-07-30T03:00:00.0,0.0,0.0,0.0,0.0,1.0
2025-07-30T04:00:00.0,0.0,0.0,0.0,0.0,1.0
2025-07-30T05:00:00.0,29.2051,6.7274,22.4777,51.6844,0.7167
2025-07-30T06:00:00.0,134.4886,52.6992,81.7894,236.4373,1.0
2025-07-30T07:00:00.0,144.1492,7.4613,136.6879,20.269,1.0
2025-07-30T08:00:00.0,255.0146,32.289,222.7256,60.6333,1.0
2025-07-30T09:00:00.0,433.5544,139.079,294.4753,214.6637,1.0
2025-07-30T10:00:00.0,629.3165,395.4338,233.8827,528.1369,1.0
2025-07-30T11:00:00.0,619.1658,313.2087,305.9571,393.8094,1.0
2025-07-30T12:00:00.0,506.4311,104.0433,402.3878,125.1253,1.0
2025-07-30T13:00:00.0,476.2154,84.5201,391.6953,103.0335,1.0
2025-07-30T14:00:00.0,427.9472,66.4472,361.5,86.96,1.0
2025-07-30T15:00:00.0,496.6683,226.0204,270.6479,337.2532,1.0
2025-07-30T16:00:00.0,337.4644,77.6744,259.79,137.3949,1.0
2025-07-30T17:00:00.0,278.0271,114.8227,163.2044,270.0002,1.0
2025-07-30T18:00:00.0,89.4004,3.7569,85.6434,12.3418,1.0
2025-07-30T19:00:00.0,68.9418,29.2458,39.696,221.4271,0.9083
2025-07-30T20:00:00.0,2.8378,0.3476,2.4902,9.146,0.825
2025-07-30T21:00:00.0,0.0,0.0,0.0,0.0,1.0
2025-07-30T22:00:00.0,0.0,0.0,0.0,0.0,1.0
2025-07-30T23:00:00.0,0.0,0.0,0.0,0.0,1.0
2025-07-31T00:00:00.0,0.0,0.0,0.0,0.0,1.0
2025-07-31T01:00:00.0,0.0,0.0,0.0,0.0,1.0
2025-07-31T02:00:00.0,0.0,0.0,0.0,0.0,1.0
2025-07-31T03:00:00.0,0.0,0.0,0.0,0.0,1.0
2025-07-31T04:00:00.0,0.0,0.0,0.0,0.0,1.0
2025-07-31T05:00:00.0,4.3329,0.0,4.3329,0.0,0.6083
2025-07-31T06:00:00.0,79.3789,6.6454,72.7335,24.8222,1.0
2025-07-31T07:00:00.0,200.4355,36.8118,163.6237,98.5502,1.0
2025-07-31T08:00:00.0,337.8868,131.6691,206.2177,266.7592,1.0
2025-07-31T09:00:00.0,379.5854,84.784,294.8014,130.0955,1.0
2025-07-31T10:00:00.0,610.7819,361.8912,248.8907,483.8395,1.0
2025-07-31T11:00:00.0,761.8171,561.1326,200.6845,697.5182,1.0
2025-07-31T12:00:00.0,831.3954,666.5242,164.8713,803.9942,1.0
2025-07-31T13:00:00.0,817.1873,651.1675,166.0198,797.9882,1.0
2025-07-31T14:00:00.0,757.1995,594.0653,163.1342,777.3845,1.0
2025-07-31T15:00:00.0,443.4378,190.1944,253.2434,269.7095,1.0
2025-07-31T16:00:00.0,197.299,10.7866,186.5124,20.3903,1.0
2025-07-31T17:00:00.0,345.2589,217.5353,127.7235,520.2404,1.0
2025-07-31T18:00:00.0,201.9957,116.7977,85.198,419.3111,1.0
2025-07-31T19:00:00.0,69.4073,29.558,39.8493,219.1014,0.9083
2025-07-31T20:00:00.0,2.3593,0.2613,2.098,7.1703,0.8417
2025-07-31T21:00:00.0,0.0,0.0,0.0,0.0,1.0
2025-07-31T22:00:00.0,0.0,0.0,0.0,0.0,1.0
2025-07-31T23:00:00.0,0.0,0.0,0.0,0.0,1.0
2025-08-01T00:00:00.0,0.0,0.0,0.0,0.0,1.0
2025-08-01T01:00:00.0,0.0,0.0,0.0,0.0,1.0
2025-08-01T02:00:00.0,0.0,0.0,0.0,0.0,1.0
2025-08-01T03:00:00.0,0.0,0.0,0.0,0.0,1.0
2025-08-01T04:00:00.0,0.0,0.0,0.0,0.0,1.0
2025-08-01T05:00:00.0,4.3272,0.0,4.3272,0.0,0.6167
2025-08-01T06:00:00.0,58.8381,0.1191,58.719,0.4651,1.0
2025-08-01T07:00:00.0,148.6848,3.8916,144.7932,9.6701,1.0
2025-08-01T08:00:00.0,222.0513,8.5599,213.4914,16.9875,1.0
2025-08-01T09:00:00.0,223.1662,7.4328,215.7334,11.7594,1.0
2025-08-01T10:00:00.0,292.1564,10.8253,281.3311,14.3364,1.0
2025-08-01T11:00:00.0,469.5446,75.6704,393.8743,94.6759,1.0
2025-08-01T12:00:00.0,454.7744,58.133,396.6414,70.3352,1.0
2025-08-01T13:00:00.0,421.4464,80.1693,341.277,97.5148,1.0
2025-08-01T14:00:00.0,405.0865,64.7609,340.3256,86.2541,1.0
2025-08-01T15:00:00.0,189.1297,3.4888,185.6409,4.8806,1.0
2025-08-01T16:00:00.0,252.3467,52.3279,200.0188,101.2198,1.0
2025-08-01T17:00:00.0,279.5893,104.8348,174.7545,248.8098,1.0
2025-08-01T18:00:00.0,108.916,5.408,103.5079,17.5808,1.0
2025-08-01T19:00:00.0,21.3496,0.1137,21.2359,0.6284,0.9083
2025-08-01T20:00:00.0,0.2598,0.0,0.2598,0.0,0.8583
2025-08-01T21:00:00.0,0.0,0.0,0.0,0.0,1.0
2025-08-01T22:00:00.0,0.0,0.0,0.0,0.0,1.0
2025-08-01T23:00:00.0,0.0,0.0,0.0,0.0,1.0
2025-08-02T00:00:00.0,0.0,0.0,0.0,0.0,1.0
2025-08-02T01:00:00.0,0.0,0.0,0.0,0.0,1.0
2025-08-02T02:00:00.0,0.0,0.0,0.0,0.0,1.0
2025-08-02T03:00:00.0,0.0,0.0,0.0,0.0,1.0
2025-08-02T04:00:00.0,0.0,0.0,0.0,0.0,1.0
2025-08-02T05:00:00.0,27.9527,6.2696,21.6831,65.3278,0.6333
2025-08-02T06:00:00.0,139.8888,62.8913,76.9975,283.1344,1.0
2025-08-02T07:00:00.0,293.3236,172.7193,120.6042,468.5992,1.0
2025-08-02T08:00:00.0,442.239,278.736,163.5031,550.3274,1.0
2025-08-02T09:00:00.0,512.6996,222.7361,289.9635,353.0211,1.0
2025-08-02T10:00:00.0,573.4407,190.8568,382.5839,261.2664,1.0
2025-08-02T11:00:00.0,589.2506,180.0906,409.16,226.7373,1.0
2025-08-02T12:00:00.0,543.1857,135.1173,408.0685,163.9624,1.0
2025-08-02T13:00:00.0,416.5693,72.8442,343.7251,89.0601,1.0
2025-08-02T14:00:00.0,221.9201,2.1601,219.76,2.8778,1.0
2025-08-02T15:00:00.0,195.1431,3.2198,191.9233,5.0648,1.0
2025-08-02T16:00:00.0,213.3103,4.8135,208.4968,8.3258,1.0
2025-08-02T17:00:00.0,139.4354,4.4373,134.9982,9.6702,1.0
2025-08-02T18:00:00.0,86.3522,1.2671,85.0851,5.2651,1.0
2025-08-02T19:00:00.0,27.4087,1.5141,25.8946,9.5219,0.9083
2025-08-02T20:00:00.0,0.2133,0.0,0.2133,0.0,0.8667
2025-08-02T21:00:00.0,0.0,0.0,0.0,0.0,1.0
2025-08-02T22:00:00.0,0.0,0.0,0.0,0.0,1.0
2025-08-02T23:00:00.0,0.0,0.0,0.0,0.0,1.0
2025-08-03T00:00:00.0,0.0,0.0,0.0,0.0,1.0
2025-08-03T01:00:00.0,0.0,0.0,0.0,0.0,1.0
2025-08-03T02:00:00.0,0.0,0.0,0.0,0.0,1.0
2025-08-03T03:00:00.0,0.0,0.0,0.0,0.0,1.0
2025-08-03T04:00:00.0,0.0,0.0,0.0,0.0,1.0
2025-08-03T05:00:00.0,3.8748,0.0,3.8748,0.0,0.65
2025-08-03T06:00:00.0,51.7054,0.0997,51.6057,0.3996,1.0
2025-08-03T07:00:00.0,79.1898,0.6722,78.5177,2.1279,1.0
2025-08-03T08:00:00.0,175.1017,2.4048,172.6969,4.4302,1.0
2025-08-03T09:00:00.0,531.3149,322.5297,208.7852,498.6767,1.0
2025-08-03T10:00:00.0,597.7619,301.7313,296.0307,410.1813,1.0
2025-08-03T11:00:00.0,713.6974,392.2175,321.4799,495.6175,1.0
2025-08-03T12:00:00.0,747.4401,429.5374,317.9026,522.7126,1.0
2025-08-03T13:00:00.0,719.7058,392.9434,326.7625,484.652,1.0
2025-08-03T14:00:00.0,521.1302,125.2751,395.8552,163.3427,1.0
2025-08-03T15:00:00.0,231.8587,5.1617,226.697,7.3607,1.0
2025-08-03T16:00:00.0,154.5863,1.2191,153.3672,2.3008,1.0
2025-08-03T17:00:00.0,100.5037,0.1261,100.3775,0.3496,1.0
2025-08-03T18:00:00.0,80.3431,3.4689,76.8741,12.5508,1.0
2025-08-03T19:00:00.0,32.8592,0.381,32.4782,2.5206,0.9083
2025-08-03T20:00:00.0,0.1659,0.0,0.1659,0.0,0.8833
2025-08-03T21:00:00.0,0.0,0.0,0.0,0.0,1.0
2025-08-03T22:00:00.0,0.0,0.0,0.0,0.0,1.0
2025-08-03T23:00:00.0,0.0,0.0,0.0,0.0,1.0
2025-08-04T00:00:00.0,0.0,0.0,0.0,0.0,1.0
2025-08-04T01:00:00.0,0.0,0.0,0.0,0.0,1.0
2025-08-04T02:00:00.0,0.0,0.0,0.0,0.0,1.0
2025-08-04T03:00:00.0,0.0,0.0,0.0,0.0,1.0
2025-08-04T04:00:00.0,0.0,0.0,0.0,0.0,1.0
2025-08-04T05:00:00.0,3.8931,0.0,3.8931,0.0,0.6583
2025-08-04T06:00:00.0,31.0545,0.0007,31.0538,0.0026,1.0
2025-08-04T07:00:00.0,87.2168,0.1429,87.0739,0.3575,1.0
2025-08-04T08:00:00.0,371.1017,210.8669,160.2347,404.5913,1.0
2025-08-04T09:00:00.0,485.308,244.7567,240.5513,386.548,1.0
2025-08-04T10:00:00.0,686.657,495.1487,191.5082,677.7888,1.0
2025-08-04T11:00:00.0,823.6985,699.1151,124.5834,882.4957,1.0
2025-08-04T12:00:00.0,809.9448,623.4298,186.515,761.6765,1.0
2025-08-04T13:00:00.0,841.3115,716.787,124.5244,889.8299,1.0
2025-08-04T14:00:00.0,770.3022,636.1071,134.1952,843.3909,1.0
2025-08-04T15:00:00.0,672.978,555.1821,117.7959,835.4142,1.0
2025-08-04T16:00:00.0,541.4658,441.7583,99.7074,806.267,1.0
2025-08-04T17:00:00.0,383.8743,300.4045,83.4698,733.6814,1.0
2025-08-04T18:00:00.0,216.5974,151.9691,64.6283,581.0241,1.0
2025-08-04T19:00:00.0,54.6368,13.402,41.2348,92.6598,0.9083
2025-08-04T20:00:00.0,0.7681,0.003,0.7652,0.0917,0.9
2025-08-04T21:00:00.0,0.0,0.0,0.0,0.0,1.0
2025-08-04T22:00:00.0,0.0,0.0,0.0,0.0,1.0
2025-08-04T23:00:00.0,0.0,0.0,0.0,0.0,1.0
2025-08-05T00:00:00.0,0.0,0.0,0.0,0.0,1.0
2025-08-05T01:00:00.0,0.0,0.0,0.0,0.0,1.0
2025-08-05T02:00:00.0,0.0,0.0,0.0,0.0,1.0
2025-08-05T03:00:00.0,0.0,0.0,0.0,0.0,1.0
2025-08-05T04:00:00.0,0.0,0.0,0.0,0.0,1.0
2025-08-05T05:00:00.0,26.012,6.7003,19.3117,74.8064,0.675
2025-08-05T06:00:00.0,124.9615,45.4756,79.4859,233.9068,1.0
2025-08-05T07:00:00.0,220.3738,75.2463,145.1275,214.0415,1.0
2025-08-05T08:00:00.0,373.9859,171.8495,202.1364,346.8813,1.0
2025-08-05T09:00:00.0,376.9239,110.1316,266.7923,168.2175,1.0
2025-08-05T10:00:00.0,447.4382,155.158,292.2802,221.2209,1.0
2025-08-05T11:00:00.0,601.0847,257.5211,343.5637,322.7026,1.0
2025-08-05T12:00:00.0,608.4186,175.7104,432.7083,215.4566,1.0
2025-08-05T13:00:00.0,573.9896,156.7144,417.2752,195.022,1.0
2025-08-05T14:00:00.0,517.1629,112.5839,404.579,149.9129,1.0
2025-08-05T15:00:00.0,430.757,82.6741,348.0829,125.0184,1.0
2025-08-05T16:00:00.0,333.7849,67.0149,266.7701,126.3419,1.0
2025-08-05T17:00:00.0,252.3941,78.7488,173.6454,191.4809,1.0
2025-08-05T18:00:00.0,113.3026,9.8142,103.4884,34.526,1.0
2025-08-05T19:00:00.0,34.5721,3.3265,31.2456,22.6004,0.7833
2025-08-05T20:00:00.0,0.3745,0.0001,0.3745,0.0022,0.9167
2025-08-05T21:00:00.0,0.0,0.0,0.0,0.0,1.0
2025-08-05T22:00:00.0,0.0,0.0,0.0,0.0,1.0
2025-08-05T23:00:00.0,0.0,0.0,0.0,0.0,1.0
2025-08-06T00:00:00.0,0.0,0.0,0.0,0.0,1.0
2025-08-06T01:00:00.0,0.0,0.0,0.0,0.0,1.0
2025-08-06T02:00:00.0,0.0,0.0,0.0,0.0,1.0
2025-08-06T03:00:00.0,0.0,0.0,0.0,0.0,1.0
2025-08-06T04:00:00.0,0.0,0.0,0.0,0.0,1.0
2025-08-06T05:00:00.0,12.1946,0.0009,12.1937,0.0101,0.6833
2025-08-06T06:00:00.0,84.2963,10.5094,73.7869,43.0102,1.0
2025-08-06T07:00:00.0,175.3676,16.1799,159.1877,46.1788,1.0
2025-08-06T08:00:00.0,268.9975,39.656,229.3414,77.6593,1.0
2025-08-06T09:00:00.0,264.8925,13.6823,251.2102,22.4465,1.0
2025-08-06T10:00:00.0,232.742,1.9685,230.7735,2.679,1.0
2025-08-06T11:00:00.0,250.086,2.9726,247.1134,3.8381,1.0
2025-08-06T12:00:00.0,265.324,5.3377,259.9863,6.5505,1.0
2025-08-06T13:00:00.0,305.3526,10.5946,294.758,13.1688,1.0
2025-08-06T14:00:00.0,263.8785,4.7493,259.1292,6.372,1.0
2025-08-06T15:00:00.0,59.9576,0.3882,59.5694,0.5526,1.0
2025-08-06T16:00:00.0,161.6117,0.8724,160.7393,1.6538,1.0
2025-08-06T17:00:00.0,128.8869,0.9126,127.9744,2.4548,1.0
2025-08-06T18:00:00.0,93.773,13.8802,79.8928,47.7612,1.0
2025-08-06T19:00:00.0,8.8552,0.0256,8.8296,0.158,0.7833
2025-08-06T20:00:00.0,0.0492,0.0,0.0492,0.0,0.925
2025-08-06T21:00:00.0,0.0,0.0,0.0,0.0,1.0
2025-08-06T22:00:00.0,0.0,0.0,0.0,0.0,1.0
2025-08-06T23:00:00.0,0.0,0.0,0.0,0.0,1.0
2025-08-07T00:00:00.0,0.0,0.0,0.0,0.0,1.0
2025-08-07T01:00:00.0,0.0,0.0,0.0,0.0,1.0
2025-08-07T02:00:00.0,0.0,0.0,0.0,0.0,1.0
2025-08-07T03:00:00.0,0.0,0.0,0.0,0.0,1.0
2025-08-07T04:00:00.0,0.0,0.0,0.0,0.0,1.0
2025-08-07T05:00:00.0,19.2771,3.4153,15.8618,40.3107,0.7
2025-08-07T06:00:00.0,100.6228,18.1458,82.477,98.6839,1.0
2025-08-07T07:00:00.0,221.3154,66.0983,155.2171,186.9085,1.0
2025-08-07T08:00:00.0,352.9286,146.7958,206.1328,298.4775,1.0
2025-08-07T09:00:00.0,387.0714,90.3299,296.7416,147.1577,1.0
2025-08-07T10:00:00.0,362.7114,51.8441,310.8672,70.6492,1.0
2025-08-07T11:00:00.0,518.8764,130.7702,388.1062,167.4944,1.0
2025-08-07T12:00:00.0,480.1617,82.5124,397.6492,101.8218,1.0
2025-08-07T13:00:00.0,511.9202,104.1441,407.7761,129.9857,1.0
2025-08-07T14:00:00.0,447.9069,89.2924,358.6145,121.281,1.0
2025-08-07T15:00:00.0,469.5519,129.7651,339.7868,197.4689,1.0
2025-08-07T16:00:00.0,354.0684,71.3942,282.6743,130.3829,1.0
2025-08-07T17:00:00.0,261.9629,73.2918,188.6711,182.1694,1.0
2025-08-07T18:00:00.0,128.6736,20.7209,107.9527,81.3443,1.0
2025-08-07T19:00:00.0,32.1312,0.3101,31.8211,2.0126,0.7833
2025-08-07T20:00:00.0,0.1383,0.0,0.1383,0.0,0.9417
2025-08-07T21:00:00.0,0.0,0.0,0.0,0.0,1.0
2025-08-07T22:00:00.0,0.0,0.0,0.0,0.0,1.0
2025-08-07T23:00:00.0,0.0,0.0,0.0,0.0,1.0
2025-08-08T00:00:00.0,0.0,0.0,0.0,0.0,1.0
2025-08-08T01:00:00.0,0.0,0.0,0.0,0.0,1.0
2025-08-08T02:00:00.0,0.0,0.0,0.0,0.0,1.0
2025-08-08T03:00:00.0,0.0,0.0,0.0,0.0,1.0
2025-08-08T04:00:00.0,0.0,0.0,0.0,0.0,1.0
2025-08-08T05:00:00.0,4.636,0.0,4.636,0.0,0.7083
2025-08-08T06:00:00.0,45.8542,0.0791,45.7751,0.316,1.0
2025-08-08T07:00:00.0,104.8503,0.224,104.6263,0.6885,1.0
2025-08-08T08:00:00.0,190.9255,6.5959,184.3296,12.3718,1.0
2025-08-08T09:00:00.0,315.1982,37.0096,278.1887,60.9613,1.0
2025-08-08T10:00:00.0,348.0676,43.4547,304.6129,60.9978,1.0
2025-08-08T11:00:00.0,392.9208,50.1455,342.7753,63.2743,1.0
2025-08-08T12:00:00.0,532.8777,133.3813,399.4965,165.2041,1.0
2025-08-08T13:00:00.0,578.9695,201.0934,377.876,252.7936,1.0
2025-08-08T14:00:00.0,438.7404,77.1642,361.5762,103.6206,1.0
2025-08-08T15:00:00.0,288.1839,26.3853,261.7986,41.4923,1.0
2025-08-08T16:00:00.0,308.0005,79.2433,228.7572,151.0408,1.0
2025-08-08T17:00:00.0,242.2365,82.9319,159.3045,200.3478,1.0
2025-08-08T18:00:00.0,97.9014,2.3913,95.5102,10.5008,1.0
2025-08-08T19:00:00.0,18.7126,0.2435,18.4691,1.5874,0.7833
2025-08-08T20:00:00.0,0.0233,0.0,0.0233,0.0,0.9583
2025-08-08T21:00:00.0,0.0,0.0,0.0,0.0,1.0
2025-08-08T22:00:00.0,0.0,0.0,0.0,0.0,1.0
2025-08-08T23:00:00.0,0.0,0.0,0.0,0.0,1.0
2025-08-09T00:00:00.0,0.0,0.0,0.0,0.0,1.0
2025-08-09T01:00:00.0,0.0,0.0,0.0,0.0,1.0
2025-08-09T02:00:00.0,0.0,0.0,0.0,0.0,1.0
2025-08-09T03:00:00.0,0.0,0.0,0.0,0.0,1.0
2025-08-09T04:00:00.0,0.0,0.0,0.0,0.0,1.0
2025-08-09T05:00:00.0,15.2581,1.7489,13.5092,22.0704,0.725
2025-08-09T06:00:00.0,79.0819,10.3277,68.7542,58.8977,1.0
2025-08-09T07:00:00.0,243.7974,108.8493,134.9481,309.2453,1.0
2025-08-09T08:00:00.0,406.8479,225.3864,181.4615,459.4772,1.0
2025-08-09T09:00:00.0,400.8115,152.9071,247.9044,259.614,1.0
2025-08-09T10:00:00.0,485.8753,175.5352,310.3401,247.2242,1.0
2025-08-09T11:00:00.0,645.1448,330.8544,314.2904,422.0085,1.0
2025-08-09T12:00:00.0,731.1989,457.3405,273.8584,568.4199,1.0
2025-08-09T13:00:00.0,714.1837,441.2439,272.9398,557.9484,1.0
2025-08-09T14:00:00.0,616.763,351.838,264.925,473.2188,1.0
2025-08-09T15:00:00.0,186.4831,4.3238,182.1593,6.2675,1.0
2025-08-09T16:00:00.0,180.2711,3.2185,177.0526,6.5255,1.0
2025-08-09T17:00:00.0,258.0641,109.3554,148.7087,270.5415,1.0
2025-08-09T18:00:00.0,139.2633,46.4611,92.8022,199.5394,1.0
2025-08-09T19:00:00.0,39.8429,10.6511,29.1918,98.3337,0.7833
2025-08-09T20:00:00.0,0.0409,0.0005,0.0404,0.0,0.975
2025-08-09T21:00:00.0,0.0,0.0,0.0,0.0,1.0
2025-08-09T22:00:00.0,0.0,0.0,0.0,0.0,1.0
2025-08-09T23:00:00.0,0.0,0.0,0.0,0.0,1.0
2025-08-10T00:00:00.0,0.0,0.0,0.0,0.0,1.0
2025-08-10T01:00:00.0,0.0,0.0,0.0,0.0,1.0
2025-08-10T02:00:00.0,0.0,0.0,0.0,0.0,1.0
2025-08-10T03:00:00.0,0.0,0.0,0.0,0.0,1.0
2025-08-10T04:00:00.0,0.0,0.0,0.0,0.0,1.0
2025-08-10T05:00:00.0,2.3137,0.0,2.3137,0.0,0.6417
2025-08-10T06:00:00.0,27.8537,0.0,27.8536,0.0,0.9667
2025-08-10T07:00:00.0,52.5317,0.0159,52.5158,0.0387,1.0
2025-08-10T08:00:00.0,89.612,0.6197,88.9923,1.3976,1.0
2025-08-10T09:00:00.0,171.8195,0.5122,171.3073,0.8559,1.0
2025-08-10T10:00:00.0,129.6325,0.0426,129.5899,0.0598,1.0
2025-08-10T11:00:00.0,272.4417,4.1182,268.3235,5.2872,1.0
2025-08-10T12:00:00.0,335.2994,12.6745,322.6249,15.799,1.0
2025-08-10T13:00:00.0,290.7368,6.6972,284.0396,8.4638,1.0
2025-08-10T14:00:00.0,367.1866,40.2169,326.9697,54.6887,1.0
2025-08-10T15:00:00.0,223.1714,4.1672,219.0043,6.3175,1.0
2025-08-10T16:00:00.0,196.1256,4.0436,192.082,7.5288,1.0
2025-08-10T17:00:00.0,184.4048,20.2362,164.1687,54.0775,1.0
2025-08-10T18:00:00.0,112.7325,8.1277,104.6048,32.5044,1.0
2025-08-10T19:00:00.0,24.9223,0.135,24.7873,0.9382,0.7833
2025-08-10T20:00:00.0,0.0037,0.0,0.0037,0.0,0.9833
2025-08-10T21:00:00.0,0.0,0.0,0.0,0.0,1.0
2025-08-10T22:00:00.0,0.0,0.0,0.0,0.0,1.0
2025-08-10T23:00:00.0,0.0,0.0,0.0,0.0,1.0
2025-08-11T00:00:00.0,0.0,0.0,0.0,0.0,1.0
2025-08-11T01:00:00.0,0.0,0.0,0.0,0.0,1.0
2025-08-11T02:00:00.0,0.0,0.0,0.0,0.0,1.0
2025-08-11T03:00:00.0,0.0,0.0,0.0,0.0,1.0
2025-08-11T04:00:00.0,0.0,0.0,0.0,0.0,1.0
2025-08-11T05:00:00.0,11.6455,0.1534,11.4921,2.031,0.6583
2025-08-11T06:00:00.0,54.9379,0.705,54.2329,4.2895,0.9667
2025-08-11T07:00:00.0,177.1057,19.6198,157.4859,57.1454,1.0
2025-08-11T08:00:00.0,150.103,1.5192,148.5838,3.2425,1.0
2025-08-11T09:00:00.0,137.5409,0.0675,137.4734,0.1094,1.0
2025-08-11T10:00:00.0,86.6343,0.0001,86.6342,0.0001,1.0
2025-08-11T11:00:00.0,182.8736,3.8143,179.0594,4.8281,1.0
2025-08-11T12:00:00.0,684.9762,367.7872,317.189,460.0504,1.0
2025-08-11T13:00:00.0,749.7562,522.9532,226.803,665.2171,1.0
2025-08-11T14:00:00.0,678.5586,446.9812,231.5773,615.2687,1.0
2025-08-11T15:00:00.0,607.5366,447.4322,160.1044,696.8248,1.0
2025-08-11T16:00:00.0,469.536,325.0367,144.4993,620.6897,1.0
2025-08-11T17:00:00.0,312.1834,193.3296,118.8538,502.6791,1.0
2025-08-11T18:00:00.0,154.6754,74.9247,79.7507,315.2411,1.0
2025-08-11T19:00:00.0,26.0767,2.0395,24.0372,15.3431,0.7917
2025-08-11T20:00:00.0,0.0,0.0,0.0,0.0,1.0
2025-08-11T21:00:00.0,0.0,0.0,0.0,0.0,1.0
2025-08-11T22:00:00.0,0.0,0.0,0.0,0.0,1.0
2025-08-11T23:00:00.0,0.0,0.0,0.0,0.0,1.0
2025-08-12T00:00:00.0,0.0,0.0,0.0,0.0,1.0
2025-08-12T01:00:00.0,0.0,0.0,0.0,0.0,1.0
2025-08-12T02:00:00.0,0.0,0.0,0.0,0.0,1.0
2025-08-12T03:00:00.0,0.0,0.0,0.0,0.0,1.0
2025-08-12T04:00:00.0,0.0,0.0,0.0,0.0,1.0
2025-08-12T05:00:00.0,12.134,1.3996,10.7344,19.2338,0.6667
2025-08-12T06:00:00.0,85.9801,17.8427,68.1375,93.8175,0.9667
2025-08-12T07:00:00.0,231.6824,103.2867,128.3958,307.7326,1.0
2025-08-12T08:00:00.0,368.4414,182.9766,185.4649,384.249,1.0
2025-08-12T09:00:00.0,475.231,209.2189,266.0121,348.9611,1.0
2025-08-12T10:00:00.0,610.8505,350.6036,260.2469,492.8181,1.0
2025-08-12T11:00:00.0,742.416,544.3917,198.0243,707.4325,1.0
2025-08-12T12:00:00.0,759.7849,531.6892,228.0957,668.4671,1.0
2025-08-12T13:00:00.0,760.6772,570.2324,190.4448,729.8534,1.0
2025-08-12T14:00:00.0,697.8504,513.5341,184.3164,705.701,1.0
2025-08-12T15:00:00.0,594.4273,422.7581,171.6693,662.2404,1.0
2025-08-12T16:00:00.0,459.1054,307.7072,151.3981,592.0732,1.0
2025-08-12T17:00:00.0,304.2414,182.5652,121.6762,479.8711,1.0
2025-08-12T18:00:00.0,148.3952,68.2302,80.165,291.4871,1.0
2025-08-12T19:00:00.0,30.7379,6.5805,24.1574,62.8721,0.8
2025-08-12T20:00:00.0,0.0,0.0,0.0,0.0,1.0
2025-08-12T21:00:00.0,0.0,0.0,0.0,0.0,1.0
2025-08-12T22:00:00.0,0.0,0.0,0.0,0.0,1.0
2025-08-12T23:00:00.0,0.0,0.0,0.0,0.0,1.0
2025-08-13T00:00:00.0,0.0,0.0,0.0,0.0,1.0
2025-08-13T01:00:00.0,0.0,0.0,0.0,0.0,1.0
2025-08-13T02:00:00.0,0.0,0.0,0.0,0.0,1.0
2025-08-13T03:00:00.0,0.0,0.0,0.0,0.0,1.0
2025-08-13T04:00:00.0,0.0,0.0,0.0,0.0,1.0
2025-08-13T05:00:00.0,1.6663,0.0,1.6663,0.0,0.6833
2025-08-13T06:00:00.0,19.8689,0.0,19.8689,0.0,0.9667
2025-08-13T07:00:00.0,78.4143,0.0046,78.4098,0.0124,1.0
2025-08-13T08:00:00.0,128.4348,0.4741,127.9607,0.8876,1.0
2025-08-13T09:00:00.0,215.389,12.4151,202.9739,21.8378,1.0
2025-08-13T10:00:00.0,333.8818,35.449,298.4327,49.2299,1.0
2025-08-13T11:00:00.0,467.579,103.3397,364.2393,135.4659,1.0
2025-08-13T12:00:00.0,379.6743,30.8026,348.8717,38.919,1.0
2025-08-13T13:00:00.0,460.1043,83.4077,376.6966,107.5627,1.0
2025-08-13T14:00:00.0,358.8711,34.2095,324.6617,46.4156,1.0
2025-08-13T15:00:00.0,119.8776,0.7522,119.1254,1.1112,1.0
2025-08-13T16:00:00.0,192.6274,3.2413,189.386,6.5961,1.0
2025-08-13T17:00:00.0,185.3607,21.9043,163.4564,57.7809,1.0
2025-08-13T18:00:00.0,152.5898,83.5511,69.0387,366.6004,1.0
2025-08-13T19:00:00.0,29.2413,5.3508,23.8905,66.7634,0.8167
2025-08-13T20:00:00.0,0.0,0.0,0.0,0.0,1.0
2025-08-13T21:00:00.0,0.0,0.0,0.0,0.0,1.0
2025-08-13T22:00:00.0,0.0,0.0,0.0,0.0,1.0
2025-08-13T23:00:00.0,0.0,0.0,0.0,0.0,1.0
2025-08-14T00:00:00.0,0.0,0.0,0.0,0.0,1.0
2025-08-14T01:00:00.0,0.0,0.0,0.0,0.0,1.0
2025-08-14T02:00:00.0,0.0,0.0,0.0,0.0,1.0
2025-08-14T03:00:00.0,0.0,0.0,0.0,0.0,1.0
2025-08-14T04:00:00.0,0.0,0.0,0.0,0.0,1.0
2025-08-14T05:00:00.0,1.4601,0.0,1.4601,0.0,0.7
2025-08-14T06:00:00.0,30.376,0.272,30.1039,1.157,0.9667
2025-08-14T07:00:00.0,130.5138,8.202,122.3118,24.8364,1.0
2025-08-14T08:00:00.0,291.4197,77.9651,213.4546,164.2785,1.0
2025-08-14T09:00:00.0,307.5802,39.9328,267.6474,66.678,1.0
2025-08-14T10:00:00.0,468.6653,142.5862,326.0791,203.5687,1.0
2025-08-14T11:00:00.0,440.751,87.0535,353.6975,115.1793,1.0
2025-08-14T12:00:00.0,373.623,73.0839,300.5392,92.536,1.0
2025-08-14T13:00:00.0,444.7148,85.1316,359.5832,109.2777,1.0
2025-08-14T14:00:00.0,361.5223,43.5952,317.9272,61.5213,1.0
2025-08-14T15:00:00.0,290.6675,23.2969,267.3706,36.7314,1.0
2025-08-14T16:00:00.0,227.8533,20.0231,207.8302,38.2801,1.0
2025-08-14T17:00:00.0,133.168,8.4732,124.6948,24.6891,1.0
2025-08-14T18:00:00.0,82.1583,7.5836,74.5747,32.0037,1.0
2025-08-14T19:00:00.0,9.9985,0.1198,9.8788,0.9469,0.8333
2025-08-14T20:00:00.0,0.0,0.0,0.0,0.0,1.0
2025-08-14T21:00:00.0,0.0,0.0,0.0,0.0,1.0
2025-08-14T22:00:00.0,0.0,0.0,0.0,0.0,1.0
2025-08-14T23:00:00.0,0.0,0.0,0.0,0.0,1.0
2025-08-15T00:00:00.0,0.0,0.0,0.0,0.0,1.0
2025-08-15T01:00:00.0,0.0,0.0,0.0,0.0,1.0
2025-08-15T02:00:00.0,0.0,0.0,0.0,0.0,1.0
2025-08-15T03:00:00.0,0.0,0.0,0.0,0.0,1.0
2025-08-15T04:00:00.0,0.0,0.0,0.0,0.0,1.0
2025-08-15T05:00:00.0,4.4194,0.0003,4.4191,0.0047,0.7083
2025-08-15T06:00:00.0,52.4822,4.2968,48.1854,20.415,0.9667
2025-08-15T07:00:00.0,174.6003,51.6806,122.9196,152.3902,1.0
2025-08-15T08:00:00.0,330.6965,137.6607,193.0358,291.5801,1.0
2025-08-15T09:00:00.0,473.4211,233.3371,240.084,390.2777,1.0
2025-08-15T10:00:00.0,598.72,334.3279,264.3921,480.412,1.0
2025-08-15T11:00:00.0,687.5377,416.9094,270.6284,548.4932,1.0
2025-08-15T12:00:00.0,715.8195,434.6177,281.2018,553.1843,1.0
2025-08-15T13:00:00.0,690.4815,401.9778,288.5038,521.7609,1.0
2025-08-15T14:00:00.0,600.6948,306.7419,293.953,427.2966,1.0
2025-08-15T15:00:00.0,480.3363,190.0313,290.305,302.0199,1.0
2025-08-15T16:00:00.0,301.1302,60.437,240.6932,114.3369,1.0
2025-08-15T17:00:00.0,197.2459,40.351,156.895,114.6169,1.0
2025-08-15T18:00:00.0,105.9622,25.5135,80.4487,115.7314,1.0
2025-08-15T19:00:00.0,16.577,0.5363,16.0408,5.3527,0.725
2025-08-15T20:00:00.0,0.0,0.0,0.0,0.0,1.0
2025-08-15T21:00:00.0,0.0,0.0,0.0,0.0,1.0
2025-08-15T22:00:00.0,0.0,0.0,0.0,0.0,1.0
2025-08-15T23:00:00.0,0.0,0.0,0.0,0.0,1.0
2025-08-16T00:00:00.0,0.0,0.0,0.0,0.0,1.0
2025-08-16T01:00:00.0,0.0,0.0,0.0,0.0,1.0
2025-08-16T02:00:00.0,0.0,0.0,0.0,0.0,1.0
2025-08-16T03:00:00.0,0.0,0.0,0.0,0.0,1.0
2025-08-16T04:00:00.0,0.0,0.0,0.0,0.0,1.0
2025-08-16T05:00:00.0,6.1265,0.0143,6.1121,0.2312,0.725
2025-08-16T06:00:00.0,18.9848,0.0548,18.93,0.4789,0.9667
2025-08-16T07:00:00.0,41.6296,0.2411,41.3885,0.6162,1.0
2025-08-16T08:00:00.0,222.9847,45.7646,177.2201,94.2663,1.0
2025-08-16T09:00:00.0,440.9492,183.2505,257.6987,306.8863,1.0
2025-08-16T10:00:00.0,309.7505,48.0514,261.6991,69.8839,1.0
2025-08-16T11:00:00.0,364.8183,40.8266,323.9917,54.5913,1.0
2025-08-16T12:00:00.0,468.5366,85.086,383.4506,108.8349,1.0
2025-08-16T13:00:00.0,493.2076,107.6329,385.5747,140.9137,1.0
2025-08-16T14:00:00.0,377.458,62.6596,314.7984,86.4122,1.0
2025-08-16T15:00:00.0,167.4479,6.1102,161.3377,10.4798,1.0
2025-08-16T16:00:00.0,235.5203,24.8458,210.6745,48.8603,1.0
2025-08-16T17:00:00.0,162.0733,23.0638,139.0095,65.6031,1.0
2025-08-16T18:00:00.0,77.7098,7.6148,70.0949,33.424,1.0
2025-08-16T19:00:00.0,9.625,0.0008,9.6242,0.007,0.7417
2025-08-16T20:00:00.0,0.0,0.0,0.0,0.0,1.0
2025-08-16T21:00:00.0,0.0,0.0,0.0,0.0,1.0
2025-08-16T22:00:00.0,0.0,0.0,0.0,0.0,1.0
2025-08-16T23:00:00.0,0.0,0.0,0.0,0.0,1.0
2025-08-17T00:00:00.0,0.0,0.0,0.0,0.0,1.0
2025-08-17T01:00:00.0,0.0,0.0,0.0,0.0,1.0
2025-08-17T02:00:00.0,0.0,0.0,0.0,0.0,1.0
2025-08-17T03:00:00.0,0.0,0.0,0.0,0.0,1.0
2025-08-17T04:00:00.0,0.0,0.0,0.0,0.0,1.0
2025-08-17T05:00:00.0,6.5332,0.3114,6.2218,5.1771,0.7333
2025-08-17T06:00:00.0,54.7745,2.0479,52.7266,16.2195,0.9667
2025-08-17T07:00:00.0,96.5341,1.1441,95.39,3.7903,1.0
2025-08-17T08:00:00.0,85.1343,0.0514,85.0828,0.1077,1.0
2025-08-17T09:00:00.0,187.7727,1.9652,185.8075,3.4074,1.0
2025-08-17T10:00:00.0,195.7289,1.487,194.2419,2.2272,1.0
2025-08-17T11:00:00.0,269.1857,5.1655,264.0202,6.7895,1.0
2025-08-17T12:00:00.0,278.3798,4.409,273.9708,5.66,1.0
2025-08-17T13:00:00.0,279.9261,6.5623,273.3637,8.524,1.0
2025-08-17T14:00:00.0,218.4398,1.3025,217.1373,1.808,1.0
2025-08-17T15:00:00.0,118.5951,0.1647,118.4305,0.2694,1.0
2025-08-17T16:00:00.0,155.3577,1.3187,154.039,2.4982,1.0
2025-08-17T17:00:00.0,147.3971,7.489,139.9081,22.1859,1.0
2025-08-17T18:00:00.0,94.7396,13.027,81.7126,66.925,1.0
2025-08-17T19:00:00.0,19.0643,2.5298,16.5344,30.4995,0.7667
2025-08-17T20:00:00.0,0.0,0.0,0.0,0.0,1.0
2025-08-17T21:00:00.0,0.0,0.0,0.0,0.0,1.0
2025-08-17T22:00:00.0,0.0,0.0,0.0,0.0,1.0
2025-08-17T23:00:00.0,0.0,0.0,0.0,0.0,1.0
2025-08-18T00:00:00.0,0.0,0.0,0.0,0.0,1.0
2025-08-18T01:00:00.0,0.0,0.0,0.0,0.0,1.0
2025-08-18T02:00:00.0,0.0,0.0,0.0,0.0,1.0
2025-08-18T03:00:00.0,0.0,0.0,0.0,0.0,1.0
2025-08-18T04:00:00.0,0.0,0.0,0.0,0.0,1.0
2025-08-18T05:00:00.0,0.7963,0.0,0.7963,0.0,0.75
2025-08-18T06:00:00.0,34.5374,0.0847,34.4527,0.4535,0.9667
2025-08-18T07:00:00.0,67.3691,0.1544,67.2146,0.5449,1.0
2025-08-18T08:00:00.0,76.4329,0.0073,76.4256,0.0153,1.0
2025-08-18T09:00:00.0,136.8162,0.5947,136.2215,0.9509,1.0
2025-08-18T10:00:00.0,116.3591,0.5101,115.849,0.7726,1.0
2025-08-18T11:00:00.0,103.5738,0.0283,103.5455,0.0388,1.0
2025-08-18T12:00:00.0,130.1516,0.0312,130.1204,0.0402,1.0
2025-08-18T13:00:00.0,98.4203,0.0095,98.4108,0.0123,1.0
2025-08-18T14:00:00.0,112.7769,0.1381,112.6389,0.204,1.0
2025-08-18T15:00:00.0,77.1467,0.0733,77.0734,0.1173,1.0
2025-08-18T16:00:00.0,115.1663,0.2332,114.9331,0.5162,1.0
2025-08-18T17:00:00.0,74.8194,0.2265,74.5928,0.5639,1.0
2025-08-18T18:00:00.0,18.691,0.0,18.691,0.0,1.0
2025-08-18T19:00:00.0,2.0672,0.0,2.0672,0.0,0.775
2025-08-18T20:00:00.0,0.0,0.0,0.0,0.0,1.0
2025-08-18T21:00:00.0,0.0,0.0,0.0,0.0,1.0
2025-08-18T22:00:00.0,0.0,0.0,0.0,0.0,1.0
2025-08-18T23:00:00.0,0.0,0.0,0.0,0.0,1.0
2025-08-19T00:00:00.0,0.0,0.0,0.0,0.0,1.0
2025-08-19T01:00:00.0,0.0,0.0,0.0,0.0,1.0
2025-08-19T02:00:00.0,0.0,0.0,0.0,0.0,1.0
2025-08-19T03:00:00.0,0.0,0.0,0.0,0.0,1.0
2025-08-19T04:00:00.0,0.0,0.0,0.0,0.0,1.0
2025-08-19T05:00:00.0,0.6332,0.0,0.6332,0.0,0.7667
2025-08-19T06:00:00.0,33.8905,1.4716,32.4188,7.2151,0.8417
2025-08-19T07:00:00.0,128.8992,12.5335,116.3658,39.4563,1.0
2025-08-19T08:00:00.0,134.822,7.7646,127.0575,18.9295,1.0
2025-08-19T09:00:00.0,214.7269,8.1449,206.5819,14.2022,1.0
2025-08-19T10:00:00.0,328.9889,28.7938,300.1951,42.6168,1.0
2025-08-19T11:00:00.0,275.7626,7.0817,268.681,9.5456,1.0
2025-08-19T12:00:00.0,290.614,7.9534,282.6606,10.3134,1.0
2025-08-19T13:00:00.0,226.2665,2.845,223.4215,3.7391,1.0
2025-08-19T14:00:00.0,233.6258,7.1867,226.439,10.5432,1.0
2025-08-19T15:00:00.0,99.655,1.1471,98.5079,1.7513,1.0
2025-08-19T16:00:00.0,100.9697,0.164,100.8057,0.3847,1.0
2025-08-19T17:00:00.0,135.2219,7.2704,127.9515,20.0837,1.0
2025-08-19T18:00:00.0,44.8563,0.7832,44.0731,3.1972,1.0
2025-08-19T19:00:00.0,10.0813,0.0069,10.0743,0.0929,0.7917
2025-08-19T20:00:00.0,0.0,0.0,0.0,0.0,1.0
2025-08-19T21:00:00.0,0.0,0.0,0.0,0.0,1.0
2025-08-19T22:00:00.0,0.0,0.0,0.0,0.0,1.0
2025-08-19T23:00:00.0,0.0,0.0,0.0,0.0,1.0
2025-08-20T00:00:00.0,0.0,0.0,0.0,0.0,1.0
2025-08-20T01:00:00.0,0.0,0.0,0.0,0.0,1.0
2025-08-20T02:00:00.0,0.0,0.0,0.0,0.0,1.0
2025-08-20T03:00:00.0,0.0,0.0,0.0,0.0,1.0
2025-08-20T04:00:00.0,0.0,0.0,0.0,0.0,1.0
2025-08-20T05:00:00.0,5.8158,0.5944,5.2214,11.3384,0.775
2025-08-20T06:00:00.0,72.1723,15.2825,56.8898,104.6649,0.8417
2025-08-20T07:00:00.0,203.1607,89.6298,113.5309,281.246,1.0
2025-08-20T08:00:00.0,319.2468,128.5801,190.6667,292.1386,1.0
2025-08-20T09:00:00.0,348.3485,79.766,268.5825,140.5017,1.0
2025-08-20T10:00:00.0,312.666,19.0165,293.6495,28.151,1.0
2025-08-20T11:00:00.0,336.05,17.4016,318.6484,23.5049,1.0
2025-08-20T12:00:00.0,375.4685,34.6515,340.8171,45.085,1.0
2025-08-20T13:00:00.0,339.2766,26.8254,312.4512,35.2557,1.0
2025-08-20T14:00:00.0,291.1052,15.3913,275.7139,22.5296,1.0
2025-08-20T15:00:00.0,188.291,2.783,185.508,4.558,1.0
2025-08-20T16:00:00.0,151.5636,2.2785,149.2851,4.339,1.0
2025-08-20T17:00:00.0,89.0999,0.0434,89.0565,0.1396,1.0
2025-08-20T18:00:00.0,38.9809,0.0101,38.9708,0.041,1.0
2025-08-20T19:00:00.0,2.0952,0.0,2.0952,0.0,0.8083
2025-08-20T20:00:00.0,0.0,0.0,0.0,0.0,1.0
2025-08-20T21:00:00.0,0.0,0.0,0.0,0.0,1.0
2025-08-20T22:00:00.0,0.0,0.0,0.0,0.0,1.0
2025-08-20T23:00:00.0,0.0,0.0,0.0,0.0,1.0
2025-08-21T00:00:00.0,0.0,0.0,0.0,0.0,1.0
2025-08-21T01:00:00.0,0.0,0.0,0.0,0.0,1.0
2025-08-21T02:00:00.0,0.0,0.0,0.0,0.0,1.0
2025-08-21T03:00:00.0,0.0,0.0,0.0,0.0,1.0
2025-08-21T04:00:00.0,0.0,0.0,0.0,0.0,1.0
2025-08-21T05:00:00.0,0.9168,0.0,0.9168,0.0,0.7917
2025-08-21T06:00:00.0,29.0625,0.0824,28.98,0.3775,0.8417
2025-08-21T07:00:00.0,182.4929,65.8246,116.6683,199.503,1.0
2025-08-21T08:00:00.0,399.5111,283.6191,115.892,625.5661,1.0
2025-08-21T09:00:00.0,504.1158,285.634,218.4818,500.1168,1.0
2025-08-21T10:00:00.0,600.7581,332.3483,268.4098,488.7434,1.0
2025-08-21T11:00:00.0,742.3588,576.5898,165.769,780.0923,1.0
2025-08-21T12:00:00.0,769.4195,594.4658,174.9537,777.6838,1.0
2025-08-21T13:00:00.0,749.2658,573.1172,176.1485,765.455,1.0
2025-08-21T14:00:00.0,681.8263,509.6926,172.1337,735.2224,1.0
2025-08-21T15:00:00.0,573.4587,413.7177,159.741,687.5703,1.0
2025-08-21T16:00:00.0,412.4108,251.6148,160.7961,515.2942,1.0
2025-08-21T17:00:00.0,249.0622,118.7733,130.2888,343.205,1.0
2025-08-21T18:00:00.0,113.6909,45.179,68.5119,245.7022,1.0
2025-08-21T19:00:00.0,14.3478,3.02,11.3278,41.4094,0.825
2025-08-21T20:00:00.0,0.0,0.0,0.0,0.0,1.0
2025-08-21T21:00:00.0,0.0,0.0,0.0,0.0,1.0
2025-08-21T22:00:00.0,0.0,0.0,0.0,0.0,1.0
2025-08-21T23:00:00.0,0.0,0.0,0.0,0.0,1.0
2025-08-22T00:00:00.0,0.0,0.0,0.0,0.0,1.0
2025-08-22T01:00:00.0,0.0,0.0,0.0,0.0,1.0
2025-08-22T02:00:00.0,0.0,0.0,0.0,0.0,1.0
2025-08-22T03:00:00.0,0.0,0.0,0.0,0.0,1.0
2025-08-22T04:00:00.0,0.0,0.0,0.0,0.0,1.0
2025-08-22T05:00:00.0,0.5396,0.0,0.5396,0.0,0.8
2025-08-22T06:00:00.0,8.769,0.0,8.769,0.0,0.8417
2025-08-22T07:00:00.0,34.5417,0.0,34.5416,0.0,1.0
2025-08-22T08:00:00.0,89.1688,0.3299,88.8389,0.6628,1.0
2025-08-22T09:00:00.0,165.165,0.6152,164.5498,1.0754,1.0
2025-08-22T10:00:00.0,269.2283,7.2674,261.9609,10.6789,1.0
2025-08-22T11:00:00.0,373.5437,42.1076,331.4361,57.1339,1.0
2025-08-22T12:00:00.0,402.1436,50.8131,351.3305,66.7278,1.0
2025-08-22T13:00:00.0,325.4764,16.749,308.7274,22.4112,1.0
2025-08-22T14:00:00.0,337.8094,30.9852,306.8242,45.7188,1.0
2025-08-22T15:00:00.0,213.5913,8.2045,205.3868,13.8942,1.0
2025-08-22T16:00:00.0,187.5093,13.8061,173.7032,26.7749,1.0
2025-08-22T17:00:00.0,89.1254,0.1611,88.9643,0.5461,1.0
2025-08-22T18:00:00.0,72.936,6.8988,66.0371,47.3943,1.0
2025-08-22T19:00:00.0,11.2931,1.1983,10.0947,16.0465,0.8583
2025-08-22T20:00:00.0,0.0,0.0,0.0,0.0,1.0
2025-08-22T21:00:00.0,0.0,0.0,0.0,0.0,1.0
2025-08-22T22:00:00.0,0.0,0.0,0.0,0.0,1.0
2025-08-22T23:00:00.0,0.0,0.0,0.0,0.0,1.0
2025-08-23T00:00:00.0,0.0,0.0,0.0,0.0,1.0
2025-08-23T01:00:00.0,0.0,0.0,0.0,0.0,1.0
2025-08-23T02:00:00.0,0.0,0.0,0.0,0.0,1.0
2025-08-23T03:00:00.0,0.0,0.0,0.0,0.0,1.0
2025-08-23T04:00:00.0,0.0,0.0,0.0,0.0,1.0
2025-08-23T05:00:00.0,4.1071,0.6111,3.496,13.8577,0.8167
2025-08-23T06:00:00.0,80.7971,32.4942,48.3028,224.9875,0.8417
2025-08-23T07:00:00.0,228.7224,135.1192,93.6032,448.7863,1.0
2025-08-23T08:00:00.0,374.1939,232.2082,141.9857,527.5317,1.0
2025-08-23T09:00:00.0,459.1271,211.8133,247.3138,377.3371,1.0
2025-08-23T10:00:00.0,503.2783,200.0528,303.2254,306.2235,1.0
2025-08-23T11:00:00.0,421.2198,75.9373,345.2824,103.0498,1.0
2025-08-23T12:00:00.0,595.9355,251.9552,343.9802,332.8883,1.0
2025-08-23T13:00:00.0,626.7495,343.979,282.7704,463.8973,1.0
2025-08-23T14:00:00.0,574.4886,330.9848,243.5038,481.8517,1.0
2025-08-23T15:00:00.0,400.5331,115.8597,284.6733,197.9231,1.0
2025-08-23T16:00:00.0,359.3178,176.5286,182.7892,389.875,1.0
2025-08-23T17:00:00.0,251.7664,138.114,113.6525,414.9838,1.0
2025-08-23T18:00:00.0,89.3532,14.8096,74.5435,75.7048,1.0
2025-08-23T19:00:00.0,8.2345,0.0137,8.2208,0.2076,0.7417
2025-08-23T20:00:00.0,0.0,0.0,0.0,0.0,1.0
2025-08-23T21:00:00.0,0.0,0.0,0.0,0.0,1.0
2025-08-23T22:00:00.0,0.0,0.0,0.0,0.0,1.0
2025-08-23T23:00:00.0,0.0,0.0,0.0,0.0,1.0
2025-08-24T00:00:00.0,0.0,0.0,0.0,0.0,1.0
2025-08-24T01:00:00.0,0.0,0.0,0.0,0.0,1.0
2025-08-24T02:00:00.0,0.0,0.0,0.0,0.0,1.0
2025-08-24T03:00:00.0,0.0,0.0,0.0,0.0,1.0
2025-08-24T04:00:00.0,0.0,0.0,0.0,0.0,1.0
2025-08-24T05:00:00.0,1.9376,0.0006,1.937,0.0139,0.8333
2025-08-24T06:00:00.0,41.5154,0.1454,41.37,0.9245,0.8417
2025-08-24T07:00:00.0,139.149,30.8943,108.2547,93.079,1.0
2025-08-24T08:00:00.0,255.2434,50.3959,204.8474,121.2671,1.0
2025-08-24T09:00:00.0,256.1721,17.361,238.8111,29.1407,1.0
2025-08-24T10:00:00.0,392.1786,65.5893,326.5893,100.68,1.0
2025-08-24T11:00:00.0,331.9938,22.872,309.1219,31.7889,1.0
2025-08-24T12:00:00.0,291.2161,6.6235,284.5927,8.7936,1.0
2025-08-24T13:00:00.0,273.3136,5.9632,267.3504,8.0707,1.0
2025-08-24T14:00:00.0,274.7128,14.5003,260.2125,21.8895,1.0
2025-08-24T15:00:00.0,222.4191,8.4123,214.0068,14.5358,1.0
2025-08-24T16:00:00.0,203.0925,10.725,192.3675,22.8787,1.0
2025-08-24T17:00:00.0,138.6275,10.1915,128.436,34.6345,1.0
2025-08-24T18:00:00.0,89.8274,23.4203,66.4071,135.0309,1.0
2025-08-24T19:00:00.0,8.137,0.1481,7.9888,2.3756,0.7583
2025-08-24T20:00:00.0,0.0,0.0,0.0,0.0,1.0
2025-08-24T21:00:00.0,0.0,0.0,0.0,0.0,1.0
2025-08-24T22:00:00.0,0.0,0.0,0.0,0.0,1.0
2025-08-24T23:00:00.0,0.0,0.0,0.0,0.0,1.0
2025-08-25T00:00:00.0,0.0,0.0,0.0,0.0,1.0
2025-08-25T01:00:00.0,0.0,0.0,0.0,0.0,1.0
2025-08-25T02:00:00.0,0.0,0.0,0.0,0.0,1.0
2025-08-25T03:00:00.0,0.0,0.0,0.0,0.0,1.0
2025-08-25T04:00:00.0,0.0,0.0,0.0,0.0,1.0
2025-08-25T05:00:00.0,0.3984,0.0,0.3984,0.0,0.8417
2025-08-25T06:00:00.0,11.3401,0.0,11.3401,0.0,0.8417
2025-08-25T07:00:00.0,43.018,0.0001,43.0179,0.0002,1.0
2025-08-25T08:00:00.0,119.4898,2.2234,117.2664,4.5693,1.0
2025-08-25T09:00:00.0,209.3624,3.5952,205.7672,6.3701,1.0
2025-08-25T10:00:00.0,435.3084,130.7714,304.537,196.1725,1.0
2025-08-25T11:00:00.0,448.4951,96.7624,351.7327,133.5209,1.0
2025-08-25T12:00:00.0,419.0916,58.4735,360.6181,78.096,1.0
2025-08-25T13:00:00.0,275.2393,19.4136,255.8258,26.1471,1.0
2025-08-25T14:00:00.0,145.0452,0.231,144.8142,0.3443,1.0
2025-08-25T15:00:00.0,75.7332,0.0518,75.6814,0.084,1.0
2025-08-25T16:00:00.0,186.4198,61.2525,125.1673,148.1246,1.0
2025-08-25T17:00:00.0,205.5438,88.0783,117.4655,257.5977,1.0
2025-08-25T18:00:00.0,83.6833,25.4802,58.2031,136.1051,1.0
2025-08-25T19:00:00.0,3.8773,0.0,3.8773,0.0,0.775
2025-08-25T20:00:00.0,0.0,0.0,0.0,0.0,1.0
2025-08-25T21:00:00.0,0.0,0.0,0.0,0.0,1.0
2025-08-25T22:00:00.0,0.0,0.0,0.0,0.0,1.0
2025-08-25T23:00:00.0,0.0,0.0,0.0,0.0,1.0
2025-08-26T00:00:00.0,0.0,0.0,0.0,0.0,1.0
2025-08-26T01:00:00.0,0.0,0.0,0.0,0.0,1.0
2025-08-26T02:00:00.0,0.0,0.0,0.0,0.0,1.0
2025-08-26T03:00:00.0,0.0,0.0,0.0,0.0,1.0
2025-08-26T04:00:00.0,0.0,0.0,0.0,0.0,1.0
2025-08-26T05:00:00.0,1.9882,0.0106,1.9776,0.2803,0.8583
2025-08-26T06:00:00.0,70.9439,17.8564,53.0875,100.0996,0.8417
2025-08-26T07:00:00.0,194.3609,69.7097,124.6512,266.7634,1.0
2025-08-26T08:00:00.0,295.3857,156.5186,138.8671,337.9959,1.0
2025-08-26T09:00:00.0,487.8736,324.3429,163.5306,593.5862,1.0
2025-08-26T10:00:00.0,352.6698,71.8677,280.8021,106.6398,1.0
2025-08-26T11:00:00.0,508.0116,219.2514,288.7602,303.1421,1.0
2025-08-26T12:00:00.0,523.1199,262.2463,260.8736,351.7895,1.0
2025-08-26T13:00:00.0,600.1294,319.3969,280.7325,440.8333,1.0
2025-08-26T14:00:00.0,501.3205,179.6196,321.7009,265.435,1.0
2025-08-26T15:00:00.0,451.9264,252.0234,199.903,421.98,1.0
2025-08-26T16:00:00.0,304.9527,82.6648,222.2879,185.5851,1.0
2025-08-26T17:00:00.0,200.2027,58.6562,141.5466,194.5674,1.0
2025-08-26T18:00:00.0,82.4039,16.2919,66.112,107.4228,1.0
2025-08-26T19:00:00.0,7.2134,1.1801,6.0333,21.5703,0.7917
2025-08-26T20:00:00.0,0.0,0.0,0.0,0.0,1.0
2025-08-26T21:00:00.0,0.0,0.0,0.0,0.0,1.0
2025-08-26T22:00:00.0,0.0,0.0,0.0,0.0,1.0
2025-08-26T23:00:00.0,0.0,0.0,0.0,0.0,1.0
2025-08-27T00:00:00.0,0.0,0.0,0.0,0.0,1.0
2025-08-27T01:00:00.0,0.0,0.0,0.0,0.0,1.0
2025-08-27T02:00:00.0,0.0,0.0,0.0,0.0,1.0
2025-08-27T03:00:00.0,0.0,0.0,0.0,0.0,1.0
2025-08-27T04:00:00.0,0.0,0.0,0.0,0.0,1.0
2025-08-27T05:00:00.0,2.107,0.294,1.813,8.0064,0.8667
2025-08-27T06:00:00.0,81.9642,44.8938,37.0704,326.721,0.8417
2025-08-27T07:00:00.0,228.3578,154.752,73.6058,554.6102,1.0
2025-08-27T08:00:00.0,369.8599,241.4094,128.4504,565.4603,1.0
2025-08-27T09:00:00.0,429.7497,156.6158,273.1339,283.899,1.0
2025-08-27T10:00:00.0,473.2127,112.2346,360.9782,172.9424,1.0
2025-08-27T11:00:00.0,545.463,164.4901,380.9729,229.701,1.0
2025-08-27T12:00:00.0,538.2982,140.812,397.4862,190.009,1.0
2025-08-27T13:00:00.0,522.3591,143.5152,378.8438,197.7493,1.0
2025-08-27T14:00:00.0,471.3774,168.498,302.8794,253.4743,1.0
2025-08-27T15:00:00.0,364.3807,52.6583,311.7224,91.2529,1.0
2025-08-27T16:00:00.0,295.4279,58.4549,236.9731,129.78,1.0
2025-08-27T17:00:00.0,187.973,34.7168,153.2562,112.5876,1.0
2025-08-27T18:00:00.0,80.4642,16.3632,64.1009,132.8602,1.0
2025-08-27T19:00:00.0,6.2685,1.2635,5.005,24.3299,0.8083
2025-08-27T20:00:00.0,0.0,0.0,0.0,0.0,1.0
2025-08-27T21:00:00.0,0.0,0.0,0.0,0.0,1.0
2025-08-27T22:00:00.0,0.0,0.0,0.0,0.0,1.0
2025-08-27T23:00:00.0,0.0,0.0,0.0,0.0,1.0
2025-08-28T00:00:00.0,0.0,0.0,0.0,0.0,1.0
2025-08-28T01:00:00.0,0.0,0.0,0.0,0.0,1.0
2025-08-28T02:00:00.0,0.0,0.0,0.0,0.0,1.0
2025-08-28T03:00:00.0,0.0,0.0,0.0,0.0,1.0
2025-08-28T04:00:00.0,0.0,0.0,0.0,0.0,1.0
2025-08-28T05:00:00.0,1.5913,0.1037,1.4876,3.0871,0.8833
2025-08-28T06:00:00.0,73.7972,32.959,40.8383,242.0676,0.7167
2025-08-28T07:00:00.0,109.1069,9.6506,99.4562,41.622,1.0
2025-08-28T08:00:00.0,261.7935,95.9878,165.8057,225.6812,1.0
2025-08-28T09:00:00.0,342.0845,84.3649,257.7196,154.0457,1.0
2025-08-28T10:00:00.0,322.8059,37.1429,285.663,58.865,1.0
2025-08-28T11:00:00.0,454.7562,119.2732,335.483,167.3859,1.0
2025-08-28T12:00:00.0,509.8849,184.4852,325.3997,250.1063,1.0
2025-08-28T13:00:00.0,459.7839,155.8155,303.9684,214.0088,1.0
2025-08-28T14:00:00.0,355.7819,33.6663,322.1156,51.4281,1.0
2025-08-28T15:00:00.0,245.8529,8.8369,237.016,15.3207,1.0
2025-08-28T16:00:00.0,226.717,33.255,193.462,69.8433,1.0
2025-08-28T17:00:00.0,155.001,31.403,123.5979,110.9756,1.0
2025-08-28T18:00:00.0,78.5444,22.8672,55.6773,127.1193,1.0
2025-08-28T19:00:00.0,4.4468,0.1114,4.3354,2.2963,0.8333
2025-08-28T20:00:00.0,0.0,0.0,0.0,0.0,1.0
2025-08-28T21:00:00.0,0.0,0.0,0.0,0.0,1.0
2025-08-28T22:00:00.0,0.0,0.0,0.0,0.0,1.0
2025-08-28T23:00:00.0,0.0,0.0,0.0,0.0,1.0
2025-08-29T00:00:00.0,0.0,0.0,0.0,0.0,1.0
2025-08-29T01:00:00.0,0.0,0.0,0.0,0.0,1.0
2025-08-29T02:00:00.0,0.0,0.0,0.0,0.0,1.0
2025-08-29T03:00:00.0,0.0,0.0,0.0,0.0,1.0
2025-08-29T04:00:00.0,0.0,0.0,0.0,0.0,1.0
2025-08-29T05:00:00.0,0.6869,0.0001,0.6868,0.0029,0.9
2025-08-29T06:00:00.0,44.7169,2.8678,41.8491,16.3046,0.7167
2025-08-29T07:00:00.0,146.7273,37.9191,108.8082,138.6882,1.0
2025-08-29T08:00:00.0,209.674,28.2486,181.4254,65.018,1.0
2025-08-29T09:00:00.0,348.8616,99.4334,249.4283,177.0208,1.0
2025-08-29T10:00:00.0,563.6412,366.4904,197.1508,560.6888,1.0
2025-08-29T11:00:00.0,728.7999,615.1933,113.6066,868.112,1.0
2025-08-29T12:00:00.0,726.5338,574.5079,152.0259,784.1577,1.0
2025-08-29T13:00:00.0,658.6852,475.4241,183.2611,668.2542,1.0
2025-08-29T14:00:00.0,628.3755,482.739,145.6365,731.1342,1.0
2025-08-29T15:00:00.0,563.1456,471.8693,91.2763,836.659,1.0
2025-08-29T16:00:00.0,339.6191,191.6204,147.9987,412.2448,1.0
2025-08-29T17:00:00.0,217.3449,121.6616,95.6833,441.5111,1.0
2025-08-29T18:00:00.0,97.2818,56.9024,40.3793,378.0429,1.0
2025-08-29T19:00:00.0,4.3672,0.9331,3.4341,21.0177,0.85
2025-08-29T20:00:00.0,0.0,0.0,0.0,0.0,1.0
2025-08-29T21:00:00.0,0.0,0.0,0.0,0.0,1.0
2025-08-29T22:00:00.0,0.0,0.0,0.0,0.0,1.0
2025-08-29T23:00:00.0,0.0,0.0,0.0,0.0,1.0
2025-08-30T00:00:00.0,0.0,0.0,0.0,0.0,1.0
2025-08-30T01:00:00.0,0.0,0.0,0.0,0.0,1.0
2025-08-30T02:00:00.0,0.0,0.0,0.0,0.0,1.0
2025-08-30T03:00:00.0,0.0,0.0,0.0,0.0,1.0
2025-08-30T04:00:00.0,0.0,0.0,0.0,0.0,1.0
2025-08-30T05:00:00.0,0.1153,0.0,0.1153,0.0,0.9083
2025-08-30T06:00:00.0,8.4226,0.0003,8.4224,0.0014,0.7167
2025-08-30T07:00:00.0,73.0952,4.4778,68.6173,15.116,1.0
2025-08-30T08:00:00.0,55.1154,0.0074,55.108,0.0158,1.0
2025-08-30T09:00:00.0,109.7269,0.0844,109.6425,0.1455,1.0
2025-08-30T10:00:00.0,136.7076,0.0736,136.634,0.1152,1.0
2025-08-30T11:00:00.0,352.2385,45.5797,306.6588,64.1171,1.0
2025-08-30T12:00:00.0,560.2009,256.2096,303.9913,351.9751,1.0
2025-08-30T13:00:00.0,528.1958,201.7894,326.4064,283.6681,1.0
2025-08-30T14:00:00.0,523.3005,278.2415,245.059,425.7505,1.0
2025-08-30T15:00:00.0,441.6406,264.8748,176.7658,475.158,1.0
2025-08-30T16:00:00.0,252.6079,69.3787,183.2292,175.9367,1.0
2025-08-30T17:00:00.0,233.2658,153.7798,79.4861,530.9488,1.0
2025-08-30T18:00:00.0,92.8885,54.3589,38.5296,377.6209,1.0
2025-08-30T19:00:00.0,3.4769,0.6648,2.8121,16.2096,0.8667
2025-08-30T20:00:00.0,0.0,0.0,0.0,0.0,1.0
2025-08-30T21:00:00.0,0.0,0.0,0.0,0.0,1.0
2025-08-30T22:00:00.0,0.0,0.0,0.0,0.0,1.0
2025-08-30T23:00:00.0,0.0,0.0,0.0,0.0,1.0
2025-08-31T00:00:00.0,0.0,0.0,0.0,0.0,1.0
2025-08-31T01:00:00.0,0.0,0.0,0.0,0.0,1.0
2025-08-31T02:00:00.0,0.0,0.0,0.0,0.0,1.0
2025-08-31T03:00:00.0,0.0,0.0,0.0,0.0,1.0
2025-08-31T04:00:00.0,0.0,0.0,0.0,0.0,1.0
2025-08-31T05:00:00.0,0.6766,0.0291,0.6475,0.6447,0.925
2025-08-31T06:00:00.0,68.0284,34.2373,33.7912,270.3268,0.7167
2025-08-31T07:00:00.0,159.159,89.2192,69.9398,368.474,1.0
2025-08-31T08:00:00.0,300.245,168.0007,132.2443,403.405,1.0
2025-08-31T09:00:00.0,361.9831,157.8206,204.1625,297.7079,1.0
2025-08-31T10:00:00.0,475.2124,235.2961,239.9162,367.791,1.0
2025-08-31T11:00:00.0,533.3315,222.3302,311.0013,319.4633,1.0
2025-08-31T12:00:00.0,476.7691,108.6132,368.1559,150.1294,1.0
2025-08-31T13:00:00.0,366.0682,35.1693,330.899,49.8056,1.0
2025-08-31T14:00:00.0,369.4447,52.6375,316.8073,80.9806,1.0
2025-08-31T15:00:00.0,312.7606,50.5895,262.1711,94.2986,1.0
2025-08-31T16:00:00.0,303.5501,91.8055,211.7447,216.8444,1.0
2025-08-31T17:00:00.0,154.7678,24.937,129.8308,90.4136,1.0
2025-08-31T18:00:00.0,51.9511,3.6138,48.3372,38.6662,1.0
2025-08-31T19:00:00.0,2.4766,0.3277,2.1489,8.7299,0.8833
2025-08-31T20:00:00.0,0.0,0.0,0.0,0.0,1.0
2025-08-31T21:00:00.0,0.0,0.0,0.0,0.0,1.0
2025-08-31T22:00:00.0,0.0,0.0,0.0,0.0,1.0
2025-08-31T23:00:00.0,0.0,0.0,0.0,0.0,1.0
2025-09-01T00:00:00.0,0.0,0.0,0.0,0.0,1.0
2025-09-01T01:00:00.0,0.0,0.0,0.0,0.0,1.0
2025-09-01T02:00:00.0,0.0,0.0,0.0,0.0,1.0
2025-09-01T03:00:00.0,0.0,0.0,0.0,0.0,1.0
2025-09-01T04:00:00.0,0.0,0.0,0.0,0.0,1.0
2025-09-01T05:00:00.0,0.4561,0.0251,0.431,0.0,0.9333
2025-09-01T06:00:00.0,62.5018,30.7642,31.7376,252.1427,0.7167
2025-09-01T07:00:00.0,196.5166,116.1536,80.3631,438.6175,1.0
2025-09-01T08:00:00.0,252.5818,66.8702,185.7115,176.9252,1.0
2025-09-01T09:00:00.0,393.6459,138.2546,255.3913,262.5619,1.0
2025-09-01T10:00:00.0,449.3441,127.8351,321.509,200.8028,1.0
2025-09-01T11:00:00.0,547.5695,265.521,282.0485,381.3705,1.0
2025-09-01T12:00:00.0,584.845,301.571,283.274,419.1831,1.0
2025-09-01T13:00:00.0,489.2731,153.8466,335.4265,218.8683,1.0
2025-09-01T14:00:00.0,439.6364,85.7859,353.8506,134.7602,1.0
2025-09-01T15:00:00.0,323.5731,138.5555,185.0175,257.6792,1.0
2025-09-01T16:00:00.0,329.7906,193.4995,136.2911,438.8789,1.0
2025-09-01T17:00:00.0,213.8765,132.6876,81.1889,482.8342,1.0
2025-09-01T18:00:00.0,65.3357,25.2908,40.0449,200.5806,0.9083
2025-09-01T19:00:00.0,1.9457,0.316,1.6298,8.716,0.8667
2025-09-01T20:00:00.0,0.0,0.0,0.0,0.0,1.0
2025-09-01T21:00:00.0,0.0,0.0,0.0,0.0,1.0
2025-09-01T22:00:00.0,0.0,0.0,0.0,0.0,1.0
2025-09-01T23:00:00.0,0.0,0.0,0.0,0.0,1.0
2025-09-02T00:00:00.0,0.0,0.0,0.0,0.0,1.0
2025-09-02T01:00:00.0,0.0,0.0,0.0,0.0,1.0
2025-09-02T02:00:00.0,0.0,0.0,0.0,0.0,1.0
2025-09-02T03:00:00.0,0.0,0.0,0.0,0.0,1.0
2025-09-02T04:00:00.0,0.0,0.0,0.0,0.0,1.0
2025-09-02T05:00:00.0,0.2914,0.0184,0.273,0.0,0.95
2025-09-02T06:00:00.0,62.3345,33.0991,29.2355,281.6927,0.7167
2025-09-02T07:00:00.0,151.3781,38.9395,112.4386,156.1501,1.0
2025-09-02T08:00:00.0,305.7289,154.3915,151.3374,377.5847,1.0
2025-09-02T09:00:00.0,286.3013,35.0971,251.2041,69.9347,1.0
2025-09-02T10:00:00.0,381.2573,54.9414,326.3159,87.8675,1.0
2025-09-02T11:00:00.0,315.0793,26.1043,288.9749,37.9834,1.0
2025-09-02T12:00:00.0,396.8395,61.9208,334.9187,86.5637,1.0
2025-09-02T13:00:00.0,329.5966,22.6007,306.9959,32.1908,1.0
2025-09-02T14:00:00.0,209.0697,2.8541,206.2155,4.6343,1.0
2025-09-02T15:00:00.0,182.7185,4.651,178.0675,8.0502,1.0
2025-09-02T16:00:00.0,90.0501,0.0012,90.0488,0.0031,1.0
2025-09-02T17:00:00.0,63.6165,0.0926,63.5239,0.4245,1.0
2025-09-02T18:00:00.0,53.0207,1.8914,51.1293,13.5832,0.9083
2025-09-02T19:00:00.0,1.0239,0.0026,1.0212,0.0796,0.8917
2025-09-02T20:00:00.0,0.0,0.0,0.0,0.0,1.0
2025-09-02T21:00:00.0,0.0,0.0,0.0,0.0,1.0
2025-09-02T22:00:00.0,0.0,0.0,0.0,0.0,1.0
2025-09-02T23:00:00.0,0.0,0.0,0.0,0.0,1.0
2025-09-03T00:00:00.0,0.0,0.0,0.0,0.0,1.0
2025-09-03T01:00:00.0,0.0,0.0,0.0,0.0,1.0
2025-09-03T02:00:00.0,0.0,0.0,0.0,0.0,1.0
2025-09-03T03:00:00.0,0.0,0.0,0.0,0.0,1.0
2025-09-03T04:00:00.0,0.0,0.0,0.0,0.0,1.0
2025-09-03T05:00:00.0,0.1243,0.0011,0.1232,0.0,0.9667
2025-09-03T06:00:00.0,47.4585,5.8073,41.6512,50.9652,0.7167
2025-09-03T07:00:00.0,146.8685,36.645,110.2235,147.5759,1.0
2025-09-03T08:00:00.0,195.6519,25.6857,169.9662,64.1054,1.0
2025-09-03T09:00:00.0,350.4913,108.9044,241.587,207.7853,1.0
2025-09-03T10:00:00.0,472.0282,162.4408,309.5874,257.2906,1.0
2025-09-03T11:00:00.0,567.4921,321.1864,246.3056,466.2964,1.0
2025-09-03T12:00:00.0,645.9921,447.1209,198.8712,629.16,1.0
2025-09-03T13:00:00.0,577.5585,322.3491,255.2095,462.8309,1.0
2025-09-03T14:00:00.0,425.9796,103.5214,322.4582,161.6391,1.0
2025-09-03T15:00:00.0,331.3187,92.7909,238.5278,175.392,1.0
2025-09-03T16:00:00.0,248.8187,92.5816,156.2372,227.1116,1.0
2025-09-03T17:00:00.0,161.4039,54.3507,107.0532,212.5954,1.0
2025-09-03T18:00:00.0,40.3954,2.9134,37.4819,17.2685,0.9083
2025-09-03T19:00:00.0,0.6208,0.0013,0.6195,0.0368,0.9083
2025-09-03T20:00:00.0,0.0,0.0,0.0,0.0,1.0
2025-09-03T21:00:00.0,0.0,0.0,0.0,0.0,1.0
2025-09-03T22:00:00.0,0.0,0.0,0.0,0.0,1.0
2025-09-03T23:00:00.0,0.0,0.0,0.0,0.0,1.0
2025-09-04T00:00:00.0,0.0,0.0,0.0,0.0,1.0
2025-09-04T01:00:00.0,0.0,0.0,0.0,0.0,1.0
2025-09-04T02:00:00.0,0.0,0.0,0.0,0.0,1.0
2025-09-04T03:00:00.0,0.0,0.0,0.0,0.0,1.0
2025-09-04T04:00:00.0,0.0,0.0,0.0,0.0,1.0
2025-09-04T05:00:00.0,0.0661,0.0047,0.0613,0.0,0.975
2025-09-04T06:00:00.0,55.4379,27.8235,27.6144,245.0838,0.7167
2025-09-04T07:00:00.0,192.4555,117.854,74.6015,448.9575,1.0
2025-09-04T08:00:00.0,342.4104,233.5305,108.8799,594.5296,1.0
2025-09-04T09:00:00.0,427.0257,206.9053,220.1204,397.445,1.0
2025-09-04T10:00:00.0,366.3471,110.8139,255.5332,178.9736,1.0
2025-09-04T11:00:00.0,544.335,252.4295,291.9055,368.0293,1.0
2025-09-04T12:00:00.0,570.348,307.0717,263.2763,435.2579,1.0
2025-09-04T13:00:00.0,626.7216,409.641,217.0807,599.132,1.0
2025-09-04T14:00:00.0,625.4114,513.5357,111.8757,814.6152,1.0
2025-09-04T15:00:00.0,523.9823,433.3138,90.6684,814.6323,1.0
2025-09-04T16:00:00.0,358.088,261.2484,96.8396,625.4,1.0
2025-09-04T17:00:00.0,207.158,136.4317,70.7263,524.1838,1.0
2025-09-04T18:00:00.0,67.2022,36.8019,30.4003,298.8088,0.9083
2025-09-04T19:00:00.0,0.5092,0.0373,0.4719,0.6065,0.925
2025-09-04T20:00:00.0,0.0,0.0,0.0,0.0,1.0
2025-09-04T21:00:00.0,0.0,0.0,0.0,0.0,1.0
2025-09-04T22:00:00.0,0.0,0.0,0.0,0.0,1.0
2025-09-04T23:00:00.0,0.0,0.0,0.0,0.0,1.0
2025-09-05T00:00:00.0,0.0,0.0,0.0,0.0,1.0
2025-09-05T01:00:00.0,0.0,0.0,0.0,0.0,1.0
2025-09-05T02:00:00.0,0.0,0.0,0.0,0.0,1.0
2025-09-05T03:00:00.0,0.0,0.0,0.0,0.0,1.0
2025-09-05T04:00:00.0,0.0,0.0,0.0,0.0,1.0
2025-09-05T05:00:00.0,0.0106,0.0002,0.0104,0.0,0.9917
2025-09-05T06:00:00.0,38.3744,2.3272,36.0472,20.2287,0.5917
2025-09-05T07:00:00.0,151.5395,33.6737,117.8658,128.1042,1.0
2025-09-05T08:00:00.0,270.6568,73.3108,197.346,192.3493,1.0
2025-09-05T09:00:00.0,411.1851,177.8292,233.3559,341.9652,1.0
2025-09-05T10:00:00.0,297.0669,44.729,252.3379,75.7595,1.0
2025-09-05T11:00:00.0,412.7892,81.1956,331.5935,118.2729,1.0
2025-09-05T12:00:00.0,482.2825,104.8322,377.4504,149.4239,1.0
2025-09-05T13:00:00.0,412.7111,57.8569,354.8542,84.1802,1.0
2025-09-05T14:00:00.0,250.5459,6.4694,244.0765,10.1442,1.0
2025-09-05T15:00:00.0,193.741,1.9349,191.8061,3.7041,1.0
2025-09-05T16:00:00.0,187.1002,7.3812,179.7189,18.9752,1.0
2025-09-05T17:00:00.0,133.5367,9.4088,124.128,36.0535,1.0
2025-09-05T18:00:00.0,44.2015,3.4969,40.7046,36.2266,0.9083
2025-09-05T19:00:00.0,0.2321,0.0046,0.2275,0.0,0.9417
2025-09-05T20:00:00.0,0.0,0.0,0.0,0.0,1.0
2025-09-05T21:00:00.0,0.0,0.0,0.0,0.0,1.0
2025-09-05T22:00:00.0,0.0,0.0,0.0,0.0,1.0
2025-09-05T23:00:00.0,0.0,0.0,0.0,0.0,1.0
2025-09-06T00:00:00.0,0.0,0.0,0.0,0.0,1.0
2025-09-06T01:00:00.0,0.0,0.0,0.0,0.0,1.0
2025-09-06T02:00:00.0,0.0,0.0,0.0,0.0,1.0
2025-09-06T03:00:00.0,0.0,0.0,0.0,0.0,1.0
2025-09-06T04:00:00.0,0.0,0.0,0.0,0.0,1.0
2025-09-06T05:00:00.0,0.0,0.0,0.0,0.0,1.0
2025-09-06T06:00:00.0,5.0824,0.0,5.0824,0.0,0.6
2025-09-06T07:00:00.0,17.4384,0.0,17.4384,0.0,1.0
2025-09-06T08:00:00.0,34.3704,0.0,34.3704,0.0,1.0
2025-09-06T09:00:00.0,86.4435,0.0992,86.3442,0.1781,1.0
2025-09-06T10:00:00.0,168.6904,1.7422,166.9482,2.7256,1.0
2025-09-06T11:00:00.0,213.4081,1.6688,211.7393,2.4928,1.0
2025-09-06T12:00:00.0,277.2398,6.6053,270.6345,9.4747,1.0
2025-09-06T13:00:00.0,232.514,2.7584,229.7556,4.0725,1.0
2025-09-06T14:00:00.0,166.6725,0.697,165.9755,1.0823,1.0
2025-09-06T15:00:00.0,139.7908,0.5604,139.2305,1.0276,1.0
2025-09-06T16:00:00.0,79.8829,0.0017,79.8813,0.0045,1.0
2025-09-06T17:00:00.0,65.0058,0.2315,64.7743,1.0716,1.0
2025-09-06T18:00:00.0,28.6038,0.0845,28.5193,0.7862,0.9083
2025-09-06T19:00:00.0,0.0473,0.0,0.0473,0.0,0.9667
2025-09-06T20:00:00.0,0.0,0.0,0.0,0.0,1.0
2025-09-06T21:00:00.0,0.0,0.0,0.0,0.0,1.0
2025-09-06T22:00:00.0,0.0,0.0,0.0,0.0,1.0
2025-09-06T23:00:00.0,0.0,0.0,0.0,0.0,1.0
2025-09-07T00:00:00.0,0.0,0.0,0.0,0.0,1.0
2025-09-07T01:00:00.0,0.0,0.0,0.0,0.0,1.0
2025-09-07T02:00:00.0,0.0,0.0,0.0,0.0,1.0
2025-09-07T03:00:00.0,0.0,0.0,0.0,0.0,1.0
2025-09-07T04:00:00.0,0.0,0.0,0.0,0.0,1.0
2025-09-07T05:00:00.0,0.0,0.0,0.0,0.0,1.0
2025-09-07T06:00:00.0,46.0677,22.792,23.2758,214.8907,0.6083
2025-09-07T07:00:00.0,151.7133,63.9415,87.7718,296.0763,1.0
2025-09-07T08:00:00.0,278.2754,148.1447,130.1307,391.7416,1.0
2025-09-07T09:00:00.0,353.884,157.5897,196.2943,307.0288,1.0
2025-09-07T10:00:00.0,319.1885,58.3573,260.8312,97.0079,1.0
2025-09-07T11:00:00.0,416.1162,83.5251,332.5911,123.6142,1.0
2025-09-07T12:00:00.0,414.4977,74.1382,340.3596,107.1163,1.0
2025-09-07T13:00:00.0,409.4435,95.9198,313.5237,143.9717,1.0
2025-09-07T14:00:00.0,335.444,37.5424,297.9016,60.3666,1.0
2025-09-07T15:00:00.0,240.398,10.2484,230.1497,19.2718,1.0
2025-09-07T16:00:00.0,110.6686,0.2217,110.447,0.5918,1.0
2025-09-07T17:00:00.0,103.8618,5.7977,98.064,25.4413,1.0
2025-09-07T18:00:00.0,37.4113,5.7892,31.6221,56.645,0.9083
2025-09-07T19:00:00.0,0.0101,0.0,0.0101,0.0,0.9833
2025-09-07T20:00:00.0,0.0,0.0,0.0,0.0,1.0
2025-09-07T21:00:00.0,0.0,0.0,0.0,0.0,1.0
2025-09-07T22:00:00.0,0.0,0.0,0.0,0.0,1.0
2025-09-07T23:00:00.0,0.0,0.0,0.0,0.0,1.0
2025-09-08T00:00:00.0,0.0,0.0,0.0,0.0,1.0
2025-09-08T01:00:00.0,0.0,0.0,0.0,0.0,1.0
2025-09-08T02:00:00.0,0.0,0.0,0.0,0.0,1.0
2025-09-08T03:00:00.0,0.0,0.0,0.0,0.0,1.0
2025-09-08T04:00:00.0,0.0,0.0,0.0,0.0,1.0
2025-09-08T05:00:00.0,0.0,0.0,0.0,0.0,1.0
2025-09-08T06:00:00.0,44.9808,22.3431,22.6377,213.9261,0.625
2025-09-08T07:00:00.0,190.8644,133.0453,57.8191,563.7701,1.0
2025-09-08T08:00:00.0,337.4691,249.9229,87.5463,663.1865,1.0
2025-09-08T09:00:00.0,463.4819,337.3333,126.1486,658.8885,1.0
2025-09-08T10:00:00.0,618.235,507.8262,110.4088,841.2087,1.0
2025-09-08T11:00:00.0,528.8989,273.7382,255.1607,415.5441,1.0
2025-09-08T12:00:00.0,518.2302,227.2967,290.9336,330.2872,1.0
2025-09-08T13:00:00.0,516.8149,211.4371,305.3778,318.5083,1.0
2025-09-08T14:00:00.0,608.5631,463.3844,145.1787,763.7966,1.0
2025-09-08T15:00:00.0,399.3588,223.0107,176.3481,445.6011,1.0
2025-09-08T16:00:00.0,336.6851,216.9272,119.7579,547.6926,1.0
2025-09-08T17:00:00.0,168.7394,77.4729,91.2665,341.8428,1.0
2025-09-08T18:00:00.0,41.9837,9.9205,32.0632,98.0749,0.9083
2025-09-08T19:00:00.0,0.0,0.0,0.0,0.0,1.0
2025-09-08T20:00:00.0,0.0,0.0,0.0,0.0,1.0
2025-09-08T21:00:00.0,0.0,0.0,0.0,0.0,1.0
2025-09-08T22:00:00.0,0.0,0.0,0.0,0.0,1.0
2025-09-08T23:00:00.0,0.0,0.0,0.0,0.0,1.0
2025-09-09T00:00:00.0,0.0,0.0,0.0,0.0,1.0
2025-09-09T01:00:00.0,0.0,0.0,0.0,0.0,1.0
2025-09-09T02:00:00.0,0.0,0.0,0.0,0.0,1.0
2025-09-09T03:00:00.0,0.0,0.0,0.0,0.0,1.0
2025-09-09T04:00:00.0,0.0,0.0,0.0,0.0,1.0
2025-09-09T05:00:00.0,0.0,0.0,0.0,0.0,1.0
2025-09-09T06:00:00.0,38.7812,15.5616,23.2197,150.4281,0.6333
2025-09-09T07:00:00.0,170.9568,100.0642,70.8927,442.1845,1.0
2025-09-09T08:00:00.0,336.9518,244.8872,92.0646,647.5496,1.0
2025-09-09T09:00:00.0,485.2362,376.4041,108.8321,750.2197,1.0
2025-09-09T10:00:00.0,453.5168,199.5867,253.9301,335.9779,1.0
2025-09-09T11:00:00.0,457.736,151.1939,306.5421,229.2612,1.0
2025-09-09T12:00:00.0,532.1794,248.5731,283.6064,364.2898,1.0
2025-09-09T13:00:00.0,566.4413,314.2381,252.2032,476.1464,1.0
2025-09-09T14:00:00.0,603.4922,483.2204,120.2718,802.2318,1.0
2025-09-09T15:00:00.0,480.6122,365.6259,114.9863,718.5152,1.0
2025-09-09T16:00:00.0,270.8486,127.7969,143.0518,326.3998,1.0
2025-09-09T17:00:00.0,162.1331,83.1741,78.9591,369.1253,1.0
2025-09-09T18:00:00.0,43.1013,18.9629,24.1384,178.7806,0.8083
2025-09-09T19:00:00.0,0.0,0.0,0.0,0.0,1.0
2025-09-09T20:00:00.0,0.0,0.0,0.0,0.0,1.0
2025-09-09T21:00:00.0,0.0,0.0,0.0,0.0,1.0
2025-09-09T22:00:00.0,0.0,0.0,0.0,0.0,1.0
2025-09-09T23:00:00.0,0.0,0.0,0.0,0.0,1.0
2025-09-10T00:00:00.0,0.0,0.0,0.0,0.0,1.0
2025-09-10T01:00:00.0,0.0,0.0,0.0,0.0,1.0
2025-09-10T02:00:00.0,0.0,0.0,0.0,0.0,1.0
2025-09-10T03:00:00.0,0.0,0.0,0.0,0.0,1.0
2025-09-10T04:00:00.0,0.0,0.0,0.0,0.0,1.0
2025-09-10T05:00:00.0,0.0,0.0,0.0,0.0,1.0
2025-09-10T06:00:00.0,5.5354,0.0966,5.4388,0.6899,0.65
2025-09-10T07:00:00.0,110.4033,38.1389,72.2644,145.601,1.0
2025-09-10T08:00:00.0,342.9647,262.8731,80.0916,707.5515,1.0
2025-09-10T09:00:00.0,487.3668,387.5105,99.8563,779.0238,1.0
2025-09-10T10:00:00.0,435.6867,195.1017,240.5849,335.2349,1.0
2025-09-10T11:00:00.0,379.971,71.1685,308.8025,107.7252,1.0
2025-09-10T12:00:00.0,617.8486,408.9102,208.9383,602.9562,1.0
2025-09-10T13:00:00.0,556.0114,322.3555,233.6559,488.5312,1.0
2025-09-10T14:00:00.0,530.6153,346.8273,183.788,579.4935,1.0
2025-09-10T15:00:00.0,494.7192,400.4281,94.2911,800.3068,1.0
2025-09-10T16:00:00.0,349.3135,270.2157,79.0978,721.553,1.0
2025-09-10T17:00:00.0,187.3919,130.1632,57.2286,566.1642,1.0
2025-09-10T18:00:00.0,41.1527,20.1542,20.9986,200.993,0.825
2025-09-10T19:00:00.0,0.0,0.0,0.0,0.0,1.0
2025-09-10T20:00:00.0,0.0,0.0,0.0,0.0,1.0
2025-09-10T21:00:00.0,0.0,0.0,0.0,0.0,1.0
2025-09-10T22:00:00.0,0.0,0.0,0.0,0.0,1.0
2025-09-10T23:00:00.0,0.0,0.0,0.0,0.0,1.0
2025-09-11T00:00:00.0,0.0,0.0,0.0,0.0,1.0
2025-09-11T01:00:00.0,0.0,0.0,0.0,0.0,1.0
2025-09-11T02:00:00.0,0.0,0.0,0.0,0.0,1.0
2025-09-11T03:00:00.0,0.0,0.0,0.0,0.0,1.0
2025-09-11T04:00:00.0,0.0,0.0,0.0,0.0,1.0
2025-09-11T05:00:00.0,0.0,0.0,0.0,0.0,1.0
2025-09-11T06:00:00.0,36.7113,16.3711,20.3402,168.9096,0.6667
2025-09-11T07:00:00.0,170.0888,97.0574,73.0314,427.8056,1.0
2025-09-11T08:00:00.0,339.4062,253.9121,85.4941,688.2129,1.0
2025-09-11T09:00:00.0,389.6457,293.5659,96.0798,592.8599,1.0
2025-09-11T10:00:00.0,447.8091,208.3217,239.4874,350.8482,1.0
2025-09-11T11:00:00.0,652.0886,499.7228,152.3658,763.9038,1.0
2025-09-11T12:00:00.0,703.6883,584.9395,118.7488,868.8606,1.0
2025-09-11T13:00:00.0,510.3859,249.0312,261.3546,376.5432,1.0
2025-09-11T14:00:00.0,276.843,36.7651,240.0779,62.2234,1.0
2025-09-11T15:00:00.0,377.2473,174.9601,202.2872,364.5312,1.0
2025-09-11T16:00:00.0,323.8617,223.23,100.6316,602.2203,1.0
2025-09-11T17:00:00.0,150.3461,86.226,64.1201,362.1793,1.0
2025-09-11T18:00:00.0,25.1905,4.8254,20.3651,71.831,0.8417
2025-09-11T19:00:00.0,0.0,0.0,0.0,0.0,1.0
2025-09-11T20:00:00.0,0.0,0.0,0.0,0.0,1.0
2025-09-11T21:00:00.0,0.0,0.0,0.0,0.0,1.0
2025-09-11T22:00:00.0,0.0,0.0,0.0,0.0,1.0
2025-09-11T23:00:00.0,0.0,0.0,0.0,0.0,1.0
2025-09-12T00:00:00.0,0.0,0.0,0.0,0.0,1.0
2025-09-12T01:00:00.0,0.0,0.0,0.0,0.0,1.0
2025-09-12T02:00:00.0,0.0,0.0,0.0,0.0,1.0
2025-09-12T03:00:00.0,0.0,0.0,0.0,0.0,1.0
2025-09-12T04:00:00.0,0.0,0.0,0.0,0.0,1.0
2025-09-12T05:00:00.0,0.0,0.0,0.0,0.0,1.0
2025-09-12T06:00:00.0,34.3894,15.8782,18.5112,169.4474,0.675
2025-09-12T07:00:00.0,166.4781,103.9167,62.5613,473.169,1.0
2025-09-12T08:00:00.0,290.9758,186.9345,104.0413,526.123,1.0
2025-09-12T09:00:00.0,413.415,248.8908,164.5242,506.5208,1.0
2025-09-12T10:00:00.0,361.5117,55.6494,305.8623,95.5989,1.0
2025-09-12T11:00:00.0,490.1003,134.1084,355.9919,206.9356,1.0
2025-09-12T12:00:00.0,408.9369,71.0807,337.8561,106.4157,1.0
2025-09-12T13:00:00.0,508.0027,227.2304,280.7723,350.0665,1.0
2025-09-12T14:00:00.0,397.1949,78.1176,319.0772,132.2321,1.0
2025-09-12T15:00:00.0,229.3684,34.4533,194.9151,71.0085,1.0
2025-09-12T16:00:00.0,133.8924,6.7281,127.1643,20.2904,1.0
2025-09-12T17:00:00.0,95.7564,12.7764,82.98,49.0183,1.0
2025-09-12T18:00:00.0,14.1644,2.5905,11.5738,39.6168,0.8667
2025-09-12T19:00:00.0,0.0,0.0,0.0,0.0,1.0
2025-09-12T20:00:00.0,0.0,0.0,0.0,0.0,1.0
2025-09-12T21:00:00.0,0.0,0.0,0.0,0.0,1.0
2025-09-12T22:00:00.0,0.0,0.0,0.0,0.0,1.0
2025-09-12T23:00:00.0,0.0,0.0,0.0,0.0,1.0
2025-09-13T00:00:00.0,0.0,0.0,0.0,0.0,1.0
2025-09-13T01:00:00.0,0.0,0.0,0.0,0.0,1.0
2025-09-13T02:00:00.0,0.0,0.0,0.0,0.0,1.0
2025-09-13T03:00:00.0,0.0,0.0,0.0,0.0,1.0
2025-09-13T04:00:00.0,0.0,0.0,0.0,0.0,1.0
2025-09-13T05:00:00.0,0.0,0.0,0.0,0.0,1.0
2025-09-13T06:00:00.0,9.7484,0.0,9.7484,0.0,0.6
2025-09-13T07:00:00.0,131.3675,62.6058,68.7617,280.6055,0.9667
2025-09-13T08:00:00.0,315.4523,222.5173,92.935,603.4708,1.0
2025-09-13T09:00:00.0,432.8311,289.9706,142.8605,608.3586,1.0
2025-09-13T10:00:00.0,426.9384,163.1646,263.7738,280.6429,1.0
2025-09-13T11:00:00.0,616.4451,457.4233,159.0218,712.8987,1.0
2025-09-13T12:00:00.0,456.2173,227.3264,228.8909,343.1138,1.0
2025-09-13T13:00:00.0,637.5281,493.2275,144.3006,769.7449,1.0
2025-09-13T14:00:00.0,461.2257,296.4879,164.7378,517.2845,1.0
2025-09-13T15:00:00.0,446.0881,326.6491,119.4389,671.3881,1.0
2025-09-13T16:00:00.0,301.7756,200.1342,101.6415,577.1374,1.0
2025-09-13T17:00:00.0,164.3613,106.5008,57.8606,509.0776,1.0
2025-09-13T18:00:00.0,30.5459,14.0417,16.5043,158.3714,0.8833
2025-09-13T19:00:00.0,0.0,0.0,0.0,0.0,1.0
2025-09-13T20:00:00.0,0.0,0.0,0.0,0.0,1.0
2025-09-13T21:00:00.0,0.0,0.0,0.0,0.0,1.0
2025-09-13T22:00:00.0,0.0,0.0,0.0,0.0,1.0
2025-09-13T23:00:00.0,0.0,0.0,0.0,0.0,1.0
2025-09-14T00:00:00.0,0.0,0.0,0.0,0.0,1.0
2025-09-14T01:00:00.0,0.0,0.0,0.0,0.0,1.0
2025-09-14T02:00:00.0,0.0,0.0,0.0,0.0,1.0
2025-09-14T03:00:00.0,0.0,0.0,0.0,0.0,1.0
2025-09-14T04:00:00.0,0.0,0.0,0.0,0.0,1.0
2025-09-14T05:00:00.0,0.0,0.0,0.0,0.0,1.0
2025-09-14T06:00:00.0,25.9855,8.5529,17.4326,94.6378,0.6083
2025-09-14T07:00:00.0,44.9185,16.5272,28.3912,107.0613,0.9667
2025-09-14T08:00:00.0,26.3667,0.0,26.3667,0.0,1.0
2025-09-14T09:00:00.0,83.6826,0.1956,83.4871,0.3685,1.0
2025-09-14T10:00:00.0,344.3044,137.3828,206.9215,232.116,1.0
2025-09-14T11:00:00.0,277.2616,35.5574,241.7043,55.1392,1.0
2025-09-14T12:00:00.0,400.7743,87.3259,313.4484,132.6192,1.0
2025-09-14T13:00:00.0,494.4463,256.4972,237.9492,403.4158,1.0
2025-09-14T14:00:00.0,384.547,146.0061,238.5408,260.5316,1.0
2025-09-14T15:00:00.0,332.9108,162.7329,170.1779,344.0997,1.0
2025-09-14T16:00:00.0,222.311,123.9342,98.3768,371.2119,1.0
2025-09-14T17:00:00.0,118.8237,37.84,80.9837,158.6875,1.0
2025-09-14T18:00:00.0,23.191,6.5993,16.5917,81.1204,0.9
2025-09-14T19:00:00.0,0.0,0.0,0.0,0.0,1.0
2025-09-14T20:00:00.0,0.0,0.0,0.0,0.0,1.0
2025-09-14T21:00:00.0,0.0,0.0,0.0,0.0,1.0
2025-09-14T22:00:00.0,0.0,0.0,0.0,0.0,1.0
2025-09-14T23:00:00.0,0.0,0.0,0.0,0.0,1.0
2025-09-15T00:00:00.0,0.0,0.0,0.0,0.0,1.0
2025-09-15T01:00:00.0,0.0,0.0,0.0,0.0,1.0
2025-09-15T02:00:00.0,0.0,0.0,0.0,0.0,1.0
2025-09-15T03:00:00.0,0.0,0.0,0.0,0.0,1.0
2025-09-15T04:00:00.0,0.0,0.0,0.0,0.0,1.0
2025-09-15T05:00:00.0,0.0,0.0,0.0,0.0,1.0
2025-09-15T06:00:00.0,26.516,10.8086,15.7074,125.2203,0.625
2025-09-15T07:00:00.0,162.1776,106.869,55.3085,515.594,0.9667
2025-09-15T08:00:00.0,309.4889,223.8023,85.6867,643.0579,1.0
2025-09-15T09:00:00.0,390.7405,256.8704,133.8701,548.4099,1.0
2025-09-15T10:00:00.0,473.6707,266.5351,207.1355,471.5728,1.0
2025-09-15T11:00:00.0,491.4044,234.4119,256.9925,368.6678,1.0
2025-09-15T12:00:00.0,576.891,373.1879,203.7031,570.7358,1.0
2025-09-15T13:00:00.0,510.5206,308.4684,202.0522,489.2263,1.0
2025-09-15T14:00:00.0,455.421,239.839,215.582,426.3925,1.0
2025-09-15T15:00:00.0,364.9492,190.4545,174.4947,406.0174,1.0
2025-09-15T16:00:00.0,270.5543,158.2964,112.2578,476.077,1.0
2025-09-15T17:00:00.0,123.8331,48.724,75.109,273.9146,1.0
2025-09-15T18:00:00.0,24.149,10.7795,13.3695,133.2718,0.925
2025-09-15T19:00:00.0,0.0,0.0,0.0,0.0,1.0
2025-09-15T20:00:00.0,0.0,0.0,0.0,0.0,1.0
2025-09-15T21:00:00.0,0.0,0.0,0.0,0.0,1.0
2025-09-15T22:00:00.0,0.0,0.0,0.0,0.0,1.0
2025-09-15T23:00:00.0,0.0,0.0,0.0,0.0,1.0
2025-09-16T00:00:00.0,0.0,0.0,0.0,0.0,1.0
2025-09-16T01:00:00.0,0.0,0.0,0.0,0.0,1.0
2025-09-16T02:00:00.0,0.0,0.0,0.0,0.0,1.0
2025-09-16T03:00:00.0,0.0,0.0,0.0,0.0,1.0
2025-09-16T04:00:00.0,0.0,0.0,0.0,0.0,1.0
2025-09-16T05:00:00.0,0.0,0.0,0.0,0.0,1.0
2025-09-16T06:00:00.0,12.7955,0.0001,12.7954,0.0015,0.6417
2025-09-16T07:00:00.0,105.1162,8.3242,96.792,36.896,0.9667
2025-09-16T08:00:00.0,215.1929,28.4369,186.7559,82.0294,1.0
2025-09-16T09:00:00.0,308.6122,50.5047,258.1075,104.8521,1.0
2025-09-16T10:00:00.0,352.955,70.2341,282.7209,126.0121,1.0
2025-09-16T11:00:00.0,300.3252,18.0875,282.2377,28.7028,1.0
2025-09-16T12:00:00.0,259.0274,8.0043,251.0231,12.3469,1.0
2025-09-16T13:00:00.0,175.7904,0.4141,175.3763,0.655,1.0
2025-09-16T14:00:00.0,172.1523,0.9431,171.2092,1.722,1.0
2025-09-16T15:00:00.0,235.0772,14.5863,220.491,32.2351,1.0
2025-09-16T16:00:00.0,70.4516,0.7829,69.6687,2.0027,1.0
2025-09-16T17:00:00.0,76.9129,1.3921,75.5208,6.7465,1.0
2025-09-16T18:00:00.0,11.3465,0.6822,10.6644,13.3696,0.95
2025-09-16T19:00:00.0,0.0,0.0,0.0,0.0,1.0
2025-09-16T20:00:00.0,0.0,0.0,0.0,0.0,1.0
2025-09-16T21:00:00.0,0.0,0.0,0.0,0.0,1.0
2025-09-16T22:00:00.0,0.0,0.0,0.0,0.0,1.0
2025-09-16T23:00:00.0,0.0,0.0,0.0,0.0,1.0
2025-09-17T00:00:00.0,0.0,0.0,0.0,0.0,1.0
2025-09-17T01:00:00.0,0.0,0.0,0.0,0.0,1.0
2025-09-17T02:00:00.0,0.0,0.0,0.0,0.0,1.0
2025-09-17T03:00:00.0,0.0,0.0,0.0,0.0,1.0
2025-09-17T04:00:00.0,0.0,0.0,0.0,0.0,1.0
2025-09-17T05:00:00.0,0.0,0.0,0.0,0.0,1.0
2025-09-17T06:00:00.0,2.7284,0.0,2.7284,0.0,0.65
2025-09-17T07:00:00.0,44.7529,5.1658,39.5872,21.3929,0.75
2025-09-17T08:00:00.0,193.6459,34.256,159.39,97.785,0.9667
2025-09-17T09:00:00.0,400.9513,234.0807,166.8706,494.4453,1.0
2025-09-17T10:00:00.0,479.1109,286.1418,192.9692,519.0324,1.0
2025-09-17T11:00:00.0,513.0675,227.8056,285.2619,362.5371,1.0
2025-09-17T12:00:00.0,521.6072,231.6134,289.9938,360.2886,1.0
2025-09-17T13:00:00.0,379.8547,82.1328,297.7219,130.6504,1.0
2025-09-17T14:00:00.0,445.7775,242.3119,203.4656,441.8915,1.0
2025-09-17T15:00:00.0,427.2461,303.6044,123.6417,656.7098,1.0
2025-09-17T16:00:00.0,296.5732,206.3459,90.2274,617.9745,1.0
2025-09-17T17:00:00.0,132.8055,66.1559,66.6497,356.3469,1.0
2025-09-17T18:00:00.0,16.9357,4.8404,12.0953,64.7623,0.8333
2025-09-17T19:00:00.0,0.0,0.0,0.0,0.0,1.0
2025-09-17T20:00:00.0,0.0,0.0,0.0,0.0,1.0
2025-09-17T21:00:00.0,0.0,0.0,0.0,0.0,1.0
2025-09-17T22:00:00.0,0.0,0.0,0.0,0.0,1.0
2025-09-17T23:00:00.0,0.0,0.0,0.0,0.0,1.0
2025-09-18T00:00:00.0,0.0,0.0,0.0,0.0,1.0
2025-09-18T01:00:00.0,0.0,0.0,0.0,0.0,1.0
2025-09-18T02:00:00.0,0.0,0.0,0.0,0.0,1.0
2025-09-18T03:00:00.0,0.0,0.0,0.0,0.0,1.0
2025-09-18T04:00:00.0,0.0,0.0,0.0,0.0,1.0
2025-09-18T05:00:00.0,0.0,0.0,0.0,0.0,1.0
2025-09-18T06:00:00.0,2.5739,0.0,2.5739,0.0,0.6667
2025-09-18T07:00:00.0,15.3592,0.0,15.3592,0.0,0.9667
2025-09-18T08:00:00.0,25.5195,0.0,25.5195,0.0,1.0
2025-09-18T09:00:00.0,33.8422,0.0002,33.842,0.0004,1.0
2025-09-18T10:00:00.0,91.8782,0.0126,91.8656,0.0225,1.0
2025-09-18T11:00:00.0,80.1375,0.0142,80.1233,0.0227,1.0
2025-09-18T12:00:00.0,170.7368,0.7091,170.0277,1.1094,1.0
2025-09-18T13:00:00.0,155.8117,0.1687,155.643,0.2765,1.0
2025-09-18T14:00:00.0,134.7639,0.0674,134.6965,0.1209,1.0
2025-09-18T15:00:00.0,119.1599,2.9866,116.1733,6.4563,1.0
2025-09-18T16:00:00.0,62.7973,0.0012,62.7961,0.0046,1.0
2025-09-18T17:00:00.0,64.9241,6.9552,57.9689,59.2614,1.0
2025-09-18T18:00:00.0,14.2949,4.6,9.6948,65.8315,0.8583
2025-09-18T19:00:00.0,0.0,0.0,0.0,0.0,1.0
2025-09-18T20:00:00.0,0.0,0.0,0.0,0.0,1.0
2025-09-18T21:00:00.0,0.0,0.0,0.0,0.0,1.0
2025-09-18T22:00:00.0,0.0,0.0,0.0,0.0,1.0
2025-09-18T23:00:00.0,0.0,0.0,0.0,0.0,1.0
2025-09-19T00:00:00.0,0.0,0.0,0.0,0.0,1.0
2025-09-19T01:00:00.0,0.0,0.0,0.0,0.0,1.0
2025-09-19T02:00:00.0,0.0,0.0,0.0,0.0,1.0
2025-09-19T03:00:00.0,0.0,0.0,0.0,0.0,1.0
2025-09-19T04:00:00.0,0.0,0.0,0.0,0.0,1.0
2025-09-19T05:00:00.0,0.0,0.0,0.0,0.0,1.0
2025-09-19T06:00:00.0,4.073,0.0,4.073,0.0,0.675
2025-09-19T07:00:00.0,52.4039,0.1522,52.2516,0.7316,0.9667
2025-09-19T08:00:00.0,87.1101,16.2058,70.9043,50.0945,1.0
2025-09-19T09:00:00.0,89.1034,0.0109,89.0925,0.0256,1.0
2025-09-19T10:00:00.0,107.6847,0.0376,107.6472,0.0651,1.0
2025-09-19T11:00:00.0,172.161,1.4758,170.6852,2.3551,1.0
2025-09-19T12:00:00.0,311.6908,91.1518,220.539,144.5826,1.0
2025-09-19T13:00:00.0,230.6787,36.7644,193.9143,58.7619,1.0
2025-09-19T14:00:00.0,117.4193,0.0107,117.4086,0.0191,1.0
2025-09-19T15:00:00.0,113.7012,0.0415,113.6598,0.0925,1.0
2025-09-19T16:00:00.0,107.4998,5.2255,102.2743,16.3845,1.0
2025-09-19T17:00:00.0,50.6825,2.4946,48.1879,18.381,1.0
2025-09-19T18:00:00.0,11.3573,2.2972,9.0601,36.9796,0.875
2025-09-19T19:00:00.0,0.0,0.0,0.0,0.0,1.0
2025-09-19T20:00:00.0,0.0,0.0,0.0,0.0,1.0
2025-09-19T21:00:00.0,0.0,0.0,0.0,0.0,1.0
2025-09-19T22:00:00.0,0.0,0.0,0.0,0.0,1.0
2025-09-19T23:00:00.0,0.0,0.0,0.0,0.0,1.0
2025-09-20T00:00:00.0,0.0,0.0,0.0,0.0,1.0
2025-09-20T01:00:00.0,0.0,0.0,0.0,0.0,1.0
2025-09-20T02:00:00.0,0.0,0.0,0.0,0.0,1.0
2025-09-20T03:00:00.0,0.0,0.0,0.0,0.0,1.0
2025-09-20T04:00:00.0,0.0,0.0,0.0,0.0,1.0
2025-09-20T05:00:00.0,0.0,0.0,0.0,0.0,1.0
2025-09-20T06:00:00.0,2.4458,0.0,2.4458,0.0,0.6917
2025-09-20T07:00:00.0,55.2157,0.463,54.7527,2.0986,0.9667
2025-09-20T08:00:00.0,99.2537,4.8221,94.4315,15.1758,1.0
2025-09-20T09:00:00.0,87.96,0.0003,87.9597,0.0006,1.0
2025-09-20T10:00:00.0,155.055,0.4968,154.5582,0.8654,1.0
2025-09-20T11:00:00.0,394.5183,139.1667,255.3516,228.486,1.0
2025-09-20T12:00:00.0,447.9786,109.0281,338.9505,173.8316,1.0
2025-09-20T13:00:00.0,506.9753,274.1013,232.874,455.0068,1.0
2025-09-20T14:00:00.0,417.6285,203.953,213.6755,372.1804,1.0
2025-09-20T15:00:00.0,287.6571,82.7352,204.9219,182.8418,1.0
2025-09-20T16:00:00.0,241.3955,130.2448,111.1507,434.1128,1.0
2025-09-20T17:00:00.0,119.1248,65.4655,53.6593,376.7375,1.0
2025-09-20T18:00:00.0,10.458,2.7078,7.7503,43.8483,0.8917
2025-09-20T19:00:00.0,0.0,0.0,0.0,0.0,1.0
2025-09-20T20:00:00.0,0.0,0.0,0.0,0.0,1.0
2025-09-20T21:00:00.0,0.0,0.0,0.0,0.0,1.0
2025-09-20T22:00:00.0,0.0,0.0,0.0,0.0,1.0
2025-09-20T23:00:00.0,0.0,0.0,0.0,0.0,1.0
2025-09-21T00:00:00.0,0.0,0.0,0.0,0.0,1.0
2025-09-21T01:00:00.0,0.0,0.0,0.0,0.0,1.0
2025-09-21T02:00:00.0,0.0,0.0,0.0,0.0,1.0
2025-09-21T03:00:00.0,0.0,0.0,0.0,0.0,1.0
2025-09-21T04:00:00.0,0.0,0.0,0.0,0.0,1.0
2025-09-21T05:00:00.0,0.0,0.0,0.0,0.0,1.0
2025-09-21T06:00:00.0,16.8392,8.5791,8.2601,129.7732,0.7083
2025-09-21T07:00:00.0,145.609,106.663,38.946,590.6646,0.8417
2025-09-21T08:00:00.0,308.5589,253.1599,55.399,782.3607,1.0
2025-09-21T09:00:00.0,454.6436,387.7467,66.8969,864.8052,1.0
2025-09-21T10:00:00.0,554.3835,462.3054,92.0782,852.3483,1.0
2025-09-21T11:00:00.0,616.1744,505.6542,110.5201,838.811,1.0
2025-09-21T12:00:00.0,650.3113,550.4188,99.8926,884.8337,1.0
2025-09-21T13:00:00.0,604.3816,482.0572,122.3244,804.824,1.0
2025-09-21T14:00:00.0,488.3234,305.1871,183.1362,572.9545,1.0
2025-09-21T15:00:00.0,389.9384,269.0157,120.9227,624.747,1.0
2025-09-21T16:00:00.0,202.9144,52.7383,150.1761,156.9008,1.0
2025-09-21T17:00:00.0,86.544,7.8747,78.6693,42.9935,1.0
2025-09-21T18:00:00.0,8.8356,2.157,6.6786,42.1461,0.9167
2025-09-21T19:00:00.0,0.0,0.0,0.0,0.0,1.0
2025-09-21T20:00:00.0,0.0,0.0,0.0,0.0,1.0
2025-09-21T21:00:00.0,0.0,0.0,0.0,0.0,1.0
2025-09-21T22:00:00.0,0.0,0.0,0.0,0.0,1.0
2025-09-21T23:00:00.0,0.0,0.0,0.0,0.0,1.0
2025-09-22T00:00:00.0,0.0,0.0,0.0,0.0,1.0
2025-09-22T01:00:00.0,0.0,0.0,0.0,0.0,1.0
2025-09-22T02:00:00.0,0.0,0.0,0.0,0.0,1.0
2025-09-22T03:00:00.0,0.0,0.0,0.0,0.0,1.0
2025-09-22T04:00:00.0,0.0,0.0,0.0,0.0,1.0
2025-09-22T05:00:00.0,0.0,0.0,0.0,0.0,1.0
2025-09-22T06:00:00.0,14.7777,6.8061,7.9716,107.141,0.7167
2025-09-22T07:00:00.0,136.5978,94.8389,41.7589,540.5616,0.8417
2025-09-22T08:00:00.0,293.4391,230.8862,62.5528,721.4099,1.0
2025-09-22T09:00:00.0,444.5356,375.6402,68.8954,846.2393,1.0
2025-09-22T10:00:00.0,557.2643,482.9262,74.338,895.5679,1.0
2025-09-22T11:00:00.0,627.2913,550.4265,76.8648,920.0938,1.0
2025-09-22T12:00:00.0,648.2388,569.4417,78.7971,923.3952,1.0
2025-09-22T13:00:00.0,618.4119,538.1495,80.2624,907.0042,1.0
2025-09-22T14:00:00.0,540.8333,461.7234,79.1099,871.5636,1.0
2025-09-22T15:00:00.0,422.3918,348.3821,74.0097,809.2872,1.0
2025-09-22T16:00:00.0,267.9902,201.5516,66.4386,657.7798,1.0
2025-09-22T17:00:00.0,112.608,70.5431,42.0649,443.9088,1.0
2025-09-22T18:00:00.0,7.7607,2.5636,5.1971,48.6238,0.9333
2025-09-22T19:00:00.0,0.0,0.0,0.0,0.0,1.0
2025-09-22T20:00:00.0,0.0,0.0,0.0,0.0,1.0
2025-09-22T21:00:00.0,0.0,0.0,0.0,0.0,1.0
2025-09-22T22:00:00.0,0.0,0.0,0.0,0.0,1.0
2025-09-22T23:00:00.0,0.0,0.0,0.0,0.0,1.0
2025-09-23T00:00:00.0,0.0,0.0,0.0,0.0,1.0
2025-09-23T01:00:00.0,0.0,0.0,0.0,0.0,1.0
2025-09-23T02:00:00.0,0.0,0.0,0.0,0.0,1.0
2025-09-23T03:00:00.0,0.0,0.0,0.0,0.0,1.0
2025-09-23T04:00:00.0,0.0,0.0,0.0,0.0,1.0
2025-09-23T05:00:00.0,0.0,0.0,0.0,0.0,1.0
2025-09-23T06:00:00.0,11.8391,3.7785,8.0606,60.3626,0.7333
2025-09-23T07:00:00.0,122.8816,71.9485,50.9331,415.1515,0.8417
2025-09-23T08:00:00.0,277.4996,196.8449,80.6547,623.158,1.0
2025-09-23T09:00:00.0,424.8256,328.159,96.6666,746.6274,1.0
2025-09-23T10:00:00.0,518.7031,394.9603,123.7428,742.6808,1.0
2025-09-23T11:00:00.0,498.6386,282.5518,216.0869,474.6907,1.0
2025-09-23T12:00:00.0,514.499,289.2334,225.2656,472.9794,1.0
2025-09-23T13:00:00.0,474.4781,243.3287,231.1494,412.3676,1.0
2025-09-23T14:00:00.0,415.2689,215.5231,199.7459,414.4297,1.0
2025-09-23T15:00:00.0,361.3852,237.0135,124.3717,563.6861,1.0
2025-09-23T16:00:00.0,262.2482,190.1645,72.0838,639.8539,1.0
2025-09-23T17:00:00.0,105.6652,61.5731,44.0921,393.7511,1.0
2025-09-23T18:00:00.0,6.0387,1.5169,4.5218,30.9897,0.95
2025-09-23T19:00:00.0,0.0,0.0,0.0,0.0,1.0
2025-09-23T20:00:00.0,0.0,0.0,0.0,0.0,1.0
2025-09-23T21:00:00.0,0.0,0.0,0.0,0.0,1.0
2025-09-23T22:00:00.0,0.0,0.0,0.0,0.0,1.0
2025-09-23T23:00:00.0,0.0,0.0,0.0,0.0,1.0
2025-09-24T00:00:00.0,0.0,0.0,0.0,0.0,1.0
2025-09-24T01:00:00.0,0.0,0.0,0.0,0.0,1.0
2025-09-24T02:00:00.0,0.0,0.0,0.0,0.0,1.0
2025-09-24T03:00:00.0,0.0,0.0,0.0,0.0,1.0
2025-09-24T04:00:00.0,0.0,0.0,0.0,0.0,1.0
2025-09-24T05:00:00.0,0.0,0.0,0.0,0.0,1.0
2025-09-24T06:00:00.0,10.1593,2.731,7.4283,45.3185,0.75
2025-09-24T07:00:00.0,112.2233,57.1167,55.1067,343.9548,0.8417
2025-09-24T08:00:00.0,265.0486,177.2052,87.8434,567.8898,1.0
2025-09-24T09:00:00.0,336.1136,135.0054,201.1082,313.7363,1.0
2025-09-24T10:00:00.0,390.9444,109.5655,281.3789,209.4557,1.0
2025-09-24T11:00:00.0,396.8421,64.601,332.241,109.4968,1.0
2025-09-24T12:00:00.0,435.1253,94.3579,340.7674,155.6808,1.0
2025-09-24T13:00:00.0,402.616,86.3419,316.2741,147.9784,1.0
2025-09-24T14:00:00.0,380.2697,106.6891,273.5806,206.6484,1.0
2025-09-24T15:00:00.0,356.5851,223.4848,133.1003,546.9445,1.0
2025-09-24T16:00:00.0,244.0717,159.3489,84.7229,539.2345,1.0
2025-09-24T17:00:00.0,95.0237,48.9677,46.0559,329.3684,1.0
2025-09-24T18:00:00.0,4.599,0.9486,3.6504,21.25,0.85
2025-09-24T19:00:00.0,0.0,0.0,0.0,0.0,1.0
2025-09-24T20:00:00.0,0.0,0.0,0.0,0.0,1.0
2025-09-24T21:00:00.0,0.0,0.0,0.0,0.0,1.0
2025-09-24T22:00:00.0,0.0,0.0,0.0,0.0,1.0
2025-09-24T23:00:00.0,0.0,0.0,0.0,0.0,1.0
2025-09-25T00:00:00.0,0.0,0.0,0.0,0.0,1.0
2025-09-25T01:00:00.0,0.0,0.0,0.0,0.0,1.0
2025-09-25T02:00:00.0,0.0,0.0,0.0,0.0,1.0
2025-09-25T03:00:00.0,0.0,0.0,0.0,0.0,1.0
2025-09-25T04:00:00.0,0.0,0.0,0.0,0.0,1.0
2025-09-25T05:00:00.0,0.0,0.0,0.0,0.0,1.0
2025-09-25T06:00:00.0,8.9409,2.4647,6.4761,43.2504,0.7583
2025-09-25T07:00:00.0,114.2178,65.9635,48.2543,394.7232,0.8417
2025-09-25T08:00:00.0,268.1298,191.3333,76.7965,624.423,1.0
2025-09-25T09:00:00.0,410.8315,318.6994,92.1321,741.0209,1.0
2025-09-25T10:00:00.0,522.4139,423.2277,99.1863,806.7631,1.0
2025-09-25T11:00:00.0,591.8616,490.6113,101.2503,841.8188,1.0
2025-09-25T12:00:00.0,613.2605,512.2813,100.9792,853.1161,1.0
2025-09-25T13:00:00.0,584.9305,486.049,98.8815,843.2616,1.0
2025-09-25T14:00:00.0,509.3014,415.833,93.4684,811.8735,1.0
2025-09-25T15:00:00.0,383.2378,292.755,90.4828,704.5985,1.0
2025-09-25T16:00:00.0,238.47,168.4268,70.0432,596.6253,1.0
2025-09-25T17:00:00.0,92.5521,52.7625,39.7896,363.5517,1.0
2025-09-25T18:00:00.0,3.6947,0.8169,2.8778,19.6316,0.8667
2025-09-25T19:00:00.0,0.0,0.0,0.0,0.0,1.0
2025-09-25T20:00:00.0,0.0,0.0,0.0,0.0,1.0
2025-09-25T21:00:00.0,0.0,0.0,0.0,0.0,1.0
2025-09-25T22:00:00.0,0.0,0.0,0.0,0.0,1.0
2025-09-25T23:00:00.0,0.0,0.0,0.0,0.0,1.0
2025-09-26T00:00:00.0,0.0,0.0,0.0,0.0,1.0
2025-09-26T01:00:00.0,0.0,0.0,0.0,0.0,1.0
2025-09-26T02:00:00.0,0.0,0.0,0.0,0.0,1.0
2025-09-26T03:00:00.0,0.0,0.0,0.0,0.0,1.0
2025-09-26T04:00:00.0,0.0,0.0,0.0,0.0,1.0
2025-09-26T05:00:00.0,0.0,0.0,0.0,0.0,1.0
2025-09-26T06:00:00.0,8.0079,2.0925,5.9155,38.4152,0.775
2025-09-26T07:00:00.0,108.594,59.0349,49.5591,369.5445,0.8417
2025-09-26T08:00:00.0,243.4642,153.6761,89.7881,508.4226,1.0
2025-09-26T09:00:00.0,326.2765,168.9825,157.2941,413.8529,1.0
2025-09-26T10:00:00.0,297.7204,44.1325,253.5879,84.0394,1.0
2025-09-26T11:00:00.0,329.4777,53.8821,275.5956,94.4495,1.0
2025-09-26T12:00:00.0,335.1185,45.6317,289.4868,76.6568,1.0
2025-09-26T13:00:00.0,275.527,18.1786,257.3484,31.4039,1.0
2025-09-26T14:00:00.0,164.1493,0.9756,163.1737,1.845,1.0
2025-09-26T15:00:00.0,129.7986,0.1894,129.6092,0.4657,1.0
2025-09-26T16:00:00.0,138.1203,5.154,132.9664,19.5526,1.0
2025-09-26T17:00:00.0,64.7243,7.0421,57.6821,63.8858,1.0
2025-09-26T18:00:00.0,2.4749,0.204,2.2708,5.4154,0.8917
2025-09-26T19:00:00.0,0.0,0.0,0.0,0.0,1.0
2025-09-26T20:00:00.0,0.0,0.0,0.0,0.0,1.0
2025-09-26T21:00:00.0,0.0,0.0,0.0,0.0,1.0
2025-09-26T22:00:00.0,0.0,0.0,0.0,0.0,1.0
2025-09-26T23:00:00.0,0.0,0.0,0.0,0.0,1.0
2025-09-27T00:00:00.0,0.0,0.0,0.0,0.0,1.0
2025-09-27T01:00:00.0,0.0,0.0,0.0,0.0,1.0
2025-09-27T02:00:00.0,0.0,0.0,0.0,0.0,1.0
2025-09-27T03:00:00.0,0.0,0.0,0.0,0.0,1.0
2025-09-27T04:00:00.0,0.0,0.0,0.0,0.0,1.0
2025-09-27T05:00:00.0,0.0,0.0,0.0,0.0,1.0
2025-09-27T06:00:00.0,7.0357,2.1281,4.9075,41.0566,0.7917
2025-09-27T07:00:00.0,110.6101,70.5933,40.0167,446.5392,0.8417
2025-09-27T08:00:00.0,266.837,206.8912,59.9458,696.5073,1.0
2025-09-27T09:00:00.0,368.7197,251.6583,117.0613,614.4554,1.0
2025-09-27T10:00:00.0,138.8776,7.268,131.6097,15.1865,1.0
2025-09-27T11:00:00.0,268.6673,56.2773,212.39,97.4409,1.0
2025-09-27T12:00:00.0,597.0105,495.6149,101.3956,840.6042,1.0
2025-09-27T13:00:00.0,557.2457,441.954,115.2917,784.0009,1.0
2025-09-27T14:00:00.0,506.3761,424.4421,81.934,848.2651,1.0
2025-09-27T15:00:00.0,388.5287,314.3748,74.1539,785.4548,1.0
2025-09-27T16:00:00.0,241.4524,181.2197,60.2327,665.1818,1.0
2025-09-27T17:00:00.0,86.4557,52.1577,34.298,389.9123,1.0
2025-09-27T18:00:00.0,2.0758,0.3968,1.679,11.5236,0.9
2025-09-27T19:00:00.0,0.0,0.0,0.0,0.0,1.0
2025-09-27T20:00:00.0,0.0,0.0,0.0,0.0,1.0
2025-09-27T21:00:00.0,0.0,0.0,0.0,0.0,1.0
2025-09-27T22:00:00.0,0.0,0.0,0.0,0.0,1.0
2025-09-27T23:00:00.0,0.0,0.0,0.0,0.0,1.0
2025-09-28T00:00:00.0,0.0,0.0,0.0,0.0,1.0
2025-09-28T01:00:00.0,0.0,0.0,0.0,0.0,1.0
2025-09-28T02:00:00.0,0.0,0.0,0.0,0.0,1.0
2025-09-28T03:00:00.0,0.0,0.0,0.0,0.0,1.0
2025-09-28T04:00:00.0,0.0,0.0,0.0,0.0,1.0
2025-09-28T05:00:00.0,0.0,0.0,0.0,0.0,1.0
2025-09-28T06:00:00.0,6.1092,1.5608,4.5484,31.87,0.8
2025-09-28T07:00:00.0,107.5428,65.3341,42.2087,422.7163,0.7167
2025-09-28T08:00:00.0,264.1404,199.1058,65.0346,680.6945,1.0
2025-09-28T09:00:00.0,406.9706,328.9182,78.0524,791.8647,1.0
2025-09-28T10:00:00.0,516.2907,427.2163,89.0744,838.6292,1.0
2025-09-28T11:00:00.0,583.0639,486.1225,96.9414,857.3436,0.9083
2025-09-28T12:00:00.0,483.6186,274.7592,208.8595,470.3403,0.9667
2025-09-28T13:00:00.0,353.5152,81.5136,272.0016,145.5329,1.0
2025-09-28T14:00:00.0,289.4946,51.8102,237.6844,106.2136,1.0
2025-09-28T15:00:00.0,314.2799,188.011,126.2688,482.7173,1.0
2025-09-28T16:00:00.0,207.2691,129.7625,77.5065,485.2717,1.0
2025-09-28T17:00:00.0,66.8056,21.6895,45.1161,181.1214,1.0
2025-09-28T18:00:00.0,1.339,0.1383,1.2007,4.0479,0.925
2025-09-28T19:00:00.0,0.0,0.0,0.0,0.0,1.0
2025-09-28T20:00:00.0,0.0,0.0,0.0,0.0,1.0
2025-09-28T21:00:00.0,0.0,0.0,0.0,0.0,1.0
2025-09-28T22:00:00.0,0.0,0.0,0.0,0.0,1.0
2025-09-28T23:00:00.0,0.0,0.0,0.0,0.0,1.0
2025-09-29T00:00:00.0,0.0,0.0,0.0,0.0,1.0
2025-09-29T01:00:00.0,0.0,0.0,0.0,0.0,1.0
2025-09-29T02:00:00.0,0.0,0.0,0.0,0.0,1.0
2025-09-29T03:00:00.0,0.0,0.0,0.0,0.0,1.0
2025-09-29T04:00:00.0,0.0,0.0,0.0,0.0,1.0
2025-09-29T05:00:00.0,0.0,0.0,0.0,0.0,1.0
2025-09-29T06:00:00.0,3.2669,0.0301,3.2368,0.6491,0.8167
2025-09-29T07:00:00.0,48.4917,1.2172,47.2745,8.9381,0.7167
2025-09-29T08:00:00.0,54.2367,1.7712,52.4655,5.2286,1.0
2025-09-29T09:00:00.0,252.4839,35.3029,217.181,84.9581,1.0
2025-09-29T10:00:00.0,235.9969,36.6438,199.3532,76.0225,1.0
2025-09-29T11:00:00.0,136.8475,0.1936,136.6539,0.3368,1.0
2025-09-29T12:00:00.0,261.6553,13.5382,248.1171,23.3947,0.875
2025-09-29T13:00:00.0,267.1965,18.1185,249.0781,32.5175,1.0
2025-09-29T14:00:00.0,311.8526,80.3141,231.5385,169.8484,1.0
2025-09-29T15:00:00.0,268.8598,107.2252,161.6346,271.5029,1.0
2025-09-29T16:00:00.0,158.5063,36.5706,121.9358,140.5497,1.0
2025-09-29T17:00:00.0,59.6045,17.4971,42.1074,140.8463,1.0
2025-09-29T18:00:00.0,0.8212,0.0433,0.7779,1.3052,0.9417
2025-09-29T19:00:00.0,0.0,0.0,0.0,0.0,1.0
2025-09-29T20:00:00.0,0.0,0.0,0.0,0.0,1.0
2025-09-29T21:00:00.0,0.0,0.0,0.0,0.0,1.0
2025-09-29T22:00:00.0,0.0,0.0,0.0,0.0,1.0
2025-09-29T23:00:00.0,0.0,0.0,0.0,0.0,1.0
2025-09-30T00:00:00.0,0.0,0.0,0.0,0.0,1.0
2025-09-30T01:00:00.0,0.0,0.0,0.0,0.0,1.0
2025-09-30T02:00:00.0,0.0,0.0,0.0,0.0,1.0
2025-09-30T03:00:00.0,0.0,0.0,0.0,0.0,1.0
2025-09-30T04:00:00.0,0.0,0.0,0.0,0.0,1.0
2025-09-30T05:00:00.0,0.0,0.0,0.0,0.0,1.0
2025-09-30T06:00:00.0,0.4728,0.0,0.4728,0.0,0.8333
2025-09-30T07:00:00.0,10.4925,0.0,10.4925,0.0,0.7167
2025-09-30T08:00:00.0,21.7113,0.0,21.7113,0.0,1.0
2025-09-30T09:00:00.0,66.0494,0.0478,66.0016,0.1055,1.0
2025-09-30T10:00:00.0,129.489,1.4329,128.056,3.0136,1.0
2025-09-30T11:00:00.0,61.5379,0.0005,61.5374,0.0008,0.9083
2025-09-30T12:00:00.0,103.9422,0.0073,103.9349,0.0126,0.9667
2025-09-30T13:00:00.0,126.8519,0.0983,126.7536,0.1823,1.0
2025-09-30T14:00:00.0,111.2282,0.0468,111.1814,0.0929,1.0
2025-09-30T15:00:00.0,128.1313,2.6113,125.5199,7.2605,1.0
2025-09-30T16:00:00.0,119.1883,2.8384,116.35,11.3014,1.0
2025-09-30T17:00:00.0,47.0947,3.2279,43.8669,43.1356,1.0
2025-09-30T18:00:00.0,0.4682,0.0114,0.4567,0.1792,0.9583
2025-09-30T19:00:00.0,0.0,0.0,0.0,0.0,1.0
2025-09-30T20:00:00.0,0.0,0.0,0.0,0.0,1.0
2025-09-30T21:00:00.0,0.0,0.0,0.0,0.0,1.0
2025-09-30T22:00:00.0,0.0,0.0,0.0,0.0,1.0
2025-09-30T23:00:00.0,0.0,0.0,0.0,0.0,1.0
2025-10-01T00:00:00.0,0.0,0.0,0.0,0.0,1.0
2025-10-01T01:00:00.0,0.0,0.0,0.0,0.0,1.0
2025-10-01T02:00:00.0,0.0,0.0,0.0,0.0,1.0
2025-10-01T03:00:00.0,0.0,0.0,0.0,0.0,1.0
2025-10-01T04:00:00.0,0.0,0.0,0.0,0.0,1.0
2025-10-01T05:00:00.0,0.0,0.0,0.0,0.0,1.0
2025-10-01T06:00:00.0,0.391,0.0,0.391,0.0,0.8417
2025-10-01T07:00:00.0,20.42,0.0167,20.4033,0.0881,0.7167
2025-10-01T08:00:00.0,25.8506,0.0088,25.8418,0.041,1.0
2025-10-01T09:00:00.0,36.2457,0.0,36.2457,0.0,1.0
2025-10-01T10:00:00.0,80.0119,0.0002,80.0117,0.0004,1.0
2025-10-01T11:00:00.0,90.2508,0.0068,90.244,0.0123,1.0
2025-10-01T12:00:00.0,215.9905,5.0911,210.8994,8.9872,1.0
2025-10-01T13:00:00.0,260.8547,16.4686,244.3862,30.3676,1.0
2025-10-01T14:00:00.0,255.5366,32.6603,222.8763,70.2057,1.0
2025-10-01T15:00:00.0,240.5803,71.5631,169.0172,186.7914,1.0
2025-10-01T16:00:00.0,167.2806,62.589,104.6916,257.925,1.0
2025-10-01T17:00:00.0,50.5445,8.7522,41.7923,82.9809,1.0
2025-10-01T18:00:00.0,0.2265,0.0028,0.2237,0.0,0.9833
2025-10-01T19:00:00.0,0.0,0.0,0.0,0.0,1.0
2025-10-01T20:00:00.0,0.0,0.0,0.0,0.0,1.0
2025-10-01T21:00:00.0,0.0,0.0,0.0,0.0,1.0
2025-10-01T22:00:00.0,0.0,0.0,0.0,0.0,1.0
2025-10-01T23:00:00.0,0.0,0.0,0.0,0.0,1.0
2025-10-02T00:00:00.0,0.0,0.0,0.0,0.0,1.0
2025-10-02T01:00:00.0,0.0,0.0,0.0,0.0,1.0
2025-10-02T02:00:00.0,0.0,0.0,0.0,0.0,1.0
2025-10-02T03:00:00.0,0.0,0.0,0.0,0.0,1.0
2025-10-02T04:00:00.0,0.0,0.0,0.0,0.0,1.0
2025-10-02T05:00:00.0,0.0,0.0,0.0,0.0,1.0
2025-10-02T06:00:00.0,0.3262,0.0,0.3262,0.0,0.8583
2025-10-02T07:00:00.0,9.7873,0.0,9.7873,0.0,0.7167
2025-10-02T08:00:00.0,21.088,0.0,21.088,0.0,1.0
2025-10-02T09:00:00.0,28.85,0.0,28.85,0.0,1.0
2025-10-02T10:00:00.0,42.1793,0.0,42.1793,0.0,1.0
2025-10-02T11:00:00.0,37.2869,0.0,37.2869,0.0,1.0
2025-10-02T12:00:00.0,66.4001,0.0039,66.3962,0.007,1.0
2025-10-02T13:00:00.0,74.94,0.0022,74.9379,0.0039,1.0
2025-10-02T14:00:00.0,57.1158,0.0,57.1158,0.0,1.0
2025-10-02T15:00:00.0,51.4797,0.0,51.4797,0.0,1.0
2025-10-02T16:00:00.0,35.3107,0.0022,35.3084,0.0133,1.0
2025-10-02T17:00:00.0,24.1089,0.0553,24.0536,0.4077,0.9083
2025-10-02T18:00:00.0,0.0553,0.0,0.0553,0.0,0.9667
2025-10-02T19:00:00.0,0.0,0.0,0.0,0.0,1.0
2025-10-02T20:00:00.0,0.0,0.0,0.0,0.0,1.0
2025-10-02T21:00:00.0,0.0,0.0,0.0,0.0,1.0
2025-10-02T22:00:00.0,0.0,0.0,0.0,0.0,1.0
2025-10-02T23:00:00.0,0.0,0.0,0.0,0.0,1.0
2025-10-03T00:00:00.0,0.0,0.0,0.0,0.0,1.0
2025-10-03T01:00:00.0,0.0,0.0,0.0,0.0,1.0
2025-10-03T02:00:00.0,0.0,0.0,0.0,0.0,1.0
2025-10-03T03:00:00.0,0.0,0.0,0.0,0.0,1.0
2025-10-03T04:00:00.0,0.0,0.0,0.0,0.0,1.0
2025-10-03T05:00:00.0,0.0,0.0,0.0,0.0,1.0
2025-10-03T06:00:00.0,0.276,0.0,0.276,0.0,0.875
2025-10-03T07:00:00.0,9.8987,0.0,9.8987,0.0,0.7167
2025-10-03T08:00:00.0,21.0156,0.0,21.0156,0.0,1.0
2025-10-03T09:00:00.0,31.6028,0.0,31.6028,0.0,1.0
2025-10-03T10:00:00.0,56.5411,0.0011,56.5401,0.0021,1.0
2025-10-03T11:00:00.0,73.9717,0.0018,73.9699,0.0033,1.0
2025-10-03T12:00:00.0,42.1981,0.0,42.1981,0.0,1.0
2025-10-03T13:00:00.0,78.3025,0.0001,78.3024,0.0002,1.0
2025-10-03T14:00:00.0,173.8524,15.8826,157.9698,36.6995,1.0
2025-10-03T15:00:00.0,262.4584,115.1062,147.3522,319.8029,1.0
2025-10-03T16:00:00.0,154.0832,65.5194,88.5638,273.9466,1.0
2025-10-03T17:00:00.0,48.5173,18.3011,30.2162,157.2846,0.9083
2025-10-03T18:00:00.0,0.0086,0.0003,0.0084,0.0,0.9833
2025-10-03T19:00:00.0,0.0,0.0,0.0,0.0,1.0
2025-10-03T20:00:00.0,0.0,0.0,0.0,0.0,1.0
2025-10-03T21:00:00.0,0.0,0.0,0.0,0.0,1.0
2025-10-03T22:00:00.0,0.0,0.0,0.0,0.0,1.0
2025-10-03T23:00:00.0,0.0,0.0,0.0,0.0,1.0
2025-10-04T00:00:00.0,0.0,0.0,0.0,0.0,1.0
2025-10-04T01:00:00.0,0.0,0.0,0.0,0.0,1.0
2025-10-04T02:00:00.0,0.0,0.0,0.0,0.0,1.0
2025-10-04T03:00:00.0,0.0,0.0,0.0,0.0,1.0
2025-10-04T04:00:00.0,0.0,0.0,0.0,0.0,1.0
2025-10-04T05:00:00.0,0.0,0.0,0.0,0.0,1.0
2025-10-04T06:00:00.0,1.8103,0.2361,1.5742,7.0462,0.8833
2025-10-04T07:00:00.0,83.9759,48.5989,35.377,370.8729,0.7167
2025-10-04T08:00:00.0,236.5194,173.6273,62.892,656.4999,1.0
2025-10-04T09:00:00.0,359.9833,266.9726,93.0106,695.6826,1.0
2025-10-04T10:00:00.0,429.8384,289.3412,140.4972,609.5935,1.0
2025-10-04T11:00:00.0,510.046,370.4185,139.6276,691.0861,1.0
2025-10-04T12:00:00.0,522.4004,347.0237,175.3767,630.8022,1.0
2025-10-04T13:00:00.0,515.3038,397.4468,117.857,759.6403,1.0
2025-10-04T14:00:00.0,431.8294,322.9669,108.8626,697.8989,1.0
2025-10-04T15:00:00.0,298.6327,192.3636,106.2691,544.2537,1.0
2025-10-04T16:00:00.0,192.8665,133.1034,59.7631,581.9106,1.0
2025-10-04T17:00:00.0,48.4919,21.9316,26.5603,201.1368,0.9167
2025-10-04T18:00:00.0,0.0,0.0,0.0,0.0,1.0
2025-10-04T19:00:00.0,0.0,0.0,0.0,0.0,1.0
2025-10-04T20:00:00.0,0.0,0.0,0.0,0.0,1.0
2025-10-04T21:00:00.0,0.0,0.0,0.0,0.0,1.0
2025-10-04T22:00:00.0,0.0,0.0,0.0,0.0,1.0
2025-10-04T23:00:00.0,0.0,0.0,0.0,0.0,1.0
2025-10-05T00:00:00.0,0.0,0.0,0.0,0.0,1.0
2025-10-05T01:00:00.0,0.0,0.0,0.0,0.0,1.0
2025-10-05T02:00:00.0,0.0,0.0,0.0,0.0,1.0
2025-10-05T03:00:00.0,0.0,0.0,0.0,0.0,1.0
2025-10-05T04:00:00.0,0.0,0.0,0.0,0.0,1.0
2025-10-05T05:00:00.0,0.0,0.0,0.0,0.0,1.0
2025-10-05T06:00:00.0,1.2948,0.0642,1.2306,1.9384,0.9
2025-10-05T07:00:00.0,73.3134,31.9878,41.3255,243.4534,0.7167
2025-10-05T08:00:00.0,108.4257,31.6306,76.7951,148.1338,1.0
2025-10-05T09:00:00.0,201.2402,82.1354,119.1048,197.786,1.0
2025-10-05T10:00:00.0,334.1886,174.312,159.8766,374.1779,1.0
2025-10-05T11:00:00.0,245.7757,56.1334,189.6423,108.6047,1.0
2025-10-05T12:00:00.0,284.4837,31.8944,252.5893,58.4834,1.0
2025-10-05T13:00:00.0,225.6918,7.1566,218.5352,13.8829,1.0
2025-10-05T14:00:00.0,195.9947,15.2358,180.7588,35.9748,1.0
2025-10-05T15:00:00.0,142.6872,8.5571,134.1302,22.5398,1.0
2025-10-05T16:00:00.0,95.7712,8.0903,87.6809,43.9145,1.0
2025-10-05T17:00:00.0,37.8391,10.7887,27.0505,114.191,0.9333
2025-10-05T18:00:00.0,0.0,0.0,0.0,0.0,1.0
2025-10-05T19:00:00.0,0.0,0.0,0.0,0.0,1.0
2025-10-05T20:00:00.0,0.0,0.0,0.0,0.0,1.0
2025-10-05T21:00:00.0,0.0,0.0,0.0,0.0,1.0
2025-10-05T22:00:00.0,0.0,0.0,0.0,0.0,1.0
2025-10-05T23:00:00.0,0.0,0.0,0.0,0.0,1.0
2025-10-06T00:00:00.0,0.0,0.0,0.0,0.0,1.0
2025-10-06T01:00:00.0,0.0,0.0,0.0,0.0,1.0
2025-10-06T02:00:00.0,0.0,0.0,0.0,0.0,1.0
2025-10-06T03:00:00.0,0.0,0.0,0.0,0.0,1.0
2025-10-06T04:00:00.0,0.0,0.0,0.0,0.0,1.0
2025-10-06T05:00:00.0,0.0,0.0,0.0,0.0,1.0
2025-10-06T06:00:00.0,0.5987,0.0044,0.5943,0.1251,0.9167
2025-10-06T07:00:00.0,45.3151,3.6496,41.6655,27.5845,0.5917
2025-10-06T08:00:00.0,193.8738,111.499,82.3748,442.7065,1.0
2025-10-06T09:00:00.0,253.1818,62.7103,190.4715,168.417,1.0
2025-10-06T10:00:00.0,242.3429,22.1544,220.1885,48.4509,1.0
2025-10-06T11:00:00.0,243.8874,14.4183,229.4691,27.2216,1.0
2025-10-06T12:00:00.0,260.0867,21.5856,238.5011,40.0227,0.75
2025-10-06T13:00:00.0,245.1153,16.9173,228.198,32.8072,1.0
2025-10-06T14:00:00.0,160.8014,2.0973,158.7041,4.5217,1.0
2025-10-06T15:00:00.0,115.272,0.7467,114.5253,1.9646,1.0
2025-10-06T16:00:00.0,98.3179,8.5353,89.7826,40.058,1.0
2025-10-06T17:00:00.0,29.4711,2.1562,27.3149,26.3,0.95
2025-10-06T18:00:00.0,0.0,0.0,0.0,0.0,1.0
2025-10-06T19:00:00.0,0.0,0.0,0.0,0.0,1.0
2025-10-06T20:00:00.0,0.0,0.0,0.0,0.0,1.0
2025-10-06T21:00:00.0,0.0,0.0,0.0,0.0,1.0
2025-10-06T22:00:00.0,0.0,0.0,0.0,0.0,1.0
2025-10-06T23:00:00.0,0.0,0.0,0.0,0.0,1.0
2025-10-07T00:00:00.0,0.0,0.0,0.0,0.0,1.0
2025-10-07T01:00:00.0,0.0,0.0,0.0,0.0,1.0
2025-10-07T02:00:00.0,0.0,0.0,0.0,0.0,1.0
2025-10-07T03:00:00.0,0.0,0.0,0.0,0.0,1.0
2025-10-07T04:00:00.0,0.0,0.0,0.0,0.0,1.0
2025-10-07T05:00:00.0,0.0,0.0,0.0,0.0,1.0
2025-10-07T06:00:00.0,0.2945,0.0,0.2945,0.0,0.925
2025-10-07T07:00:00.0,29.5715,0.0001,29.5715,0.0006,0.5917
2025-10-07T08:00:00.0,77.5751,0.4838,77.0912,1.8118,1.0
2025-10-07T09:00:00.0,67.4017,2.0094,65.3923,4.8789,1.0
2025-10-07T10:00:00.0,145.6281,1.1151,144.5131,2.5763,1.0
2025-10-07T11:00:00.0,127.7782,0.1099,127.6683,0.2134,1.0
2025-10-07T12:00:00.0,201.998,3.3981,198.6,6.3567,1.0
2025-10-07T13:00:00.0,224.3065,9.4505,214.8561,18.7366,1.0
2025-10-07T14:00:00.0,159.8634,2.4807,157.3827,5.4487,1.0
2025-10-07T15:00:00.0,151.2036,6.2963,144.9072,19.6923,1.0
2025-10-07T16:00:00.0,90.9887,5.3647,85.624,28.5572,1.0
2025-10-07T17:00:00.0,22.9625,0.6485,22.314,12.4171,0.9667
2025-10-07T18:00:00.0,0.0,0.0,0.0,0.0,1.0
2025-10-07T19:00:00.0,0.0,0.0,0.0,0.0,1.0
2025-10-07T20:00:00.0,0.0,0.0,0.0,0.0,1.0
2025-10-07T21:00:00.0,0.0,0.0,0.0,0.0,1.0
2025-10-07T22:00:00.0,0.0,0.0,0.0,0.0,1.0
2025-10-07T23:00:00.0,0.0,0.0,0.0,0.0,1.0
2025-10-08T00:00:00.0,0.0,0.0,0.0,0.0,1.0
2025-10-08T01:00:00.0,0.0,0.0,0.0,0.0,1.0
2025-10-08T02:00:00.0,0.0,0.0,0.0,0.0,1.0
2025-10-08T03:00:00.0,0.0,0.0,0.0,0.0,1.0
2025-10-08T04:00:00.0,0.0,0.0,0.0,0.0,1.0
2025-10-08T05:00:00.0,0.0,0.0,0.0,0.0,1.0
2025-10-08T06:00:00.0,0.0785,0.0,0.0785,0.0,0.9417
2025-10-08T07:00:00.0,11.9378,0.0009,11.9369,0.0054,0.5917
2025-10-08T08:00:00.0,106.5649,3.4663,103.0986,12.2005,1.0
2025-10-08T09:00:00.0,200.0202,25.5898,174.4304,68.0092,1.0
2025-10-08T10:00:00.0,289.7925,67.2488,222.5437,145.0187,1.0
2025-10-08T11:00:00.0,280.9585,40.1127,240.8458,78.6916,1.0
2025-10-08T12:00:00.0,386.495,152.5177,233.9773,289.343,1.0
2025-10-08T13:00:00.0,457.8744,307.4431,150.4313,609.9169,1.0
2025-10-08T14:00:00.0,417.7906,308.2918,109.4988,710.8124,1.0
2025-10-08T15:00:00.0,294.3943,197.8883,96.506,594.4589,1.0
2025-10-08T16:00:00.0,160.2814,92.846,67.4353,444.6989,1.0
2025-10-08T17:00:00.0,30.5098,10.1223,20.3875,109.7862,0.9917
2025-10-08T18:00:00.0,0.0,0.0,0.0,0.0,1.0
2025-10-08T19:00:00.0,0.0,0.0,0.0,0.0,1.0
2025-10-08T20:00:00.0,0.0,0.0,0.0,0.0,1.0
2025-10-08T21:00:00.0,0.0,0.0,0.0,0.0,1.0
2025-10-08T22:00:00.0,0.0,0.0,0.0,0.0,1.0
2025-10-08T23:00:00.0,0.0,0.0,0.0,0.0,1.0
2025-10-09T00:00:00.0,0.0,0.0,0.0,0.0,1.0
2025-10-09T01:00:00.0,0.0,0.0,0.0,0.0,1.0
2025-10-09T02:00:00.0,0.0,0.0,0.0,0.0,1.0
2025-10-09T03:00:00.0,0.0,0.0,0.0,0.0,1.0
2025-10-09T04:00:00.0,0.0,0.0,0.0,0.0,1.0
2025-10-09T05:00:00.0,0.0,0.0,0.0,0.0,1.0
2025-10-09T06:00:00.0,0.0294,0.0,0.0294,0.0,0.9583
2025-10-09T07:00:00.0,7.2534,0.0,7.2534,0.0,0.5917
2025-10-09T08:00:00.0,19.7246,0.0,19.7246,0.0,1.0
2025-10-09T09:00:00.0,40.5624,0.0088,40.5536,0.0213,1.0
2025-10-09T10:00:00.0,193.2132,5.2978,187.9154,11.5194,1.0
2025-10-09T11:00:00.0,193.2034,2.4714,190.732,4.8894,1.0
2025-10-09T12:00:00.0,240.7654,13.324,227.4414,25.6113,1.0
2025-10-09T13:00:00.0,329.4973,98.0802,231.4171,199.8986,1.0
2025-10-09T14:00:00.0,286.8202,91.3172,195.5031,215.1441,1.0
2025-10-09T15:00:00.0,198.7751,54.0302,144.7449,154.3049,1.0
2025-10-09T16:00:00.0,96.9182,6.21,90.7082,33.1412,1.0
2025-10-09T17:00:00.0,23.9497,3.69,20.2597,52.439,0.8833
2025-10-09T18:00:00.0,0.0,0.0,0.0,0.0,1.0
2025-10-09T19:00:00.0,0.0,0.0,0.0,0.0,1.0
2025-10-09T20:00:00.0,0.0,0.0,0.0,0.0,1.0
2025-10-09T21:00:00.0,0.0,0.0,0.0,0.0,1.0
2025-10-09T22:00:00.0,0.0,0.0,0.0,0.0,1.0
2025-10-09T23:00:00.0,0.0,0.0,0.0,0.0,1.0
2025-10-10T00:00:00.0,0.0,0.0,0.0,0.0,1.0
2025-10-10T01:00:00.0,0.0,0.0,0.0,0.0,1.0
2025-10-10T02:00:00.0,0.0,0.0,0.0,0.0,1.0
2025-10-10T03:00:00.0,0.0,0.0,0.0,0.0,1.0
2025-10-10T04:00:00.0,0.0,0.0,0.0,0.0,1.0
2025-10-10T05:00:00.0,0.0,0.0,0.0,0.0,1.0
2025-10-10T06:00:00.0,0.0158,0.0,0.0158,0.0,0.9667
2025-10-10T07:00:00.0,7.5728,0.0,7.5728,0.0,0.5917
2025-10-10T08:00:00.0,20.5611,0.0,20.5611,0.0,1.0
2025-10-10T09:00:00.0,44.5742,0.0,44.5742,0.0001,1.0
2025-10-10T10:00:00.0,102.0827,0.0246,102.0581,0.0523,1.0
2025-10-10T11:00:00.0,157.216,0.4074,156.8085,0.8167,1.0
2025-10-10T12:00:00.0,225.2648,7.0319,218.2329,13.652,1.0
2025-10-10T13:00:00.0,261.9962,19.8897,242.1065,40.6929,1.0
2025-10-10T14:00:00.0,246.6325,30.9343,215.6982,74.8164,1.0
2025-10-10T15:00:00.0,211.6467,35.1377,176.509,107.9546,1.0
2025-10-10T16:00:00.0,114.5597,11.268,103.2917,56.1879,1.0
2025-10-10T17:00:00.0,23.5919,3.0269,20.565,51.1349,0.9
2025-10-10T18:00:00.0,0.0,0.0,0.0,0.0,1.0
2025-10-10T19:00:00.0,0.0,0.0,0.0,0.0,1.0
2025-10-10T20:00:00.0,0.0,0.0,0.0,0.0,1.0
2025-10-10T21:00:00.0,0.0,0.0,0.0,0.0,1.0
2025-10-10T22:00:00.0,0.0,0.0,0.0,0.0,1.0
2025-10-10T23:00:00.0,0.0,0.0,0.0,0.0,1.0
2025-10-11T00:00:00.0,0.0,0.0,0.0,0.0,1.0
2025-10-11T01:00:00.0,0.0,0.0,0.0,0.0,1.0
2025-10-11T02:00:00.0,0.0,0.0,0.0,0.0,1.0
2025-10-11T03:00:00.0,0.0,0.0,0.0,0.0,1.0
2025-10-11T04:00:00.0,0.0,0.0,0.0,0.0,1.0
2025-10-11T05:00:00.0,0.0,0.0,0.0,0.0,1.0
2025-10-11T06:00:00.0,0.0179,0.0,0.0179,0.0,0.9833
2025-10-11T07:00:00.0,27.3649,0.0003,27.3646,0.0021,0.5917
2025-10-11T08:00:00.0,63.611,0.0589,63.5521,0.2777,1.0
2025-10-11T09:00:00.0,72.1433,0.0008,72.1424,0.0021,1.0
2025-10-11T10:00:00.0,169.5846,2.6934,166.8912,5.8149,1.0
2025-10-11T11:00:00.0,233.1861,8.9952,224.1909,18.0389,1.0
2025-10-11T12:00:00.0,374.5176,94.764,279.7535,185.5639,1.0
2025-10-11T13:00:00.0,366.5818,102.635,263.9467,212.5096,1.0
2025-10-11T14:00:00.0,308.1665,86.8618,221.3047,208.2111,1.0
2025-10-11T15:00:00.0,209.6886,42.6992,166.9893,130.0155,1.0
2025-10-11T16:00:00.0,102.374,5.5274,96.8466,28.7097,1.0
2025-10-11T17:00:00.0,20.589,3.5368,17.0522,52.7422,0.9167
2025-10-11T18:00:00.0,0.0,0.0,0.0,0.0,1.0
2025-10-11T19:00:00.0,0.0,0.0,0.0,0.0,1.0
2025-10-11T20:00:00.0,0.0,0.0,0.0,0.0,1.0
2025-10-11T21:00:00.0,0.0,0.0,0.0,0.0,1.0
2025-10-11T22:00:00.0,0.0,0.0,0.0,0.0,1.0
2025-10-11T23:00:00.0,0.0,0.0,0.0,0.0,1.0
2025-10-12T00:00:00.0,0.0,0.0,0.0,0.0,1.0
2025-10-12T01:00:00.0,0.0,0.0,0.0,0.0,1.0
2025-10-12T02:00:00.0,0.0,0.0,0.0,0.0,1.0
2025-10-12T03:00:00.0,0.0,0.0,0.0,0.0,1.0
2025-10-12T04:00:00.0,0.0,0.0,0.0,0.0,1.0
2025-10-12T05:00:00.0,0.0,0.0,0.0,0.0,1.0
2025-10-12T06:00:00.0,0.0,0.0,0.0,0.0,1.0
2025-10-12T07:00:00.0,6.1529,0.0,6.1529,0.0,0.5917
2025-10-12T08:00:00.0,17.9528,0.0,17.9528,0.0,1.0
2025-10-12T09:00:00.0,30.6288,0.0,30.6288,0.0,1.0
2025-10-12T10:00:00.0,83.3104,0.001,83.3094,0.0022,1.0
2025-10-12T11:00:00.0,92.8583,0.0023,92.856,0.0046,1.0
2025-10-12T12:00:00.0,148.3275,0.6961,147.6314,1.3858,1.0
2025-10-12T13:00:00.0,176.4345,2.0917,174.3428,4.2981,1.0
2025-10-12T14:00:00.0,139.9217,1.6192,138.3026,4.2674,1.0
2025-10-12T15:00:00.0,141.7547,6.363,135.3917,20.0356,1.0
2025-10-12T16:00:00.0,74.7242,2.0358,72.6884,10.3544,1.0
2025-10-12T17:00:00.0,13.1229,0.4621,12.6608,9.4869,0.9417
2025-10-12T18:00:00.0,0.0,0.0,0.0,0.0,1.0
2025-10-12T19:00:00.0,0.0,0.0,0.0,0.0,1.0
2025-10-12T20:00:00.0,0.0,0.0,0.0,0.0,1.0
2025-10-12T21:00:00.0,0.0,0.0,0.0,0.0,1.0
2025-10-12T22:00:00.0,0.0,0.0,0.0,0.0,1.0
2025-10-12T23:00:00.0,0.0,0.0,0.0,0.0,1.0
2025-10-13T00:00:00.0,0.0,0.0,0.0,0.0,1.0
2025-10-13T01:00:00.0,0.0,0.0,0.0,0.0,1.0
2025-10-13T02:00:00.0,0.0,0.0,0.0,0.0,1.0
2025-10-13T03:00:00.0,0.0,0.0,0.0,0.0,1.0
2025-10-13T04:00:00.0,0.0,0.0,0.0,0.0,1.0
2025-10-13T05:00:00.0,0.0,0.0,0.0,0.0,1.0
2025-10-13T06:00:00.0,0.0,0.0,0.0,0.0,1.0
2025-10-13T07:00:00.0,4.7974,0.0,4.7974,0.0,0.5167
2025-10-13T08:00:00.0,17.3257,0.0,17.3257,0.0,0.9667
2025-10-13T09:00:00.0,25.4951,0.0,25.4951,0.0,1.0
2025-10-13T10:00:00.0,32.9295,0.0,32.9295,0.0,1.0
2025-10-13T11:00:00.0,58.321,0.0,58.3209,0.0001,1.0
2025-10-13T12:00:00.0,85.8945,0.0153,85.8792,0.0308,1.0
2025-10-13T13:00:00.0,108.4235,0.0227,108.4007,0.0467,1.0
2025-10-13T14:00:00.0,141.9443,1.3943,140.5501,3.6655,1.0
2025-10-13T15:00:00.0,122.5604,1.4941,121.0664,4.9925,1.0
2025-10-13T16:00:00.0,76.4979,3.2295,73.2684,20.4856,1.0
2025-10-13T17:00:00.0,13.4629,0.9386,12.5243,15.743,0.9583
2025-10-13T18:00:00.0,0.0,0.0,0.0,0.0,1.0
2025-10-13T19:00:00.0,0.0,0.0,0.0,0.0,1.0
2025-10-13T20:00:00.0,0.0,0.0,0.0,0.0,1.0
2025-10-13T21:00:00.0,0.0,0.0,0.0,0.0,1.0
2025-10-13T22:00:00.0,0.0,0.0,0.0,0.0,1.0
2025-10-13T23:00:00.0,0.0,0.0,0.0,0.0,1.0
2025-10-14T00:00:00.0,0.0,0.0,0.0,0.0,1.0
2025-10-14T01:00:00.0,0.0,0.0,0.0,0.0,1.0
2025-10-14T02:00:00.0,0.0,0.0,0.0,0.0,1.0
2025-10-14T03:00:00.0,0.0,0.0,0.0,0.0,1.0
2025-10-14T04:00:00.0,0.0,0.0,0.0,0.0,1.0
2025-10-14T05:00:00.0,0.0,0.0,0.0,0.0,1.0
2025-10-14T06:00:00.0,0.0,0.0,0.0,0.0,1.0
2025-10-14T07:00:00.0,4.9868,0.0,4.9868,0.0,0.525
2025-10-14T08:00:00.0,18.1682,0.0,18.1682,0.0,0.9667
2025-10-14T09:00:00.0,26.3218,0.0,26.3218,0.0,1.0
2025-10-14T10:00:00.0,51.6428,0.0,51.6428,0.0,1.0
2025-10-14T11:00:00.0,103.0069,0.0107,102.9962,0.0218,1.0
2025-10-14T12:00:00.0,119.075,0.0513,119.0237,0.104,1.0
2025-10-14T13:00:00.0,122.7603,0.0382,122.7221,0.0797,1.0
2025-10-14T14:00:00.0,116.4809,0.1448,116.3361,0.3877,1.0
2025-10-14T15:00:00.0,111.7398,0.3788,111.361,1.3298,1.0
2025-10-14T16:00:00.0,79.3423,4.2852,75.057,30.8936,1.0
2025-10-14T17:00:00.0,13.9772,2.4969,11.4803,42.8892,0.975
2025-10-14T18:00:00.0,0.0,0.0,0.0,0.0,1.0
2025-10-14T19:00:00.0,0.0,0.0,0.0,0.0,1.0
2025-10-14T20:00:00.0,0.0,0.0,0.0,0.0,1.0
2025-10-14T21:00:00.0,0.0,0.0,0.0,0.0,1.0
2025-10-14T22:00:00.0,0.0,0.0,0.0,0.0,1.0
2025-10-14T23:00:00.0,0.0,0.0,0.0,0.0,1.0
2025-10-15T00:00:00.0,0.0,0.0,0.0,0.0,1.0
2025-10-15T01:00:00.0,0.0,0.0,0.0,0.0,1.0
2025-10-15T02:00:00.0,0.0,0.0,0.0,0.0,1.0
2025-10-15T03:00:00.0,0.0,0.0,0.0,0.0,1.0
2025-10-15T04:00:00.0,0.0,0.0,0.0,0.0,1.0
2025-10-15T05:00:00.0,0.0,0.0,0.0,0.0,1.0
2025-10-15T06:00:00.0,0.0,0.0,0.0,0.0,1.0
2025-10-15T07:00:00.0,4.5405,0.0,4.5405,0.0,0.5417
2025-10-15T08:00:00.0,17.3524,0.0,17.3524,0.0,0.9667
2025-10-15T09:00:00.0,25.3597,0.0,25.3597,0.0,1.0
2025-10-15T10:00:00.0,45.8466,0.0,45.8466,0.0,1.0
2025-10-15T11:00:00.0,72.4224,0.005,72.4174,0.0103,1.0
2025-10-15T12:00:00.0,124.1241,0.0841,124.04,0.1715,1.0
2025-10-15T13:00:00.0,104.8103,0.0033,104.8071,0.0073,1.0
2025-10-15T14:00:00.0,120.9124,0.3512,120.5612,0.9614,1.0
2025-10-15T15:00:00.0,116.7429,1.2529,115.49,4.3495,1.0
2025-10-15T16:00:00.0,56.3695,0.2133,56.1561,1.6684,1.0
2025-10-15T17:00:00.0,10.3763,1.5902,8.7861,27.3006,0.9917
2025-10-15T18:00:00.0,0.0,0.0,0.0,0.0,1.0
2025-10-15T19:00:00.0,0.0,0.0,0.0,0.0,1.0
2025-10-15T20:00:00.0,0.0,0.0,0.0,0.0,1.0
2025-10-15T21:00:00.0,0.0,0.0,0.0,0.0,1.0
2025-10-15T22:00:00.0,0.0,0.0,0.0,0.0,1.0
2025-10-15T23:00:00.0,0.0,0.0,0.0,0.0,1.0
2025-10-16T00:00:00.0,0.0,0.0,0.0,0.0,1.0
2025-10-16T01:00:00.0,0.0,0.0,0.0,0.0,1.0
2025-10-16T02:00:00.0,0.0,0.0,0.0,0.0,1.0
2025-10-16T03:00:00.0,0.0,0.0,0.0,0.0,1.0
2025-10-16T04:00:00.0,0.0,0.0,0.0,0.0,1.0
2025-10-16T05:00:00.0,0.0,0.0,0.0,0.0,1.0
2025-10-16T06:00:00.0,0.0,0.0,0.0,0.0,1.0
2025-10-16T07:00:00.0,4.4746,0.0,4.4746,0.0,0.5583
2025-10-16T08:00:00.0,17.6032,0.0,17.6032,0.0,0.9667
2025-10-16T09:00:00.0,25.646,0.0,25.646,0.0,1.0
2025-10-16T10:00:00.0,31.0047,0.0,31.0047,0.0,1.0
2025-10-16T11:00:00.0,75.0045,0.0339,74.9707,0.0703,1.0
2025-10-16T12:00:00.0,191.276,2.576,188.7,5.3452,1.0
2025-10-16T13:00:00.0,233.6206,16.6112,217.0093,37.1928,1.0
2025-10-16T14:00:00.0,235.4348,43.7122,191.7227,110.9733,1.0
2025-10-16T15:00:00.0,176.3674,55.9785,120.3889,215.4295,1.0
2025-10-16T16:00:00.0,88.2489,22.1261,66.1227,139.4498,1.0
2025-10-16T17:00:00.0,10.9083,3.3048,7.6035,55.3571,0.8917
2025-10-16T18:00:00.0,0.0,0.0,0.0,0.0,1.0
2025-10-16T19:00:00.0,0.0,0.0,0.0,0.0,1.0
2025-10-16T20:00:00.0,0.0,0.0,0.0,0.0,1.0
2025-10-16T21:00:00.0,0.0,0.0,0.0,0.0,1.0
2025-10-16T22:00:00.0,0.0,0.0,0.0,0.0,1.0
2025-10-16T23:00:00.0,0.0,0.0,0.0,0.0,1.0
2025-10-17T00:00:00.0,0.0,0.0,0.0,0.0,1.0
2025-10-17T01:00:00.0,0.0,0.0,0.0,0.0,1.0
2025-10-17T02:00:00.0,0.0,0.0,0.0,0.0,1.0
2025-10-17T03:00:00.0,0.0,0.0,0.0,0.0,1.0
2025-10-17T04:00:00.0,0.0,0.0,0.0,0.0,1.0
2025-10-17T05:00:00.0,0.0,0.0,0.0,0.0,1.0
2025-10-17T06:00:00.0,0.0,0.0,0.0,0.0,1.0
2025-10-17T07:00:00.0,4.0219,0.0,4.0219,0.0,0.575
2025-10-17T08:00:00.0,16.694,0.0,16.694,0.0,0.9667
2025-10-17T09:00:00.0,25.1344,0.0,25.1344,0.0,1.0
2025-10-17T10:00:00.0,64.2206,0.0059,64.2147,0.0136,1.0
2025-10-17T11:00:00.0,153.8919,1.7417,152.1502,3.695,1.0
2025-10-17T12:00:00.0,199.2824,20.8352,178.4472,44.0314,1.0
2025-10-17T13:00:00.0,252.7111,31.4618,221.2493,68.8153,1.0
2025-10-17T14:00:00.0,134.5648,1.9981,132.5667,5.4521,1.0
2025-10-17T15:00:00.0,122.6128,2.4187,120.194,9.4222,1.0
2025-10-17T16:00:00.0,86.8751,11.1423,75.7328,92.2926,1.0
2025-10-17T17:00:00.0,9.5126,2.7792,6.7333,49.4015,0.9083
2025-10-17T18:00:00.0,0.0,0.0,0.0,0.0,1.0
2025-10-17T19:00:00.0,0.0,0.0,0.0,0.0,1.0
2025-10-17T20:00:00.0,0.0,0.0,0.0,0.0,1.0
2025-10-17T21:00:00.0,0.0,0.0,0.0,0.0,1.0
2025-10-17T22:00:00.0,0.0,0.0,0.0,0.0,1.0
2025-10-17T23:00:00.0,0.0,0.0,0.0,0.0,1.0
2025-10-18T00:00:00.0,0.0,0.0,0.0,0.0,1.0
2025-10-18T01:00:00.0,0.0,0.0,0.0,0.0,1.0
2025-10-18T02:00:00.0,0.0,0.0,0.0,0.0,1.0
2025-10-18T03:00:00.0,0.0,0.0,0.0,0.0,1.0
2025-10-18T04:00:00.0,0.0,0.0,0.0,0.0,1.0
2025-10-18T05:00:00.0,0.0,0.0,0.0,0.0,1.0
2025-10-18T06:00:00.0,0.0,0.0,0.0,0.0,1.0
2025-10-18T07:00:00.0,3.6188,0.0,3.6188,0.0,0.5833
2025-10-18T08:00:00.0,16.3838,0.0035,16.3803,0.0138,0.9667
2025-10-18T09:00:00.0,67.7165,0.1465,67.57,0.5177,1.0
2025-10-18T10:00:00.0,48.3705,0.0004,48.37,0.0012,1.0
2025-10-18T11:00:00.0,50.9394,0.0007,50.9386,0.0016,1.0
2025-10-18T12:00:00.0,54.3772,0.0,54.3772,0.0,1.0
2025-10-18T13:00:00.0,51.1624,0.0,51.1624,0.0,1.0
2025-10-18T14:00:00.0,89.3927,0.0077,89.385,0.0227,1.0
2025-10-18T15:00:00.0,96.8558,0.4274,96.4284,1.6748,1.0
2025-10-18T16:00:00.0,64.3075,8.7366,55.5709,82.6047,1.0
2025-10-18T17:00:00.0,7.1999,1.4058,5.794,26.2482,0.925
2025-10-18T18:00:00.0,0.0,0.0,0.0,0.0,1.0
2025-10-18T19:00:00.0,0.0,0.0,0.0,0.0,1.0
2025-10-18T20:00:00.0,0.0,0.0,0.0,0.0,1.0
2025-10-18T21:00:00.0,0.0,0.0,0.0,0.0,1.0
2025-10-18T22:00:00.0,0.0,0.0,0.0,0.0,1.0
2025-10-18T23:00:00.0,0.0,0.0,0.0,0.0,1.0
2025-10-19T00:00:00.0,0.0,0.0,0.0,0.0,1.0
2025-10-19T01:00:00.0,0.0,0.0,0.0,0.0,1.0
2025-10-19T02:00:00.0,0.0,0.0,0.0,0.0,1.0
2025-10-19T03:00:00.0,0.0,0.0,0.0,0.0,1.0
2025-10-19T04:00:00.0,0.0,0.0,0.0,0.0,1.0
2025-10-19T05:00:00.0,0.0,0.0,0.0,0.0,1.0
2025-10-19T06:00:00.0,0.0,0.0,0.0,0.0,1.0
2025-10-19T07:00:00.0,20.0,0.7917,19.2084,9.4728,0.6
2025-10-19T08:00:00.0,104.7231,39.112,65.6111,181.2334,0.9667
2025-10-19T09:00:00.0,252.5461,159.4827,93.0634,503.565,1.0
2025-10-19T10:00:00.0,233.7841,104.8153,128.9688,259.5231,1.0
2025-10-19T11:00:00.0,230.6179,85.8904,144.7276,186.0186,1.0
2025-10-19T12:00:00.0,306.4069,97.3586,209.0482,208.7668,1.0
2025-10-19T13:00:00.0,338.9302,176.4156,162.5145,405.6,1.0
2025-10-19T14:00:00.0,273.7493,133.9425,139.8067,369.2139,1.0
2025-10-19T15:00:00.0,190.6067,87.6437,102.963,317.3579,1.0
2025-10-19T16:00:00.0,79.3808,30.2145,49.1663,186.7487,1.0
2025-10-19T17:00:00.0,5.7524,0.8537,4.8988,18.5244,0.9417
2025-10-19T18:00:00.0,0.0,0.0,0.0,0.0,1.0
2025-10-19T19:00:00.0,0.0,0.0,0.0,0.0,1.0
2025-10-19T20:00:00.0,0.0,0.0,0.0,0.0,1.0
2025-10-19T21:00:00.0,0.0,0.0,0.0,0.0,1.0
2025-10-19T22:00:00.0,0.0,0.0,0.0,0.0,1.0
2025-10-19T23:00:00.0,0.0,0.0,0.0,0.0,1.0
2025-10-20T00:00:00.0,0.0,0.0,0.0,0.0,1.0
2025-10-20T01:00:00.0,0.0,0.0,0.0,0.0,1.0
2025-10-20T02:00:00.0,0.0,0.0,0.0,0.0,1.0
2025-10-20T03:00:00.0,0.0,0.0,0.0,0.0,1.0
2025-10-20T04:00:00.0,0.0,0.0,0.0,0.0,1.0
2025-10-20T05:00:00.0,0.0,0.0,0.0,0.0,1.0
2025-10-20T06:00:00.0,0.0,0.0,0.0,0.0,1.0
2025-10-20T07:00:00.0,3.1602,0.0,3.1602,0.0,0.6167
2025-10-20T08:00:00.0,16.4,0.0,16.4,0.0,0.8417
2025-10-20T09:00:00.0,51.8997,0.9752,50.9245,2.8228,1.0
2025-10-20T10:00:00.0,295.4639,172.5205,122.9434,420.0663,1.0
2025-10-20T11:00:00.0,324.5143,165.3666,159.1476,374.168,1.0
2025-10-20T12:00:00.0,346.3373,189.6626,156.6747,412.9722,1.0
2025-10-20T13:00:00.0,300.1399,118.9727,181.1671,274.1433,1.0
2025-10-20T14:00:00.0,277.4559,152.7315,124.7244,423.632,1.0
2025-10-20T15:00:00.0,153.9015,38.9994,114.9021,161.5739,1.0
2025-10-20T16:00:00.0,96.0301,56.7703,39.2598,401.3535,1.0
2025-10-20T17:00:00.0,5.6949,1.8741,3.8207,41.9068,0.9583
2025-10-20T18:00:00.0,0.0,0.0,0.0,0.0,1.0
2025-10-20T19:00:00.0,0.0,0.0,0.0,0.0,1.0
2025-10-20T20:00:00.0,0.0,0.0,0.0,0.0,1.0
2025-10-20T21:00:00.0,0.0,0.0,0.0,0.0,1.0
2025-10-20T22:00:00.0,0.0,0.0,0.0,0.0,1.0
2025-10-20T23:00:00.0,0.0,0.0,0.0,0.0,1.0
2025-10-21T00:00:00.0,0.0,0.0,0.0,0.0,1.0
2025-10-21T01:00:00.0,0.0,0.0,0.0,0.0,1.0
2025-10-21T02:00:00.0,0.0,0.0,0.0,0.0,1.0
2025-10-21T03:00:00.0,0.0,0.0,0.0,0.0,1.0
2025-10-21T04:00:00.0,0.0,0.0,0.0,0.0,1.0
2025-10-21T05:00:00.0,0.0,0.0,0.0,0.0,1.0
2025-10-21T06:00:00.0,0.0,0.0,0.0,0.0,1.0
2025-10-21T07:00:00.0,9.7123,0.0001,9.7123,0.0011,0.6333
2025-10-21T08:00:00.0,52.411,1.345,51.066,5.8204,0.8417
2025-10-21T09:00:00.0,113.9435,2.7606,111.1829,9.8704,1.0
2025-10-21T10:00:00.0,272.3546,114.8494,157.5052,288.3282,1.0
2025-10-21T11:00:00.0,270.393,66.8352,203.5578,149.0547,1.0
2025-10-21T12:00:00.0,312.8341,152.2698,160.5643,333.8017,1.0
2025-10-21T13:00:00.0,260.9297,96.2187,164.7109,218.4995,1.0
2025-10-21T14:00:00.0,263.6504,136.5226,127.1278,399.4805,1.0
2025-10-21T15:00:00.0,191.5928,85.4255,106.1673,341.4404,1.0
2025-10-21T16:00:00.0,93.4452,54.4417,39.0035,398.0684,1.0
2025-10-21T17:00:00.0,4.5021,1.0381,3.464,24.6102,0.9833
2025-10-21T18:00:00.0,0.0,0.0,0.0,0.0,1.0
2025-10-21T19:00:00.0,0.0,0.0,0.0,0.0,1.0
2025-10-21T20:00:00.0,0.0,0.0,0.0,0.0,1.0
2025-10-21T21:00:00.0,0.0,0.0,0.0,0.0,1.0
2025-10-21T22:00:00.0,0.0,0.0,0.0,0.0,1.0
2025-10-21T23:00:00.0,0.0,0.0,0.0,0.0,1.0
2025-10-22T00:00:00.0,0.0,0.0,0.0,0.0,1.0
2025-10-22T01:00:00.0,0.0,0.0,0.0,0.0,1.0
2025-10-22T02:00:00.0,0.0,0.0,0.0,0.0,1.0
2025-10-22T03:00:00.0,0.0,0.0,0.0,0.0,1.0
2025-10-22T04:00:00.0,0.0,0.0,0.0,0.0,1.0
2025-10-22T05:00:00.0,0.0,0.0,0.0,0.0,1.0
2025-10-22T06:00:00.0,0.0,0.0,0.0,0.0,1.0
2025-10-22T07:00:00.0,23.6882,12.0302,11.658,164.0591,0.6417
2025-10-22T08:00:00.0,145.6639,104.3573,41.3066,581.3854,0.8417
2025-10-22T09:00:00.0,275.8434,218.9599,56.8834,740.0688,1.0
2025-10-22T10:00:00.0,253.343,110.5957,142.7474,303.3418,1.0
2025-10-22T11:00:00.0,195.2892,22.1583,173.131,50.0687,1.0
2025-10-22T12:00:00.0,310.2026,131.7824,178.4202,293.3262,1.0
2025-10-22T13:00:00.0,210.068,12.1574,197.9106,29.2187,1.0
2025-10-22T14:00:00.0,222.7178,77.268,145.4498,234.0902,1.0
2025-10-22T15:00:00.0,214.5046,145.1132,69.3914,564.9504,1.0
2025-10-22T16:00:00.0,74.4024,21.059,53.3433,185.396,1.0
2025-10-22T17:00:00.0,3.4086,0.6816,2.727,17.4429,0.9917
2025-10-22T18:00:00.0,0.0,0.0,0.0,0.0,1.0
2025-10-22T19:00:00.0,0.0,0.0,0.0,0.0,1.0
2025-10-22T20:00:00.0,0.0,0.0,0.0,0.0,1.0
2025-10-22T21:00:00.0,0.0,0.0,0.0,0.0,1.0
2025-10-22T22:00:00.0,0.0,0.0,0.0,0.0,1.0
2025-10-22T23:00:00.0,0.0,0.0,0.0,0.0,1.0
2025-10-23T00:00:00.0,0.0,0.0,0.0,0.0,1.0
2025-10-23T01:00:00.0,0.0,0.0,0.0,0.0,1.0
2025-10-23T02:00:00.0,0.0,0.0,0.0,0.0,1.0
2025-10-23T03:00:00.0,0.0,0.0,0.0,0.0,1.0
2025-10-23T04:00:00.0,0.0,0.0,0.0,0.0,1.0
2025-10-23T05:00:00.0,0.0,0.0,0.0,0.0,1.0
2025-10-23T06:00:00.0,0.0,0.0,0.0,0.0,1.0
2025-10-23T07:00:00.0,7.4308,0.0,7.4308,0.0,0.6583
2025-10-23T08:00:00.0,91.8132,35.7319,56.0813,177.3293,0.8417
2025-10-23T09:00:00.0,131.8627,54.412,77.4506,193.0179,1.0
2025-10-23T10:00:00.0,242.0462,101.2255,140.8208,263.6195,1.0
2025-10-23T11:00:00.0,161.3687,32.58,128.7886,77.9721,1.0
2025-10-23T12:00:00.0,288.2048,152.4217,135.7831,343.8294,1.0
2025-10-23T13:00:00.0,198.5836,28.4207,170.1629,67.9106,1.0
2025-10-23T14:00:00.0,321.9744,244.1579,77.8165,707.1977,1.0
2025-10-23T15:00:00.0,207.075,138.2953,68.7797,551.3073,1.0
2025-10-23T16:00:00.0,78.2093,35.5752,42.6341,302.2072,1.0
2025-10-23T17:00:00.0,2.762,0.4502,2.3118,12.0869,1.0
2025-10-23T18:00:00.0,0.0,0.0,0.0,0.0,1.0
2025-10-23T19:00:00.0,0.0,0.0,0.0,0.0,1.0
2025-10-23T20:00:00.0,0.0,0.0,0.0,0.0,1.0
2025-10-23T21:00:00.0,0.0,0.0,0.0,0.0,1.0
2025-10-23T22:00:00.0,0.0,0.0,0.0,0.0,1.0
2025-10-23T23:00:00.0,0.0,0.0,0.0,0.0,1.0
2025-10-24T00:00:00.0,0.0,0.0,0.0,0.0,1.0
2025-10-24T01:00:00.0,0.0,0.0,0.0,0.0,1.0
2025-10-24T02:00:00.0,0.0,0.0,0.0,0.0,1.0
2025-10-24T03:00:00.0,0.0,0.0,0.0,0.0,1.0
2025-10-24T04:00:00.0,0.0,0.0,0.0,0.0,1.0
2025-10-24T05:00:00.0,0.0,0.0,0.0,0.0,1.0
2025-10-24T06:00:00.0,0.0,0.0,0.0,0.0,1.0
2025-10-24T07:00:00.0,2.2991,0.0,2.2991,0.0,0.675
2025-10-24T08:00:00.0,29.3533,0.0,29.3533,0.0002,0.8417
2025-10-24T09:00:00.0,140.8914,61.025,79.8663,210.7944,1.0
2025-10-24T10:00:00.0,195.5797,56.5566,139.0231,160.3218,1.0
2025-10-24T11:00:00.0,273.0945,151.8011,121.2934,352.5347,1.0
2025-10-24T12:00:00.0,359.7519,195.8891,163.8628,447.1746,1.0
2025-10-24T13:00:00.0,321.9492,172.126,149.8233,414.6644,1.0
2025-10-24T14:00:00.0,253.4206,123.8458,129.5748,375.6229,1.0
2025-10-24T15:00:00.0,210.9856,152.9047,58.0809,633.7394,1.0
2025-10-24T16:00:00.0,77.3453,40.9651,36.3801,330.7478,1.0
2025-10-24T17:00:00.0,2.0495,0.3439,1.7056,9.6739,0.9
2025-10-24T18:00:00.0,0.0,0.0,0.0,0.0,1.0
2025-10-24T19:00:00.0,0.0,0.0,0.0,0.0,1.0
2025-10-24T20:00:00.0,0.0,0.0,0.0,0.0,1.0
2025-10-24T21:00:00.0,0.0,0.0,0.0,0.0,1.0
2025-10-24T22:00:00.0,0.0,0.0,0.0,0.0,1.0
2025-10-24T23:00:00.0,0.0,0.0,0.0,0.0,1.0
2025-10-25T00:00:00.0,0.0,0.0,0.0,0.0,1.0
2025-10-25T01:00:00.0,0.0,0.0,0.0,0.0,1.0
2025-10-25T02:00:00.0,0.0,0.0,0.0,0.0,1.0
2025-10-25T03:00:00.0,0.0,0.0,0.0,0.0,1.0
2025-10-25T04:00:00.0,0.0,0.0,0.0,0.0,1.0
2025-10-25T05:00:00.0,0.0,0.0,0.0,0.0,1.0
2025-10-25T06:00:00.0,0.0,0.0,0.0,0.0,1.0
2025-10-25T07:00:00.0,16.8618,6.8353,10.0264,103.7062,0.6917
2025-10-25T08:00:00.0,131.2795,87.0794,44.2,523.0497,0.8417
2025-10-25T09:00:00.0,253.3941,184.5618,68.8323,663.3561,1.0
2025-10-25T10:00:00.0,361.4243,286.3699,75.0544,774.4367,1.0
2025-10-25T11:00:00.0,414.3723,327.4942,86.8781,776.7799,1.0
2025-10-25T12:00:00.0,426.1379,335.433,90.7048,774.7788,1.0
2025-10-25T13:00:00.0,282.0242,107.6593,174.3648,264.4631,1.0
2025-10-25T14:00:00.0,232.6824,90.3835,142.2988,268.2084,1.0
2025-10-25T15:00:00.0,200.4767,136.3648,64.1119,578.0143,1.0
2025-10-25T16:00:00.0,68.2699,28.5255,39.7443,253.0958,1.0
2025-10-25T17:00:00.0,1.4702,0.1374,1.3328,3.9406,0.9167
2025-10-25T18:00:00.0,0.0,0.0,0.0,0.0,1.0
2025-10-25T19:00:00.0,0.0,0.0,0.0,0.0,1.0
2025-10-25T20:00:00.0,0.0,0.0,0.0,0.0,1.0
2025-10-25T21:00:00.0,0.0,0.0,0.0,0.0,1.0
2025-10-25T22:00:00.0,0.0,0.0,0.0,0.0,1.0
2025-10-25T23:00:00.0,0.0,0.0,0.0,0.0,1.0
2025-10-26T00:00:00.0,0.0,0.0,0.0,0.0,1.0
2025-10-26T01:00:00.0,0.0,0.0,0.0,0.0,1.0
2025-10-26T02:00:00.0,0.0,0.0,0.0,0.0,1.0
2025-10-26T03:00:00.0,0.0,0.0,0.0,0.0,1.0
2025-10-26T04:00:00.0,0.0,0.0,0.0,0.0,1.0
2025-10-26T05:00:00.0,0.0,0.0,0.0,0.0,1.0
2025-10-26T06:00:00.0,0.0,0.0,0.0,0.0,1.0
2025-10-26T07:00:00.0,9.5884,0.0988,9.4896,1.5192,0.7083
2025-10-26T08:00:00.0,43.6922,0.7018,42.9904,5.3208,0.8417
2025-10-26T09:00:00.0,62.5248,0.434,62.0908,1.469,1.0
2025-10-26T10:00:00.0,113.7044,1.8318,111.8726,5.0828,1.0
2025-10-26T11:00:00.0,106.0622,0.0661,105.9961,0.1554,1.0
2025-10-26T12:00:00.0,186.868,8.9985,177.8695,20.9511,1.0
2025-10-26T13:00:00.0,151.7647,2.1041,149.6606,5.4102,1.0
2025-10-26T14:00:00.0,139.5665,5.9674,133.5991,16.8085,1.0
2025-10-26T15:00:00.0,120.5214,7.2128,113.3086,34.4627,1.0
2025-10-26T16:00:00.0,55.733,9.5849,46.1481,96.6512,1.0
2025-10-26T17:00:00.0,0.9492,0.0354,0.9138,0.9301,0.9333
2025-10-26T18:00:00.0,0.0,0.0,0.0,0.0,1.0
2025-10-26T19:00:00.0,0.0,0.0,0.0,0.0,1.0
2025-10-26T20:00:00.0,0.0,0.0,0.0,0.0,1.0
2025-10-26T21:00:00.0,0.0,0.0,0.0,0.0,1.0
2025-10-26T22:00:00.0,0.0,0.0,0.0,0.0,1.0
2025-10-26T23:00:00.0,0.0,0.0,0.0,0.0,1.0
2025-10-27T00:00:00.0,0.0,0.0,0.0,0.0,1.0
2025-10-27T01:00:00.0,0.0,0.0,0.0,0.0,1.0
2025-10-27T02:00:00.0,0.0,0.0,0.0,0.0,1.0
2025-10-27T03:00:00.0,0.0,0.0,0.0,0.0,1.0
2025-10-27T04:00:00.0,0.0,0.0,0.0,0.0,1.0
2025-10-27T05:00:00.0,0.0,0.0,0.0,0.0,1.0
2025-10-27T06:00:00.0,0.0,0.0,0.0,0.0,1.0
2025-10-27T07:00:00.0,1.3514,0.0,1.3514,0.0,0.7167
2025-10-27T08:00:00.0,12.4826,0.0,12.4826,0.0,0.7167
2025-10-27T09:00:00.0,22.2741,0.0001,22.274,0.0002,1.0
2025-10-27T10:00:00.0,137.2827,7.6822,129.6006,20.6423,1.0
2025-10-27T11:00:00.0,78.8335,0.0076,78.8259,0.0182,1.0
2025-10-27T12:00:00.0,184.2156,7.154,177.0615,16.9791,1.0
2025-10-27T13:00:00.0,241.8076,47.3028,194.5049,120.1364,1.0
2025-10-27T14:00:00.0,161.4187,10.3182,151.1005,32.3771,1.0
2025-10-27T15:00:00.0,115.0204,19.3533,95.6671,105.0787,1.0
2025-10-27T16:00:00.0,55.2531,16.746,38.507,157.6969,1.0
2025-10-27T17:00:00.0,0.6537,0.0375,0.6162,0.4829,0.95
2025-10-27T18:00:00.0,0.0,0.0,0.0,0.0,1.0
2025-10-27T19:00:00.0,0.0,0.0,0.0,0.0,1.0
2025-10-27T20:00:00.0,0.0,0.0,0.0,0.0,1.0
2025-10-27T21:00:00.0,0.0,0.0,0.0,0.0,1.0
2025-10-27T22:00:00.0,0.0,0.0,0.0,0.0,1.0
2025-10-27T23:00:00.0,0.0,0.0,0.0,0.0,1.0
2025-10-28T00:00:00.0,0.0,0.0,0.0,0.0,1.0
2025-10-28T01:00:00.0,0.0,0.0,0.0,0.0,1.0
2025-10-28T02:00:00.0,0.0,0.0,0.0,0.0,1.0
2025-10-28T03:00:00.0,0.0,0.0,0.0,0.0,1.0
2025-10-28T04:00:00.0,0.0,0.0,0.0,0.0,1.0
2025-10-28T05:00:00.0,0.0,0.0,0.0,0.0,1.0
2025-10-28T06:00:00.0,0.0,0.0,0.0,0.0,1.0
2025-10-28T07:00:00.0,1.275,0.0,1.275,0.0,0.7333
2025-10-28T08:00:00.0,30.933,2.3802,28.5527,12.0919,0.7167
2025-10-28T09:00:00.0,99.0056,9.1304,89.8752,32.152,1.0
2025-10-28T10:00:00.0,194.1308,26.4624,167.6684,72.1107,1.0
2025-10-28T11:00:00.0,319.4807,164.6328,154.8479,406.2423,1.0
2025-10-28T12:00:00.0,290.9096,105.7396,185.1701,253.9174,1.0
2025-10-28T13:00:00.0,286.3301,127.8978,158.4323,323.7414,1.0
2025-10-28T14:00:00.0,243.9617,105.3821,138.5796,345.7379,1.0
2025-10-28T15:00:00.0,159.8044,68.5539,91.2505,309.8777,1.0
2025-10-28T16:00:00.0,48.4121,7.7046,40.7075,88.0732,1.0
2025-10-28T17:00:00.0,0.392,0.0145,0.3775,0.0,0.9667
2025-10-28T18:00:00.0,0.0,0.0,0.0,0.0,1.0
2025-10-28T19:00:00.0,0.0,0.0,0.0,0.0,1.0
2025-10-28T20:00:00.0,0.0,0.0,0.0,0.0,1.0
2025-10-28T21:00:00.0,0.0,0.0,0.0,0.0,1.0
2025-10-28T22:00:00.0,0.0,0.0,0.0,0.0,1.0
2025-10-28T23:00:00.0,0.0,0.0,0.0,0.0,1.0
2025-10-29T00:00:00.0,0.0,0.0,0.0,0.0,1.0
2025-10-29T01:00:00.0,0.0,0.0,0.0,0.0,1.0
2025-10-29T02:00:00.0,0.0,0.0,0.0,0.0,1.0
2025-10-29T03:00:00.0,0.0,0.0,0.0,0.0,1.0
2025-10-29T04:00:00.0,0.0,0.0,0.0,0.0,1.0
2025-10-29T05:00:00.0,0.0,0.0,0.0,0.0,1.0
2025-10-29T06:00:00.0,0.0,0.0,0.0,0.0,1.0
2025-10-29T07:00:00.0,10.1725,3.6571,6.5154,67.5478,0.75
2025-10-29T08:00:00.0,112.4977,72.6296,39.8681,489.0552,0.7167
2025-10-29T09:00:00.0,241.0703,181.5959,59.4743,694.6308,1.0
2025-10-29T10:00:00.0,342.4856,271.8393,70.6463,780.1276,1.0
2025-10-29T11:00:00.0,377.3982,278.4412,98.957,698.249,1.0
2025-10-29T12:00:00.0,417.3002,340.3157,76.9846,826.4537,1.0
2025-10-29T13:00:00.0,289.2102,167.3518,121.8584,434.1899,1.0
2025-10-29T14:00:00.0,293.9508,223.6386,70.3123,698.9739,1.0
2025-10-29T15:00:00.0,168.7178,101.0022,67.7155,492.2724,1.0
2025-10-29T16:00:00.0,53.5222,21.4931,32.029,235.2917,1.0
2025-10-29T17:00:00.0,0.2118,0.0143,0.1975,0.0,0.9833
2025-10-29T18:00:00.0,0.0,0.0,0.0,0.0,1.0
2025-10-29T19:00:00.0,0.0,0.0,0.0,0.0,1.0
2025-10-29T20:00:00.0,0.0,0.0,0.0,0.0,1.0
2025-10-29T21:00:00.0,0.0,0.0,0.0,0.0,1.0
2025-10-29T22:00:00.0,0.0,0.0,0.0,0.0,1.0
2025-10-29T23:00:00.0,0.0,0.0,0.0,0.0,1.0
2025-10-30T00:00:00.0,0.0,0.0,0.0,0.0,1.0
2025-10-30T01:00:00.0,0.0,0.0,0.0,0.0,1.0
2025-10-30T02:00:00.0,0.0,0.0,0.0,0.0,1.0
2025-10-30T03:00:00.0,0.0,0.0,0.0,0.0,1.0
2025-10-30T04:00:00.0,0.0,0.0,0.0,0.0,1.0
2025-10-30T05:00:00.0,0.0,0.0,0.0,0.0,1.0
2025-10-30T06:00:00.0,0.0,0.0,0.0,0.0,1.0
2025-10-30T07:00:00.0,0.897,0.0,0.897,0.0,0.7667
2025-10-30T08:00:00.0,11.011,0.0,11.011,0.0,0.7167
2025-10-30T09:00:00.0,19.9328,0.0,19.9328,0.0,1.0
2025-10-30T10:00:00.0,35.5496,0.0,35.5496,0.0,1.0
2025-10-30T11:00:00.0,82.5432,0.0127,82.5305,0.0317,1.0
2025-10-30T12:00:00.0,85.8779,0.0031,85.8748,0.0077,1.0
2025-10-30T13:00:00.0,88.8524,0.1461,88.7064,0.3823,1.0
2025-10-30T14:00:00.0,74.768,0.9788,73.7892,3.5486,1.0
2025-10-30T15:00:00.0,59.6255,0.3983,59.2272,1.6391,1.0
2025-10-30T16:00:00.0,20.9211,0.0737,20.8474,1.6417,1.0
2025-10-30T17:00:00.0,0.0756,0.003,0.0726,0.0,1.0
2025-10-30T18:00:00.0,0.0,0.0,0.0,0.0,1.0
2025-10-30T19:00:00.0,0.0,0.0,0.0,0.0,1.0
2025-10-30T20:00:00.0,0.0,0.0,0.0,0.0,1.0
2025-10-30T21:00:00.0,0.0,0.0,0.0,0.0,1.0
2025-10-30T22:00:00.0,0.0,0.0,0.0,0.0,1.0
2025-10-30T23:00:00.0,0.0,0.0,0.0,0.0,1.0
2025-10-31T00:00:00.0,0.0,0.0,0.0,0.0,1.0
2025-10-31T01:00:00.0,0.0,0.0,0.0,0.0,1.0
2025-10-31T02:00:00.0,0.0,0.0,0.0,0.0,1.0
2025-10-31T03:00:00.0,0.0,0.0,0.0,0.0,1.0
2025-10-31T04:00:00.0,0.0,0.0,0.0,0.0,1.0
2025-10-31T05:00:00.0,0.0,0.0,0.0,0.0,1.0
2025-10-31T06:00:00.0,0.0,0.0,0.0,0.0,1.0
2025-10-31T07:00:00.0,0.8071,0.0,0.8071,0.0,0.7833
2025-10-31T08:00:00.0,11.4927,0.0,11.4927,0.0,0.7167
2025-10-31T09:00:00.0,73.0109,3.8589,69.1521,14.675,1.0
2025-10-31T10:00:00.0,266.1365,151.6896,114.4469,454.7924,1.0
2025-10-31T11:00:00.0,286.0127,134.0099,152.0027,342.223,1.0
2025-10-31T12:00:00.0,333.5227,202.5642,130.9585,504.5849,1.0
2025-10-31T13:00:00.0,326.3824,211.396,114.9864,566.4776,1.0
2025-10-31T14:00:00.0,245.1221,128.1817,116.9404,422.5157,1.0
2025-10-31T15:00:00.0,107.3078,18.605,88.7028,76.4125,1.0
2025-10-31T16:00:00.0,40.5383,10.594,29.9443,114.5989,0.9083
2025-10-31T17:00:00.0,0.0149,0.0038,0.0111,0.0,0.9833
2025-10-31T18:00:00.0,0.0,0.0,0.0,0.0,1.0
2025-10-31T19:00:00.0,0.0,0.0,0.0,0.0,1.0
2025-10-31T20:00:00.0,0.0,0.0,0.0,0.0,1.0
2025-10-31T21:00:00.0,0.0,0.0,0.0,0.0,1.0
2025-10-31T22:00:00.0,0.0,0.0,0.0,0.0,1.0
2025-10-31T23:00:00.0,0.0,0.0,0.0,0.0,1.0
2025-11-01T00:00:00.0,0.0,0.0,0.0,0.0,1.0
2025-11-01T01:00:00.0,0.0,0.0,0.0,0.0,1.0
2025-11-01T02:00:00.0,0.0,0.0,0.0,0.0,1.0
2025-11-01T03:00:00.0,0.0,0.0,0.0,0.0,1.0
2025-11-01T04:00:00.0,0.0,0.0,0.0,0.0,1.0
2025-11-01T05:00:00.0,0.0,0.0,0.0,0.0,1.0
2025-11-01T06:00:00.0,0.0,0.0,0.0,0.0,1.0
2025-11-01T07:00:00.0,5.7196,0.8585,4.8611,17.8314,0.7917
2025-11-01T08:00:00.0,91.0114,42.5416,48.4698,308.8723,0.7167
2025-11-01T09:00:00.0,100.7991,10.2022,90.5969,48.3386,1.0
2025-11-01T10:00:00.0,214.5671,59.3912,155.1759,170.1994,1.0
2025-11-01T11:00:00.0,364.7706,269.8696,94.9009,698.8424,1.0
2025-11-01T12:00:00.0,391.3156,308.8636,82.452,778.9265,1.0
2025-11-01T13:00:00.0,347.3567,260.8027,86.554,710.8065,1.0
2025-11-01T14:00:00.0,266.9893,190.4075,76.5818,618.0203,1.0
2025-11-01T15:00:00.0,163.0313,103.3465,59.6848,517.7321,1.0
2025-11-01T16:00:00.0,44.1256,17.8869,26.2387,176.8716,0.9167
2025-11-01T17:00:00.0,0.0,0.0,0.0,0.0,1.0
2025-11-01T18:00:00.0,0.0,0.0,0.0,0.0,1.0
2025-11-01T19:00:00.0,0.0,0.0,0.0,0.0,1.0
2025-11-01T20:00:00.0,0.0,0.0,0.0,0.0,1.0
2025-11-01T21:00:00.0,0.0,0.0,0.0,0.0,1.0
2025-11-01T22:00:00.0,0.0,0.0,0.0,0.0,1.0
2025-11-01T23:00:00.0,0.0,0.0,0.0,0.0,1.0
2025-11-02T00:00:00.0,0.0,0.0,0.0,0.0,1.0
2025-11-02T01:00:00.0,0.0,0.0,0.0,0.0,1.0
2025-11-02T02:00:00.0,0.0,0.0,0.0,0.0,1.0
2025-11-02T03:00:00.0,0.0,0.0,0.0,0.0,1.0
2025-11-02T04:00:00.0,0.0,0.0,0.0,0.0,1.0
2025-11-02T05:00:00.0,0.0,0.0,0.0,0.0,1.0
2025-11-02T06:00:00.0,0.0,0.0,0.0,0.0,1.0
2025-11-02T07:00:00.0,2.5444,0.0002,2.5443,0.0036,0.8083
2025-11-02T08:00:00.0,59.1858,16.8079,42.3779,96.9146,0.7167
2025-11-02T09:00:00.0,187.553,101.7018,85.8513,424.0395,1.0
2025-11-02T10:00:00.0,233.725,120.2818,113.4432,382.6941,1.0
2025-11-02T11:00:00.0,328.8654,185.7844,143.081,487.8851,1.0
2025-11-02T12:00:00.0,185.5062,40.17,145.3362,102.1474,1.0
2025-11-02T13:00:00.0,131.1289,1.2456,129.8832,3.559,1.0
2025-11-02T14:00:00.0,162.4258,53.0155,109.4103,177.0859,1.0
2025-11-02T15:00:00.0,93.0841,16.0335,77.0506,96.5588,1.0
2025-11-02T16:00:00.0,35.9264,8.8495,27.0769,95.5994,0.925
2025-11-02T17:00:00.0,0.0,0.0,0.0,0.0,1.0
2025-11-02T18:00:00.0,0.0,0.0,0.0,0.0,1.0
2025-11-02T19:00:00.0,0.0,0.0,0.0,0.0,1.0
2025-11-02T20:00:00.0,0.0,0.0,0.0,0.0,1.0
2025-11-02T21:00:00.0,0.0,0.0,0.0,0.0,1.0
2025-11-02T22:00:00.0,0.0,0.0,0.0,0.0,1.0
2025-11-02T23:00:00.0,0.0,0.0,0.0,0.0,1.0
2025-11-03T00:00:00.0,0.0,0.0,0.0,0.0,1.0
2025-11-03T01:00:00.0,0.0,0.0,0.0,0.0,1.0
2025-11-03T02:00:00.0,0.0,0.0,0.0,0.0,1.0
2025-11-03T03:00:00.0,0.0,0.0,0.0,0.0,1.0
2025-11-03T04:00:00.0,0.0,0.0,0.0,0.0,1.0
2025-11-03T05:00:00.0,0.0,0.0,0.0,0.0,1.0
2025-11-03T06:00:00.0,0.0,0.0,0.0,0.0,1.0
2025-11-03T07:00:00.0,0.5157,0.0,0.5157,0.0,0.825
2025-11-03T08:00:00.0,10.3673,0.0,10.3673,0.0,0.7167
2025-11-03T09:00:00.0,19.4618,0.0,19.4618,0.0,1.0
2025-11-03T10:00:00.0,29.0358,0.0,29.0358,0.0,1.0
2025-11-03T11:00:00.0,56.98,0.0048,56.9752,0.0124,1.0
2025-11-03T12:00:00.0,72.3957,0.0039,72.3917,0.0101,1.0
2025-11-03T13:00:00.0,121.4426,58.658,62.7846,168.038,1.0
2025-11-03T14:00:00.0,82.694,26.7963,55.8977,104.6443,1.0
2025-11-03T15:00:00.0,65.0431,19.357,45.6861,107.7527,1.0
2025-11-03T16:00:00.0,32.007,7.4572,24.5497,86.9459,0.9333
2025-11-03T17:00:00.0,0.0,0.0,0.0,0.0,1.0
2025-11-03T18:00:00.0,0.0,0.0,0.0,0.0,1.0
2025-11-03T19:00:00.0,0.0,0.0,0.0,0.0,1.0
2025-11-03T20:00:00.0,0.0,0.0,0.0,0.0,1.0
2025-11-03T21:00:00.0,0.0,0.0,0.0,0.0,1.0
2025-11-03T22:00:00.0,0.0,0.0,0.0,0.0,1.0
2025-11-03T23:00:00.0,0.0,0.0,0.0,0.0,1.0
2025-11-04T00:00:00.0,0.0,0.0,0.0,0.0,1.0
2025-11-04T01:00:00.0,0.0,0.0,0.0,0.0,1.0
2025-11-04T02:00:00.0,0.0,0.0,0.0,0.0,1.0
2025-11-04T03:00:00.0,0.0,0.0,0.0,0.0,1.0
2025-11-04T04:00:00.0,0.0,0.0,0.0,0.0,1.0
2025-11-04T05:00:00.0,0.0,0.0,0.0,0.0,1.0
2025-11-04T06:00:00.0,0.0,0.0,0.0,0.0,1.0
2025-11-04T07:00:00.0,0.3744,0.0,0.3744,0.0,0.8417
2025-11-04T08:00:00.0,9.0734,0.0,9.0734,0.0,0.5917
2025-11-04T09:00:00.0,19.5818,0.0,19.5818,0.0,1.0
2025-11-04T10:00:00.0,53.0418,0.0,53.0417,0.0001,1.0
2025-11-04T11:00:00.0,79.2555,0.0021,79.2535,0.0054,1.0
2025-11-04T12:00:00.0,102.6861,0.0209,102.6652,0.0546,1.0
2025-11-04T13:00:00.0,73.3974,0.0009,73.3965,0.0025,1.0
2025-11-04T14:00:00.0,52.0904,0.0332,52.0572,0.1369,1.0
2025-11-04T15:00:00.0,86.2815,29.5508,56.7307,190.0644,1.0
2025-11-04T16:00:00.0,33.7123,14.2471,19.4652,162.3899,0.95
2025-11-04T17:00:00.0,0.0,0.0,0.0,0.0,1.0
2025-11-04T18:00:00.0,0.0,0.0,0.0,0.0,1.0
2025-11-04T19:00:00.0,0.0,0.0,0.0,0.0,1.0
2025-11-04T20:00:00.0,0.0,0.0,0.0,0.0,1.0
2025-11-04T21:00:00.0,0.0,0.0,0.0,0.0,1.0
2025-11-04T22:00:00.0,0.0,0.0,0.0,0.0,1.0
2025-11-04T23:00:00.0,0.0,0.0,0.0,0.0,1.0
2025-11-05T00:00:00.0,0.0,0.0,0.0,0.0,1.0
2025-11-05T01:00:00.0,0.0,0.0,0.0,0.0,1.0
2025-11-05T02:00:00.0,0.0,0.0,0.0,0.0,1.0
2025-11-05T03:00:00.0,0.0,0.0,0.0,0.0,1.0
2025-11-05T04:00:00.0,0.0,0.0,0.0,0.0,1.0
2025-11-05T05:00:00.0,0.0,0.0,0.0,0.0,1.0
2025-11-05T06:00:00.0,0.0,0.0,0.0,0.0,1.0
2025-11-05T07:00:00.0,0.3075,0.0,0.3075,0.0,0.8583
2025-11-05T08:00:00.0,9.3253,0.0006,9.3247,0.0037,0.5917
2025-11-05T09:00:00.0,77.8597,0.1323,77.7274,0.5769,1.0
2025-11-05T10:00:00.0,37.2914,0.0,37.2914,0.0,1.0
2025-11-05T11:00:00.0,86.2158,4.501,81.7148,12.1173,1.0
2025-11-05T12:00:00.0,101.6847,0.0446,101.6401,0.1184,1.0
2025-11-05T13:00:00.0,142.4863,3.085,139.4013,9.0295,1.0
2025-11-05T14:00:00.0,125.7223,26.4911,99.2312,106.4256,1.0
2025-11-05T15:00:00.0,124.7758,54.4006,70.3752,301.5395,1.0
2025-11-05T16:00:00.0,29.4423,10.0144,19.428,121.4977,0.9667
2025-11-05T17:00:00.0,0.0,0.0,0.0,0.0,1.0
2025-11-05T18:00:00.0,0.0,0.0,0.0,0.0,1.0
2025-11-05T19:00:00.0,0.0,0.0,0.0,0.0,1.0
2025-11-05T20:00:00.0,0.0,0.0,0.0,0.0,1.0
2025-11-05T21:00:00.0,0.0,0.0,0.0,0.0,1.0
2025-11-05T22:00:00.0,0.0,0.0,0.0,0.0,1.0
2025-11-05T23:00:00.0,0.0,0.0,0.0,0.0,1.0
2025-11-06T00:00:00.0,0.0,0.0,0.0,0.0,1.0
2025-11-06T01:00:00.0,0.0,0.0,0.0,0.0,1.0
2025-11-06T02:00:00.0,0.0,0.0,0.0,0.0,1.0
2025-11-06T03:00:00.0,0.0,0.0,0.0,0.0,1.0
2025-11-06T04:00:00.0,0.0,0.0,0.0,0.0,1.0
2025-11-06T05:00:00.0,0.0,0.0,0.0,0.0,1.0
2025-11-06T06:00:00.0,0.0,0.0,0.0,0.0,1.0
2025-11-06T07:00:00.0,0.2273,0.0,0.2273,0.0,0.875
2025-11-06T08:00:00.0,8.0655,0.0,8.0655,0.0,0.5917
2025-11-06T09:00:00.0,18.2376,0.0,18.2376,0.0,1.0
2025-11-06T10:00:00.0,46.8215,0.0022,46.8193,0.0065,1.0
2025-11-06T11:00:00.0,106.6713,0.1328,106.5385,0.3629,1.0
2025-11-06T12:00:00.0,113.3051,0.2145,113.0906,0.5752,1.0
2025-11-06T13:00:00.0,52.5064,0.0061,52.5003,0.0188,1.0
2025-11-06T14:00:00.0,70.3239,0.0116,70.3123,0.0432,1.0
2025-11-06T15:00:00.0,69.4908,11.5862,57.9045,74.724,1.0
2025-11-06T16:00:00.0,23.1647,2.7665,20.3982,37.1252,0.9833
2025-11-06T17:00:00.0,0.0,0.0,0.0,0.0,1.0
2025-11-06T18:00:00.0,0.0,0.0,0.0,0.0,1.0
2025-11-06T19:00:00.0,0.0,0.0,0.0,0.0,1.0
2025-11-06T20:00:00.0,0.0,0.0,0.0,0.0,1.0
2025-11-06T21:00:00.0,0.0,0.0,0.0,0.0,1.0
2025-11-06T22:00:00.0,0.0,0.0,0.0,0.0,1.0
2025-11-06T23:00:00.0,0.0,0.0,0.0,0.0,1.0
2025-11-07T00:00:00.0,0.0,0.0,0.0,0.0,1.0
2025-11-07T01:00:00.0,0.0,0.0,0.0,0.0,1.0
2025-11-07T02:00:00.0,0.0,0.0,0.0,0.0,1.0
2025-11-07T03:00:00.0,0.0,0.0,0.0,0.0,1.0
2025-11-07T04:00:00.0,0.0,0.0,0.0,0.0,1.0
2025-11-07T05:00:00.0,0.0,0.0,0.0,0.0,1.0
2025-11-07T06:00:00.0,0.0,0.0,0.0,0.0,1.0
2025-11-07T07:00:00.0,0.1975,0.0,0.1975,0.0,0.8833
2025-11-07T08:00:00.0,8.6161,0.0,8.6161,0.0,0.5917
2025-11-07T09:00:00.0,41.6177,0.3736,41.2441,1.7615,1.0
2025-11-07T10:00:00.0,68.3054,2.7328,65.5725,9.0773,1.0
2025-11-07T11:00:00.0,145.4046,8.8797,136.525,24.5019,1.0
2025-11-07T12:00:00.0,317.791,227.1105,90.6805,620.0651,1.0
2025-11-07T13:00:00.0,235.7402,114.0435,121.6968,328.9077,1.0
2025-11-07T14:00:00.0,82.4364,0.6766,81.7598,2.5174,1.0
2025-11-07T15:00:00.0,90.438,54.6537,35.7843,348.728,1.0
2025-11-07T16:00:00.0,27.9682,12.291,15.6772,154.5092,0.8667
2025-11-07T17:00:00.0,0.0,0.0,0.0,0.0,1.0
2025-11-07T18:00:00.0,0.0,0.0,0.0,0.0,1.0
2025-11-07T19:00:00.0,0.0,0.0,0.0,0.0,1.0
2025-11-07T20:00:00.0,0.0,0.0,0.0,0.0,1.0
2025-11-07T21:00:00.0,0.0,0.0,0.0,0.0,1.0
2025-11-07T22:00:00.0,0.0,0.0,0.0,0.0,1.0
2025-11-07T23:00:00.0,0.0,0.0,0.0,0.0,1.0
2025-11-08T00:00:00.0,0.0,0.0,0.0,0.0,1.0
2025-11-08T01:00:00.0,0.0,0.0,0.0,0.0,1.0
2025-11-08T02:00:00.0,0.0,0.0,0.0,0.0,1.0
2025-11-08T03:00:00.0,0.0,0.0,0.0,0.0,1.0
2025-11-08T04:00:00.0,0.0,0.0,0.0,0.0,1.0
2025-11-08T05:00:00.0,0.0,0.0,0.0,0.0,1.0
2025-11-08T06:00:00.0,0.0,0.0,0.0,0.0,1.0
2025-11-08T07:00:00.0,0.9686,0.0186,0.95,0.5257,0.9
2025-11-08T08:00:00.0,54.6351,8.8023,45.8328,79.7807,0.5917
2025-11-08T09:00:00.0,117.4405,7.7532,109.6873,37.5454,1.0
2025-11-08T10:00:00.0,122.7692,4.3969,118.3723,15.3029,1.0
2025-11-08T11:00:00.0,183.401,25.452,157.949,71.2728,1.0
2025-11-08T12:00:00.0,310.9085,188.0038,122.9047,520.1916,1.0
2025-11-08T13:00:00.0,111.4638,18.1358,93.3281,51.4312,1.0
2025-11-08T14:00:00.0,114.3109,57.9573,56.3536,236.9966,1.0
2025-11-08T15:00:00.0,105.0989,43.7598,61.339,268.7893,1.0
2025-11-08T16:00:00.0,20.846,2.7668,18.0792,36.3134,0.8917
2025-11-08T17:00:00.0,0.0,0.0,0.0,0.0,1.0
2025-11-08T18:00:00.0,0.0,0.0,0.0,0.0,1.0
2025-11-08T19:00:00.0,0.0,0.0,0.0,0.0,1.0
2025-11-08T20:00:00.0,0.0,0.0,0.0,0.0,1.0
2025-11-08T21:00:00.0,0.0,0.0,0.0,0.0,1.0
2025-11-08T22:00:00.0,0.0,0.0,0.0,0.0,1.0
2025-11-08T23:00:00.0,0.0,0.0,0.0,0.0,1.0
2025-11-09T00:00:00.0,0.0,0.0,0.0,0.0,1.0
2025-11-09T01:00:00.0,0.0,0.0,0.0,0.0,1.0
2025-11-09T02:00:00.0,0.0,0.0,0.0,0.0,1.0
2025-11-09T03:00:00.0,0.0,0.0,0.0,0.0,1.0
2025-11-09T04:00:00.0,0.0,0.0,0.0,0.0,1.0
2025-11-09T05:00:00.0,0.0,0.0,0.0,0.0,1.0
2025-11-09T06:00:00.0,0.0,0.0,0.0,0.0,1.0
2025-11-09T07:00:00.0,0.254,0.0,0.254,0.0,0.9167
2025-11-09T08:00:00.0,19.1686,0.0,19.1686,0.0,0.5917
2025-11-09T09:00:00.0,121.3435,38.3526,82.9909,168.9675,1.0
2025-11-09T10:00:00.0,204.5081,56.7359,147.7722,184.5716,1.0
2025-11-09T11:00:00.0,213.3501,38.1717,175.1784,110.7322,1.0
2025-11-09T12:00:00.0,165.6815,7.5056,158.1759,21.1883,1.0
2025-11-09T13:00:00.0,191.0297,15.385,175.6447,46.3134,1.0
2025-11-09T14:00:00.0,136.8416,6.4978,130.3438,23.9392,1.0
2025-11-09T15:00:00.0,86.5136,13.6778,72.8358,105.7194,1.0
2025-11-09T16:00:00.0,22.482,7.8822,14.5998,104.7028,0.9
2025-11-09T17:00:00.0,0.0,0.0,0.0,0.0,1.0
2025-11-09T18:00:00.0,0.0,0.0,0.0,0.0,1.0
2025-11-09T19:00:00.0,0.0,0.0,0.0,0.0,1.0
2025-11-09T20:00:00.0,0.0,0.0,0.0,0.0,1.0
2025-11-09T21:00:00.0,0.0,0.0,0.0,0.0,1.0
2025-11-09T22:00:00.0,0.0,0.0,0.0,0.0,1.0
2025-11-09T23:00:00.0,0.0,0.0,0.0,0.0,1.0
2025-11-10T00:00:00.0,0.0,0.0,0.0,0.0,1.0
2025-11-10T01:00:00.0,0.0,0.0,0.0,0.0,1.0
2025-11-10T02:00:00.0,0.0,0.0,0.0,0.0,1.0
2025-11-10T03:00:00.0,0.0,0.0,0.0,0.0,1.0
2025-11-10T04:00:00.0,0.0,0.0,0.0,0.0,1.0
2025-11-10T05:00:00.0,0.0,0.0,0.0,0.0,1.0
2025-11-10T06:00:00.0,0.0,0.0,0.0,0.0,1.0
2025-11-10T07:00:00.0,0.0717,0.0,0.0717,0.0,0.9333
2025-11-10T08:00:00.0,8.0551,0.0,8.0551,0.0,0.5917
2025-11-10T09:00:00.0,107.4437,63.2768,44.1669,273.1095,1.0
2025-11-10T10:00:00.0,216.0916,106.1533,109.9382,360.0475,1.0
2025-11-10T11:00:00.0,290.6019,193.4004,97.2015,565.5649,1.0
2025-11-10T12:00:00.0,185.8447,102.9039,82.9408,290.8332,1.0
2025-11-10T13:00:00.0,292.5063,206.4822,86.0241,632.349,1.0
2025-11-10T14:00:00.0,132.1335,49.4466,82.6869,199.4905,1.0
2025-11-10T15:00:00.0,121.5394,81.3893,40.1501,512.491,1.0
2025-11-10T16:00:00.0,22.4789,11.1655,11.3134,162.5306,0.9083
2025-11-10T17:00:00.0,0.0,0.0,0.0,0.0,1.0
2025-11-10T18:00:00.0,0.0,0.0,0.0,0.0,1.0
2025-11-10T19:00:00.0,0.0,0.0,0.0,0.0,1.0
2025-11-10T20:00:00.0,0.0,0.0,0.0,0.0,1.0
2025-11-10T21:00:00.0,0.0,0.0,0.0,0.0,1.0
2025-11-10T22:00:00.0,0.0,0.0,0.0,0.0,1.0
2025-11-10T23:00:00.0,0.0,0.0,0.0,0.0,1.0
2025-11-11T00:00:00.0,0.0,0.0,0.0,0.0,1.0
2025-11-11T01:00:00.0,0.0,0.0,0.0,0.0,1.0
2025-11-11T02:00:00.0,0.0,0.0,0.0,0.0,1.0
2025-11-11T03:00:00.0,0.0,0.0,0.0,0.0,1.0
2025-11-11T04:00:00.0,0.0,0.0,0.0,0.0,1.0
2025-11-11T05:00:00.0,0.0,0.0,0.0,0.0,1.0
2025-11-11T06:00:00.0,0.0,0.0,0.0,0.0,1.0
2025-11-11T07:00:00.0,0.0352,0.0,0.0352,0.0,0.95
2025-11-11T08:00:00.0,5.7966,0.0,5.7966,0.0,0.5
2025-11-11T09:00:00.0,16.7863,0.0,16.7863,0.0,0.9667
2025-11-11T10:00:00.0,22.4782,0.0,22.4782,0.0,1.0
2025-11-11T11:00:00.0,44.2672,0.2732,43.994,0.786,0.9083
2025-11-11T12:00:00.0,103.8257,4.6779,99.1478,13.4579,0.5
2025-11-11T13:00:00.0,137.8463,9.3533,128.493,29.3696,0.5
2025-11-11T14:00:00.0,145.5758,25.9303,119.6455,108.8835,0.8417
2025-11-11T15:00:00.0,110.15,53.4151,56.7349,355.4867,1.0
2025-11-11T16:00:00.0,19.4714,6.9039,12.5675,99.1869,0.925
2025-11-11T17:00:00.0,0.0,0.0,0.0,0.0,1.0
2025-11-11T18:00:00.0,0.0,0.0,0.0,0.0,1.0
2025-11-11T19:00:00.0,0.0,0.0,0.0,0.0,1.0
2025-11-11T20:00:00.0,0.0,0.0,0.0,0.0,1.0
2025-11-11T21:00:00.0,0.0,0.0,0.0,0.0,1.0
2025-11-11T22:00:00.0,0.0,0.0,0.0,0.0,1.0
2025-11-11T23:00:00.0,0.0,0.0,0.0,0.0,1.0
2025-11-12T00:00:00.0,0.0,0.0,0.0,0.0,1.0
2025-11-12T01:00:00.0,0.0,0.0,0.0,0.0,1.0
2025-11-12T02:00:00.0,0.0,0.0,0.0,0.0,1.0
2025-11-12T03:00:00.0,0.0,0.0,0.0,0.0,1.0
2025-11-12T04:00:00.0,0.0,0.0,0.0,0.0,1.0
2025-11-12T05:00:00.0,0.0,0.0,0.0,0.0,1.0
2025-11-12T06:00:00.0,0.0,0.0,0.0,0.0,1.0
2025-11-12T07:00:00.0,0.021,0.0,0.021,0.0,0.9583
2025-11-12T08:00:00.0,5.9789,0.0,5.9789,0.0,0.5
2025-11-12T09:00:00.0,17.8448,0.0032,17.8416,0.0134,0.9667
2025-11-12T10:00:00.0,49.5988,0.1242,49.4746,0.4784,1.0
2025-11-12T11:00:00.0,57.6179,0.0001,57.6179,0.0002,1.0
2025-11-12T12:00:00.0,33.0431,0.0,33.0431,0.0,1.0
2025-11-12T13:00:00.0,54.0508,0.0001,54.0508,0.0002,1.0
2025-11-12T14:00:00.0,74.2978,0.2484,74.0494,1.0664,1.0
2025-11-12T15:00:00.0,48.9969,0.5341,48.4628,2.8745,1.0
2025-11-12T16:00:00.0,9.3557,0.0011,9.3546,0.016,0.9333
2025-11-12T17:00:00.0,0.0,0.0,0.0,0.0,1.0
2025-11-12T18:00:00.0,0.0,0.0,0.0,0.0,1.0
2025-11-12T19:00:00.0,0.0,0.0,0.0,0.0,1.0
2025-11-12T20:00:00.0,0.0,0.0,0.0,0.0,1.0
2025-11-12T21:00:00.0,0.0,0.0,0.0,0.0,1.0
2025-11-12T22:00:00.0,0.0,0.0,0.0,0.0,1.0
2025-11-12T23:00:00.0,0.0,0.0,0.0,0.0,1.0
2025-11-13T00:00:00.0,0.0,0.0,0.0,0.0,1.0
2025-11-13T01:00:00.0,0.0,0.0,0.0,0.0,1.0
2025-11-13T02:00:00.0,0.0,0.0,0.0,0.0,1.0
2025-11-13T03:00:00.0,0.0,0.0,0.0,0.0,1.0
2025-11-13T04:00:00.0,0.0,0.0,0.0,0.0,1.0
2025-11-13T05:00:00.0,0.0,0.0,0.0,0.0,1.0
2025-11-13T06:00:00.0,0.0,0.0,0.0,0.0,1.0
2025-11-13T07:00:00.0,0.0393,0.0,0.0393,0.0,0.975
2025-11-13T08:00:00.0,25.8451,0.0053,25.8398,0.0532,0.5
2025-11-13T09:00:00.0,38.6536,0.2465,38.4071,1.0537,0.9667
2025-11-13T10:00:00.0,188.5135,97.6576,90.8558,335.237,1.0
2025-11-13T11:00:00.0,311.8746,241.2464,70.6282,735.9563,1.0
2025-11-13T12:00:00.0,281.0482,174.3795,106.6687,511.5366,1.0
2025-11-13T13:00:00.0,228.0554,92.0487,136.0067,292.6537,1.0
2025-11-13T14:00:00.0,168.8566,50.3587,118.4979,213.1609,1.0
2025-11-13T15:00:00.0,83.8826,8.9106,74.972,52.8339,1.0
2025-11-13T16:00:00.0,13.2702,0.6017,12.6684,11.9979,0.95
2025-11-13T17:00:00.0,0.0,0.0,0.0,0.0,1.0
2025-11-13T18:00:00.0,0.0,0.0,0.0,0.0,1.0
2025-11-13T19:00:00.0,0.0,0.0,0.0,0.0,1.0
2025-11-13T20:00:00.0,0.0,0.0,0.0,0.0,1.0
2025-11-13T21:00:00.0,0.0,0.0,0.0,0.0,1.0
2025-11-13T22:00:00.0,0.0,0.0,0.0,0.0,1.0
2025-11-13T23:00:00.0,0.0,0.0,0.0,0.0,1.0
2025-11-14T00:00:00.0,0.0,0.0,0.0,0.0,1.0
2025-11-14T01:00:00.0,0.0,0.0,0.0,0.0,1.0
2025-11-14T02:00:00.0,0.0,0.0,0.0,0.0,1.0
2025-11-14T03:00:00.0,0.0,0.0,0.0,0.0,1.0
2025-11-14T04:00:00.0,0.0,0.0,0.0,0.0,1.0
2025-11-14T05:00:00.0,0.0,0.0,0.0,0.0,1.0
2025-11-14T06:00:00.0,0.0,0.0,0.0,0.0,1.0
2025-11-14T07:00:00.0,0.0016,0.0,0.0016,0.0,0.9917
2025-11-14T08:00:00.0,5.3104,0.0,5.3104,0.0,0.5
2025-11-14T09:00:00.0,16.4642,0.0,16.4642,0.0,0.9667
2025-11-14T10:00:00.0,22.047,0.0,22.047,0.0,1.0
2025-11-14T11:00:00.0,24.9241,0.0,24.9241,0.0,1.0
2025-11-14T12:00:00.0,67.3777,0.0191,67.3585,0.0568,1.0
2025-11-14T13:00:00.0,51.6327,0.0,51.6327,0.0,1.0
2025-11-14T14:00:00.0,42.8277,0.0,42.8276,0.0001,1.0
2025-11-14T15:00:00.0,63.8447,8.9218,54.9229,86.9254,1.0
2025-11-14T16:00:00.0,15.0333,7.2416,7.7917,121.2932,0.9583
2025-11-14T17:00:00.0,0.0,0.0,0.0,0.0,1.0
2025-11-14T18:00:00.0,0.0,0.0,0.0,0.0,1.0
2025-11-14T19:00:00.0,0.0,0.0,0.0,0.0,1.0
2025-11-14T20:00:00.0,0.0,0.0,0.0,0.0,1.0
2025-11-14T21:00:00.0,0.0,0.0,0.0,0.0,1.0
2025-11-14T22:00:00.0,0.0,0.0,0.0,0.0,1.0
2025-11-14T23:00:00.0,0.0,0.0,0.0,0.0,1.0
2025-11-15T00:00:00.0,0.0,0.0,0.0,0.0,1.0
2025-11-15T01:00:00.0,0.0,0.0,0.0,0.0,1.0
2025-11-15T02:00:00.0,0.0,0.0,0.0,0.0,1.0
2025-11-15T03:00:00.0,0.0,0.0,0.0,0.0,1.0
2025-11-15T04:00:00.0,0.0,0.0,0.0,0.0,1.0
2025-11-15T05:00:00.0,0.0,0.0,0.0,0.0,1.0
2025-11-15T06:00:00.0,0.0,0.0,0.0,0.0,1.0
2025-11-15T07:00:00.0,0.0,0.0,0.0,0.0,1.0
2025-11-15T08:00:00.0,5.0961,0.0,5.0961,0.0,0.5083
2025-11-15T09:00:00.0,16.0759,0.0,16.0759,0.0,0.9667
2025-11-15T10:00:00.0,58.2963,0.6061,57.6902,2.1502,1.0
2025-11-15T11:00:00.0,69.6018,0.0799,69.522,0.2419,1.0
2025-11-15T12:00:00.0,111.5087,0.5019,111.0069,1.5105,1.0
2025-11-15T13:00:00.0,73.7435,1.5915,72.152,5.0081,1.0
2025-11-15T14:00:00.0,21.6111,0.0001,21.6109,0.0005,1.0
2025-11-15T15:00:00.0,14.9126,0.0,14.9126,0.0,1.0
2025-11-15T16:00:00.0,5.1223,0.0,5.1223,0.0,0.8583
2025-11-15T17:00:00.0,0.0,0.0,0.0,0.0,1.0
2025-11-15T18:00:00.0,0.0,0.0,0.0,0.0,1.0
2025-11-15T19:00:00.0,0.0,0.0,0.0,0.0,1.0
2025-11-15T20:00:00.0,0.0,0.0,0.0,0.0,1.0
2025-11-15T21:00:00.0,0.0,0.0,0.0,0.0,1.0
2025-11-15T22:00:00.0,0.0,0.0,0.0,0.0,1.0
2025-11-15T23:00:00.0,0.0,0.0,0.0,0.0,1.0
2025-11-16T00:00:00.0,0.0,0.0,0.0,0.0,1.0
2025-11-16T01:00:00.0,0.0,0.0,0.0,0.0,1.0
2025-11-16T02:00:00.0,0.0,0.0,0.0,0.0,1.0
2025-11-16T03:00:00.0,0.0,0.0,0.0,0.0,1.0
2025-11-16T04:00:00.0,0.0,0.0,0.0,0.0,1.0
2025-11-16T05:00:00.0,0.0,0.0,0.0,0.0,1.0
2025-11-16T06:00:00.0,0.0,0.0,0.0,0.0,1.0
2025-11-16T07:00:00.0,0.0,0.0,0.0,0.0,1.0
2025-11-16T08:00:00.0,4.6388,0.0,4.6388,0.0,0.5167
2025-11-16T09:00:00.0,17.6675,0.0,17.6675,0.0,0.9667
2025-11-16T10:00:00.0,82.3242,0.3275,81.9967,1.2512,1.0
2025-11-16T11:00:00.0,102.7478,0.1855,102.5623,0.5779,1.0
2025-11-16T12:00:00.0,147.0012,2.8796,144.1216,8.8361,1.0
2025-11-16T13:00:00.0,129.2157,1.4987,127.7169,4.8875,1.0
2025-11-16T14:00:00.0,69.3557,0.1053,69.2503,0.4793,1.0
2025-11-16T15:00:00.0,85.3146,38.237,47.0776,310.7285,1.0
2025-11-16T16:00:00.0,12.6397,4.9977,7.642,89.2988,0.8583
2025-11-16T17:00:00.0,0.0,0.0,0.0,0.0,1.0
2025-11-16T18:00:00.0,0.0,0.0,0.0,0.0,1.0
2025-11-16T19:00:00.0,0.0,0.0,0.0,0.0,1.0
2025-11-16T20:00:00.0,0.0,0.0,0.0,0.0,1.0
2025-11-16T21:00:00.0,0.0,0.0,0.0,0.0,1.0
2025-11-16T22:00:00.0,0.0,0.0,0.0,0.0,1.0
2025-11-16T23:00:00.0,0.0,0.0,0.0,0.0,1.0
2025-11-17T00:00:00.0,0.0,0.0,0.0,0.0,1.0
2025-11-17T01:00:00.0,0.0,0.0,0.0,0.0,1.0
2025-11-17T02:00:00.0,0.0,0.0,0.0,0.0,1.0
2025-11-17T03:00:00.0,0.0,0.0,0.0,0.0,1.0
2025-11-17T04:00:00.0,0.0,0.0,0.0,0.0,1.0
2025-11-17T05:00:00.0,0.0,0.0,0.0,0.0,1.0
2025-11-17T06:00:00.0,0.0,0.0,0.0,0.0,1.0
2025-11-17T07:00:00.0,0.0,0.0,0.0,0.0,1.0
2025-11-17T08:00:00.0,32.3963,10.2959,22.1004,128.2321,0.5333
2025-11-17T09:00:00.0,128.5363,68.648,59.8883,380.6261,0.9667
2025-11-17T10:00:00.0,232.9572,174.2561,58.7011,670.3909,1.0
2025-11-17T11:00:00.0,311.4867,261.9331,49.5536,842.7075,1.0
2025-11-17T12:00:00.0,326.2135,275.5428,50.6707,852.4993,1.0
2025-11-17T13:00:00.0,293.0627,243.066,49.9967,820.1334,1.0
2025-11-17T14:00:00.0,216.7958,171.7107,45.0852,738.8618,1.0
2025-11-17T15:00:00.0,108.8237,76.6738,32.1499,556.381,1.0
2025-11-17T16:00:00.0,12.5352,6.0972,6.438,114.6276,0.8667
2025-11-17T17:00:00.0,0.0,0.0,0.0,0.0,1.0
2025-11-17T18:00:00.0,0.0,0.0,0.0,0.0,1.0
2025-11-17T19:00:00.0,0.0,0.0,0.0,0.0,1.0
2025-11-17T20:00:00.0,0.0,0.0,0.0,0.0,1.0
2025-11-17T21:00:00.0,0.0,0.0,0.0,0.0,1.0
2025-11-17T22:00:00.0,0.0,0.0,0.0,0.0,1.0
2025-11-17T23:00:00.0,0.0,0.0,0.0,0.0,1.0
2025-11-18T00:00:00.0,0.0,0.0,0.0,0.0,1.0
2025-11-18T01:00:00.0,0.0,0.0,0.0,0.0,1.0
2025-11-18T02:00:00.0,0.0,0.0,0.0,0.0,1.0
2025-11-18T03:00:00.0,0.0,0.0,0.0,0.0,1.0
2025-11-18T04:00:00.0,0.0,0.0,0.0,0.0,1.0
2025-11-18T05:00:00.0,0.0,0.0,0.0,0.0,1.0
2025-11-18T06:00:00.0,0.0,0.0,0.0,0.0,1.0
2025-11-18T07:00:00.0,0.0,0.0,0.0,0.0,1.0
2025-11-18T08:00:00.0,4.5491,0.0,4.5491,0.0,0.55
2025-11-18T09:00:00.0,63.3027,8.6456,54.6571,44.1591,0.9667
2025-11-18T10:00:00.0,110.7561,6.6137,104.1423,25.3545,1.0
2025-11-18T11:00:00.0,215.5915,84.2993,131.2922,269.9112,1.0
2025-11-18T12:00:00.0,265.1133,158.797,106.3163,496.5078,1.0
2025-11-18T13:00:00.0,247.3099,155.0962,92.2136,535.0547,1.0
2025-11-18T14:00:00.0,179.1208,102.2553,76.8656,421.002,1.0
2025-11-18T15:00:00.0,92.4116,46.5982,45.8134,356.2116,1.0
2025-11-18T16:00:00.0,10.629,3.5422,7.0868,67.3272,0.8833
2025-11-18T17:00:00.0,0.0,0.0,0.0,0.0,1.0
2025-11-18T18:00:00.0,0.0,0.0,0.0,0.0,1.0
2025-11-18T19:00:00.0,0.0,0.0,0.0,0.0,1.0
2025-11-18T20:00:00.0,0.0,0.0,0.0,0.0,1.0
2025-11-18T21:00:00.0,0.0,0.0,0.0,0.0,1.0
2025-11-18T22:00:00.0,0.0,0.0,0.0,0.0,1.0
2025-11-18T23:00:00.0,0.0,0.0,0.0,0.0,1.0
2025-11-19T00:00:00.0,0.0,0.0,0.0,0.0,1.0
2025-11-19T01:00:00.0,0.0,0.0,0.0,0.0,1.0
2025-11-19T02:00:00.0,0.0,0.0,0.0,0.0,1.0
2025-11-19T03:00:00.0,0.0,0.0,0.0,0.0,1.0
2025-11-19T04:00:00.0,0.0,0.0,0.0,0.0,1.0
2025-11-19T05:00:00.0,0.0,0.0,0.0,0.0,1.0
2025-11-19T06:00:00.0,0.0,0.0,0.0,0.0,1.0
2025-11-19T07:00:00.0,0.0,0.0,0.0,0.0,1.0
2025-11-19T08:00:00.0,34.5321,19.7232,14.8089,261.6625,0.5667
2025-11-19T09:00:00.0,145.9853,106.4566,39.5286,635.5001,0.9667
2025-11-19T10:00:00.0,236.3949,179.4818,56.9131,716.6782,1.0
2025-11-19T11:00:00.0,289.663,221.1168,68.5462,727.2009,1.0
2025-11-19T12:00:00.0,293.7447,214.3772,79.3675,678.4417,1.0
2025-11-19T13:00:00.0,220.2869,103.4093,116.8776,362.4019,1.0
2025-11-19T14:00:00.0,207.0133,152.0673,54.946,676.407,1.0
2025-11-19T15:00:00.0,97.6353,56.697,40.9383,411.931,1.0
2025-11-19T16:00:00.0,9.8728,3.5025,6.3703,69.8963,0.8917
2025-11-19T17:00:00.0,0.0,0.0,0.0,0.0,1.0
2025-11-19T18:00:00.0,0.0,0.0,0.0,0.0,1.0
2025-11-19T19:00:00.0,0.0,0.0,0.0,0.0,1.0
2025-11-19T20:00:00.0,0.0,0.0,0.0,0.0,1.0
2025-11-19T21:00:00.0,0.0,0.0,0.0,0.0,1.0
2025-11-19T22:00:00.0,0.0,0.0,0.0,0.0,1.0
2025-11-19T23:00:00.0,0.0,0.0,0.0,0.0,1.0
2025-11-20T00:00:00.0,0.0,0.0,0.0,0.0,1.0
2025-11-20T01:00:00.0,0.0,0.0,0.0,0.0,1.0
2025-11-20T02:00:00.0,0.0,0.0,0.0,0.0,1.0
2025-11-20T03:00:00.0,0.0,0.0,0.0,0.0,1.0
2025-11-20T04:00:00.0,0.0,0.0,0.0,0.0,1.0
2025-11-20T05:00:00.0,0.0,0.0,0.0,0.0,1.0
2025-11-20T06:00:00.0,0.0,0.0,0.0,0.0,1.0
2025-11-20T07:00:00.0,0.0,0.0,0.0,0.0,1.0
2025-11-20T08:00:00.0,23.2538,4.3522,18.9016,58.8321,0.575
2025-11-20T09:00:00.0,123.4612,66.532,56.9292,372.7984,0.8417
2025-11-20T10:00:00.0,238.0261,186.0678,51.9583,749.7341,1.0
2025-11-20T11:00:00.0,291.1102,229.452,61.6582,767.2935,1.0
2025-11-20T12:00:00.0,314.8969,258.3114,56.5855,828.5283,1.0
2025-11-20T13:00:00.0,283.636,230.4408,53.1952,807.2804,1.0
2025-11-20T14:00:00.0,209.0105,163.3573,45.6532,735.3953,1.0
2025-11-20T15:00:00.0,102.0206,70.9681,31.0525,551.4838,1.0
2025-11-20T16:00:00.0,9.7604,4.5287,5.2317,94.1909,0.9
2025-11-20T17:00:00.0,0.0,0.0,0.0,0.0,1.0
2025-11-20T18:00:00.0,0.0,0.0,0.0,0.0,1.0
2025-11-20T19:00:00.0,0.0,0.0,0.0,0.0,1.0
2025-11-20T20:00:00.0,0.0,0.0,0.0,0.0,1.0
2025-11-20T21:00:00.0,0.0,0.0,0.0,0.0,1.0
2025-11-20T22:00:00.0,0.0,0.0,0.0,0.0,1.0
2025-11-20T23:00:00.0,0.0,0.0,0.0,0.0,1.0
2025-11-21T00:00:00.0,0.0,0.0,0.0,0.0,1.0
2025-11-21T01:00:00.0,0.0,0.0,0.0,0.0,1.0
2025-11-21T02:00:00.0,0.0,0.0,0.0,0.0,1.0
2025-11-21T03:00:00.0,0.0,0.0,0.0,0.0,1.0
2025-11-21T04:00:00.0,0.0,0.0,0.0,0.0,1.0
2025-11-21T05:00:00.0,0.0,0.0,0.0,0.0,1.0
2025-11-21T06:00:00.0,0.0,0.0,0.0,0.0,1.0
2025-11-21T07:00:00.0,0.0,0.0,0.0,0.0,1.0
2025-11-21T08:00:00.0,18.9186,0.1142,18.8044,1.6045,0.5917
2025-11-21T09:00:00.0,100.8544,25.0157,75.8387,139.8929,0.8417
2025-11-21T10:00:00.0,148.5478,10.6888,137.859,42.5797,1.0
2025-11-21T11:00:00.0,133.671,8.0582,125.6128,28.418,1.0
2025-11-21T12:00:00.0,178.6184,10.5713,168.0471,34.4161,1.0
2025-11-21T13:00:00.0,170.601,12.4434,158.1576,44.2239,1.0
2025-11-21T14:00:00.0,127.5813,8.8125,118.7689,37.8747,1.0
2025-11-21T15:00:00.0,60.1162,4.7356,55.3806,56.9735,1.0
2025-11-21T16:00:00.0,7.4548,2.0266,5.4281,42.7814,0.9083
2025-11-21T17:00:00.0,0.0,0.0,0.0,0.0,1.0
2025-11-21T18:00:00.0,0.0,0.0,0.0,0.0,1.0
2025-11-21T19:00:00.0,0.0,0.0,0.0,0.0,1.0
2025-11-21T20:00:00.0,0.0,0.0,0.0,0.0,1.0
2025-11-21T21:00:00.0,0.0,0.0,0.0,0.0,1.0
2025-11-21T22:00:00.0,0.0,0.0,0.0,0.0,1.0
2025-11-21T23:00:00.0,0.0,0.0,0.0,0.0,1.0
2025-11-22T00:00:00.0,0.0,0.0,0.0,0.0,1.0
2025-11-22T01:00:00.0,0.0,0.0,0.0,0.0,1.0
2025-11-22T02:00:00.0,0.0,0.0,0.0,0.0,1.0
2025-11-22T03:00:00.0,0.0,0.0,0.0,0.0,1.0
2025-11-22T04:00:00.0,0.0,0.0,0.0,0.0,1.0
2025-11-22T05:00:00.0,0.0,0.0,0.0,0.0,1.0
2025-11-22T06:00:00.0,0.0,0.0,0.0,0.0,1.0
2025-11-22T07:00:00.0,0.0,0.0,0.0,0.0,1.0
2025-11-22T08:00:00.0,10.0896,0.0,10.0896,0.0,0.6083
2025-11-22T09:00:00.0,31.9717,0.0,31.9717,0.0,0.8417
2025-11-22T10:00:00.0,44.5812,0.0032,44.578,0.0122,1.0
2025-11-22T11:00:00.0,61.9165,0.0019,61.9146,0.0069,1.0
2025-11-22T12:00:00.0,71.2569,0.1422,71.1147,0.4741,1.0
2025-11-22T13:00:00.0,137.1849,5.7737,131.4113,20.155,1.0
2025-11-22T14:00:00.0,57.7805,0.1878,57.5927,1.0051,1.0
2025-11-22T15:00:00.0,72.4589,27.5471,44.9118,245.9184,1.0
2025-11-22T16:00:00.0,7.194,2.6658,4.5282,59.4054,0.925
2025-11-22T17:00:00.0,0.0,0.0,0.0,0.0,1.0
2025-11-22T18:00:00.0,0.0,0.0,0.0,0.0,1.0
2025-11-22T19:00:00.0,0.0,0.0,0.0,0.0,1.0
2025-11-22T20:00:00.0,0.0,0.0,0.0,0.0,1.0
2025-11-22T21:00:00.0,0.0,0.0,0.0,0.0,1.0
2025-11-22T22:00:00.0,0.0,0.0,0.0,0.0,1.0
2025-11-22T23:00:00.0,0.0,0.0,0.0,0.0,1.0
2025-11-23T00:00:00.0,0.0,0.0,0.0,0.0,1.0
2025-11-23T01:00:00.0,0.0,0.0,0.0,0.0,1.0
2025-11-23T02:00:00.0,0.0,0.0,0.0,0.0,1.0
2025-11-23T03:00:00.0,0.0,0.0,0.0,0.0,1.0
2025-11-23T04:00:00.0,0.0,0.0,0.0,0.0,1.0
2025-11-23T05:00:00.0,0.0,0.0,0.0,0.0,1.0
2025-11-23T06:00:00.0,0.0,0.0,0.0,0.0,1.0
2025-11-23T07:00:00.0,0.0,0.0,0.0,0.0,1.0
2025-11-23T08:00:00.0,22.4924,8.8231,13.6692,127.4752,0.6167
2025-11-23T09:00:00.0,121.9938,76.3623,45.6314,496.7781,0.8417
2025-11-23T10:00:00.0,217.1178,155.3986,61.7192,655.7304,1.0
2025-11-23T11:00:00.0,276.3856,206.8044,69.5812,718.1962,1.0
2025-11-23T12:00:00.0,292.2308,221.6994,70.5314,736.08,1.0
2025-11-23T13:00:00.0,262.8689,197.8995,64.9694,718.2512,1.0
2025-11-23T14:00:00.0,191.1058,136.9735,54.1323,642.5691,1.0
2025-11-23T15:00:00.0,88.3896,53.3287,35.0609,435.726,1.0
2025-11-23T16:00:00.0,6.6101,1.926,4.6841,44.1778,0.9333
2025-11-23T17:00:00.0,0.0,0.0,0.0,0.0,1.0
2025-11-23T18:00:00.0,0.0,0.0,0.0,0.0,1.0
2025-11-23T19:00:00.0,0.0,0.0,0.0,0.0,1.0
2025-11-23T20:00:00.0,0.0,0.0,0.0,0.0,1.0
2025-11-23T21:00:00.0,0.0,0.0,0.0,0.0,1.0
2025-11-23T22:00:00.0,0.0,0.0,0.0,0.0,1.0
2025-11-23T23:00:00.0,0.0,0.0,0.0,0.0,1.0
2025-11-24T00:00:00.0,0.0,0.0,0.0,0.0,1.0
2025-11-24T01:00:00.0,0.0,0.0,0.0,0.0,1.0
2025-11-24T02:00:00.0,0.0,0.0,0.0,0.0,1.0
2025-11-24T03:00:00.0,0.0,0.0,0.0,0.0,1.0
2025-11-24T04:00:00.0,0.0,0.0,0.0,0.0,1.0
2025-11-24T05:00:00.0,0.0,0.0,0.0,0.0,1.0
2025-11-24T06:00:00.0,0.0,0.0,0.0,0.0,1.0
2025-11-24T07:00:00.0,0.0,0.0,0.0,0.0,1.0
2025-11-24T08:00:00.0,21.5329,11.5775,9.9554,180.2776,0.6333
2025-11-24T09:00:00.0,120.2421,86.6971,33.545,581.3431,0.8417
2025-11-24T10:00:00.0,214.4153,168.8874,45.5279,724.1945,1.0
2025-11-24T11:00:00.0,264.5684,206.1673,58.4011,727.0198,1.0
2025-11-24T12:00:00.0,223.2844,109.0856,114.1988,366.5158,1.0
2025-11-24T13:00:00.0,253.3905,195.3531,58.0374,719.662,1.0
2025-11-24T14:00:00.0,188.1961,142.3526,45.8435,676.7442,1.0
2025-11-24T15:00:00.0,86.893,56.9277,29.9653,480.1008,1.0
2025-11-24T16:00:00.0,6.3159,2.5228,3.7931,60.5396,0.825
2025-11-24T17:00:00.0,0.0,0.0,0.0,0.0,1.0
2025-11-24T18:00:00.0,0.0,0.0,0.0,0.0,1.0
2025-11-24T19:00:00.0,0.0,0.0,0.0,0.0,1.0
2025-11-24T20:00:00.0,0.0,0.0,0.0,0.0,1.0
2025-11-24T21:00:00.0,0.0,0.0,0.0,0.0,1.0
2025-11-24T22:00:00.0,0.0,0.0,0.0,0.0,1.0
2025-11-24T23:00:00.0,0.0,0.0,0.0,0.0,1.0
2025-11-25T00:00:00.0,0.0,0.0,0.0,0.0,1.0
2025-11-25T01:00:00.0,0.0,0.0,0.0,0.0,1.0
2025-11-25T02:00:00.0,0.0,0.0,0.0,0.0,1.0
2025-11-25T03:00:00.0,0.0,0.0,0.0,0.0,1.0
2025-11-25T04:00:00.0,0.0,0.0,0.0,0.0,1.0
2025-11-25T05:00:00.0,0.0,0.0,0.0,0.0,1.0
2025-11-25T06:00:00.0,0.0,0.0,0.0,0.0,1.0
2025-11-25T07:00:00.0,0.0,0.0,0.0,0.0,1.0
2025-11-25T08:00:00.0,7.6518,0.0,7.6518,0.0,0.65
2025-11-25T09:00:00.0,83.1284,41.1768,41.9516,238.8889,0.8417
2025-11-25T10:00:00.0,202.8888,144.7346,58.1542,628.3459,1.0
2025-11-25T11:00:00.0,238.1541,161.0627,77.0914,575.218,1.0
2025-11-25T12:00:00.0,259.8682,184.7182,75.15,627.2935,1.0
2025-11-25T13:00:00.0,260.6654,213.3885,47.277,791.9231,1.0
2025-11-25T14:00:00.0,188.3029,147.3681,40.9348,710.1565,1.0
2025-11-25T15:00:00.0,85.6674,58.2596,27.4078,499.8486,1.0
2025-11-25T16:00:00.0,5.7363,2.2918,3.4445,56.713,0.825
2025-11-25T17:00:00.0,0.0,0.0,0.0,0.0,1.0
2025-11-25T18:00:00.0,0.0,0.0,0.0,0.0,1.0
2025-11-25T19:00:00.0,0.0,0.0,0.0,0.0,1.0
2025-11-25T20:00:00.0,0.0,0.0,0.0,0.0,1.0
2025-11-25T21:00:00.0,0.0,0.0,0.0,0.0,1.0
2025-11-25T22:00:00.0,0.0,0.0,0.0,0.0,1.0
2025-11-25T23:00:00.0,0.0,0.0,0.0,0.0,1.0
2025-11-26T00:00:00.0,0.0,0.0,0.0,0.0,1.0
2025-11-26T01:00:00.0,0.0,0.0,0.0,0.0,1.0
2025-11-26T02:00:00.0,0.0,0.0,0.0,0.0,1.0
2025-11-26T03:00:00.0,0.0,0.0,0.0,0.0,1.0
2025-11-26T04:00:00.0,0.0,0.0,0.0,0.0,1.0
2025-11-26T05:00:00.0,0.0,0.0,0.0,0.0,1.0
2025-11-26T06:00:00.0,0.0,0.0,0.0,0.0,1.0
2025-11-26T07:00:00.0,0.0,0.0,0.0,0.0,1.0
2025-11-26T08:00:00.0,2.1679,0.0,2.1679,0.0,0.6583
2025-11-26T09:00:00.0,24.1031,0.0143,24.0888,0.0802,0.8417
2025-11-26T10:00:00.0,24.5443,0.0207,24.5236,0.0892,1.0
2025-11-26T11:00:00.0,54.9919,0.5132,54.4787,1.9211,1.0
2025-11-26T12:00:00.0,71.9549,0.1133,71.8416,0.3954,1.0
2025-11-26T13:00:00.0,139.4546,5.365,134.0896,19.6643,1.0
2025-11-26T14:00:00.0,109.2804,4.7599,104.5205,25.9265,1.0
2025-11-26T15:00:00.0,68.5639,25.2439,43.32,221.0334,1.0
2025-11-26T16:00:00.0,4.3114,0.5948,3.7166,14.7714,0.8333
2025-11-26T17:00:00.0,0.0,0.0,0.0,0.0,1.0
2025-11-26T18:00:00.0,0.0,0.0,0.0,0.0,1.0
2025-11-26T19:00:00.0,0.0,0.0,0.0,0.0,1.0
2025-11-26T20:00:00.0,0.0,0.0,0.0,0.0,1.0
2025-11-26T21:00:00.0,0.0,0.0,0.0,0.0,1.0
2025-11-26T22:00:00.0,0.0,0.0,0.0,0.0,1.0
2025-11-26T23:00:00.0,0.0,0.0,0.0,0.0,1.0
2025-11-27T00:00:00.0,0.0,0.0,0.0,0.0,1.0
2025-11-27T01:00:00.0,0.0,0.0,0.0,0.0,1.0
2025-11-27T02:00:00.0,0.0,0.0,0.0,0.0,1.0
2025-11-27T03:00:00.0,0.0,0.0,0.0,0.0,1.0
2025-11-27T04:00:00.0,0.0,0.0,0.0,0.0,1.0
2025-11-27T05:00:00.0,0.0,0.0,0.0,0.0,1.0
2025-11-27T06:00:00.0,0.0,0.0,0.0,0.0,1.0
2025-11-27T07:00:00.0,0.0,0.0,0.0,0.0,1.0
2025-11-27T08:00:00.0,1.8982,0.0,1.8982,0.0,0.675
2025-11-27T09:00:00.0,12.2661,0.0,12.2661,0.0,0.8417
2025-11-27T10:00:00.0,21.1633,0.0,21.1633,0.0,1.0
2025-11-27T11:00:00.0,81.0612,13.6079,67.4532,47.5565,1.0
2025-11-27T12:00:00.0,190.9229,62.3251,128.5978,216.0042,1.0
2025-11-27T13:00:00.0,197.6539,96.332,101.3218,374.9301,1.0
2025-11-27T14:00:00.0,174.2457,115.5984,58.6473,569.6433,1.0
2025-11-27T15:00:00.0,75.8043,38.9588,36.8455,337.9409,1.0
2025-11-27T16:00:00.0,4.2803,0.7062,3.574,17.9665,0.8417
2025-11-27T17:00:00.0,0.0,0.0,0.0,0.0,1.0
2025-11-27T18:00:00.0,0.0,0.0,0.0,0.0,1.0
2025-11-27T19:00:00.0,0.0,0.0,0.0,0.0,1.0
2025-11-27T20:00:00.0,0.0,0.0,0.0,0.0,1.0
2025-11-27T21:00:00.0,0.0,0.0,0.0,0.0,1.0
2025-11-27T22:00:00.0,0.0,0.0,0.0,0.0,1.0
2025-11-27T23:00:00.0,0.0,0.0,0.0,0.0,1.0
2025-11-28T00:00:00.0,0.0,0.0,0.0,0.0,1.0
2025-11-28T01:00:00.0,0.0,0.0,0.0,0.0,1.0
2025-11-28T02:00:00.0,0.0,0.0,0.0,0.0,1.0
2025-11-28T03:00:00.0,0.0,0.0,0.0,0.0,1.0
2025-11-28T04:00:00.0,0.0,0.0,0.0,0.0,1.0
2025-11-28T05:00:00.0,0.0,0.0,0.0,0.0,1.0
2025-11-28T06:00:00.0,0.0,0.0,0.0,0.0,1.0
2025-11-28T07:00:00.0,0.0,0.0,0.0,0.0,1.0
2025-11-28T08:00:00.0,12.8538,2.6061,10.2478,42.8838,0.6833
2025-11-28T09:00:00.0,85.337,34.1201,51.2168,254.5584,0.8417
2025-11-28T10:00:00.0,194.3853,129.9519,64.4334,589.3127,1.0
2025-11-28T11:00:00.0,208.0084,111.0801,96.9284,411.418,1.0
2025-11-28T12:00:00.0,260.1474,180.6155,79.5318,631.5999,1.0
2025-11-28T13:00:00.0,197.0952,83.7893,113.3059,321.9991,1.0
2025-11-28T14:00:00.0,155.6745,77.5653,78.1092,398.8078,1.0
2025-11-28T15:00:00.0,74.2067,37.9823,36.2244,327.3964,1.0
2025-11-28T16:00:00.0,3.9454,0.8185,3.1269,21.7797,0.8417
2025-11-28T17:00:00.0,0.0,0.0,0.0,0.0,1.0
2025-11-28T18:00:00.0,0.0,0.0,0.0,0.0,1.0
2025-11-28T19:00:00.0,0.0,0.0,0.0,0.0,1.0
2025-11-28T20:00:00.0,0.0,0.0,0.0,0.0,1.0
2025-11-28T21:00:00.0,0.0,0.0,0.0,0.0,1.0
2025-11-28T22:00:00.0,0.0,0.0,0.0,0.0,1.0
2025-11-28T23:00:00.0,0.0,0.0,0.0,0.0,1.0
2025-11-29T00:00:00.0,0.0,0.0,0.0,0.0,1.0
2025-11-29T01:00:00.0,0.0,0.0,0.0,0.0,1.0
2025-11-29T02:00:00.0,0.0,0.0,0.0,0.0,1.0
2025-11-29T03:00:00.0,0.0,0.0,0.0,0.0,1.0
2025-11-29T04:00:00.0,0.0,0.0,0.0,0.0,1.0
2025-11-29T05:00:00.0,0.0,0.0,0.0,0.0,1.0
2025-11-29T06:00:00.0,0.0,0.0,0.0,0.0,1.0
2025-11-29T07:00:00.0,0.0,0.0,0.0,0.0,1.0
2025-11-29T08:00:00.0,12.8323,5.3469,7.4854,97.61,0.7
2025-11-29T09:00:00.0,100.5888,66.7502,33.8386,501.0861,0.7167
2025-11-29T10:00:00.0,103.9946,24.7268,79.2678,124.2846,1.0
2025-11-29T11:00:00.0,200.5749,108.5311,92.0438,400.2847,1.0
2025-11-29T12:00:00.0,229.1757,121.9143,107.2614,431.5353,1.0
2025-11-29T13:00:00.0,241.8264,193.9738,47.8526,749.8544,1.0
2025-11-29T14:00:00.0,175.9985,133.3262,42.6723,673.4429,1.0
2025-11-29T15:00:00.0,71.1442,35.5227,35.6215,341.7104,1.0
2025-11-29T16:00:00.0,3.9528,1.4126,2.5402,38.0911,0.85
2025-11-29T17:00:00.0,0.0,0.0,0.0,0.0,1.0
2025-11-29T18:00:00.0,0.0,0.0,0.0,0.0,1.0
2025-11-29T19:00:00.0,0.0,0.0,0.0,0.0,1.0
2025-11-29T20:00:00.0,0.0,0.0,0.0,0.0,1.0
2025-11-29T21:00:00.0,0.0,0.0,0.0,0.0,1.0
2025-11-29T22:00:00.0,0.0,0.0,0.0,0.0,1.0
2025-11-29T23:00:00.0,0.0,0.0,0.0,0.0,1.0
2025-11-30T00:00:00.0,0.0,0.0,0.0,0.0,1.0
2025-11-30T01:00:00.0,0.0,0.0,0.0,0.0,1.0
2025-11-30T02:00:00.0,0.0,0.0,0.0,0.0,1.0
2025-11-30T03:00:00.0,0.0,0.0,0.0,0.0,1.0
2025-11-30T04:00:00.0,0.0,0.0,0.0,0.0,1.0
2025-11-30T05:00:00.0,0.0,0.0,0.0,0.0,1.0
2025-11-30T06:00:00.0,0.0,0.0,0.0,0.0,1.0
2025-11-30T07:00:00.0,0.0,0.0,0.0,0.0,1.0
2025-11-30T08:00:00.0,8.129,0.0775,8.0516,1.4671,0.7083
2025-11-30T09:00:00.0,68.2043,1.9803,66.224,13.7369,0.7167
2025-11-30T10:00:00.0,145.6201,32.8684,112.7517,151.0584,1.0
2025-11-30T11:00:00.0,167.3945,20.8383,146.5562,80.0702,1.0
2025-11-30T12:00:00.0,162.0069,7.931,154.0759,28.3555,1.0
2025-11-30T13:00:00.0,144.3631,6.1984,138.1647,23.703,1.0
2025-11-30T14:00:00.0,95.7992,1.4648,94.3343,7.2181,1.0
2025-11-30T15:00:00.0,50.3538,3.5817,46.7721,50.5208,1.0
2025-11-30T16:00:00.0,3.1101,0.392,2.718,10.5735,0.8583
2025-11-30T17:00:00.0,0.0,0.0,0.0,0.0,1.0
2025-11-30T18:00:00.0,0.0,0.0,0.0,0.0,1.0
2025-11-30T19:00:00.0,0.0,0.0,0.0,0.0,1.0
2025-11-30T20:00:00.0,0.0,0.0,0.0,0.0,1.0
2025-11-30T21:00:00.0,0.0,0.0,0.0,0.0,1.0
2025-11-30T22:00:00.0,0.0,0.0,0.0,0.0,1.0
2025-11-30T23:00:00.0,0.0,0.0,0.0,0.0,1.0
2025-12-01T00:00:00.0,0.0,0.0,0.0,0.0,1.0
2025-12-01T01:00:00.0,0.0,0.0,0.0,0.0,1.0
2025-12-01T02:00:00.0,0.0,0.0,0.0,0.0,1.0
2025-12-01T03:00:00.0,0.0,0.0,0.0,0.0,1.0
2025-12-01T04:00:00.0,0.0,0.0,0.0,0.0,1.0
2025-12-01T05:00:00.0,0.0,0.0,0.0,0.0,1.0
2025-12-01T06:00:00.0,0.0,0.0,0.0,0.0,1.0
2025-12-01T07:00:00.0,0.0,0.0,0.0,0.0,1.0
2025-12-01T08:00:00.0,10.7273,4.9231,5.8042,97.9663,0.725
2025-12-01T09:00:00.0,71.6311,44.4777,27.1534,380.6426,0.7167
2025-12-01T10:00:00.0,49.7273,0.1089,49.6184,0.4611,1.0
2025-12-01T11:00:00.0,92.9649,2.979,89.9859,10.8694,1.0
2025-12-01T12:00:00.0,97.0451,9.3945,87.6505,33.8354,1.0
2025-12-01T13:00:00.0,70.9241,1.9426,68.9815,7.6398,1.0
2025-12-01T14:00:00.0,100.4785,13.7438,86.7347,80.7045,1.0
2025-12-01T15:00:00.0,61.7609,24.8528,36.9081,274.0437,1.0
2025-12-01T16:00:00.0,3.194,0.902,2.292,24.8258,0.8667
2025-12-01T17:00:00.0,0.0,0.0,0.0,0.0,1.0
2025-12-01T18:00:00.0,0.0,0.0,0.0,0.0,1.0
2025-12-01T19:00:00.0,0.0,0.0,0.0,0.0,1.0
2025-12-01T20:00:00.0,0.0,0.0,0.0,0.0,1.0
2025-12-01T21:00:00.0,0.0,0.0,0.0,0.0,1.0
2025-12-01T22:00:00.0,0.0,0.0,0.0,0.0,1.0
2025-12-01T23:00:00.0,0.0,0.0,0.0,0.0,1.0
2025-12-02T00:00:00.0,0.0,0.0,0.0,0.0,1.0
2025-12-02T01:00:00.0,0.0,0.0,0.0,0.0,1.0
2025-12-02T02:00:00.0,0.0,0.0,0.0,0.0,1.0
2025-12-02T03:00:00.0,0.0,0.0,0.0,0.0,1.0
2025-12-02T04:00:00.0,0.0,0.0,0.0,0.0,1.0
2025-12-02T05:00:00.0,0.0,0.0,0.0,0.0,1.0
2025-12-02T06:00:00.0,0.0,0.0,0.0,0.0,1.0
2025-12-02T07:00:00.0,0.0,0.0,0.0,0.0,1.0
2025-12-02T08:00:00.0,8.8688,1.7761,7.0927,34.4189,0.7333
2025-12-02T09:00:00.0,88.2072,45.5142,42.6931,358.2007,0.7167
2025-12-02T10:00:00.0,181.1843,119.4697,61.7147,573.5451,1.0
2025-12-02T11:00:00.0,241.8842,173.7587,68.1255,667.9778,1.0
2025-12-02T12:00:00.0,219.2939,137.2872,82.0067,500.1392,1.0
2025-12-02T13:00:00.0,220.5641,148.3361,72.2281,585.2078,1.0
2025-12-02T14:00:00.0,162.7811,110.3069,52.4742,577.594,1.0
2025-12-02T15:00:00.0,62.4557,25.3965,37.0592,267.4129,1.0
2025-12-02T16:00:00.0,2.896,0.5667,2.3294,16.7031,0.8667
2025-12-02T17:00:00.0,0.0,0.0,0.0,0.0,1.0
2025-12-02T18:00:00.0,0.0,0.0,0.0,0.0,1.0
2025-12-02T19:00:00.0,0.0,0.0,0.0,0.0,1.0
2025-12-02T20:00:00.0,0.0,0.0,0.0,0.0,1.0
2025-12-02T21:00:00.0,0.0,0.0,0.0,0.0,1.0
2025-12-02T22:00:00.0,0.0,0.0,0.0,0.0,1.0
2025-12-02T23:00:00.0,0.0,0.0,0.0,0.0,1.0
2025-12-03T00:00:00.0,0.0,0.0,0.0,0.0,1.0
2025-12-03T01:00:00.0,0.0,0.0,0.0,0.0,1.0
2025-12-03T02:00:00.0,0.0,0.0,0.0,0.0,1.0
2025-12-03T03:00:00.0,0.0,0.0,0.0,0.0,1.0
2025-12-03T04:00:00.0,0.0,0.0,0.0,0.0,1.0
2025-12-03T05:00:00.0,0.0,0.0,0.0,0.0,1.0
2025-12-03T06:00:00.0,0.0,0.0,0.0,0.0,1.0
2025-12-03T07:00:00.0,0.0,0.0,0.0,0.0,1.0
2025-12-03T08:00:00.0,8.3567,2.3604,5.9963,49.1348,0.75
2025-12-03T09:00:00.0,82.6966,41.6939,41.0027,354.0714,0.7167
2025-12-03T10:00:00.0,146.8717,51.4294,95.4423,248.4944,1.0
2025-12-03T11:00:00.0,165.7752,23.2004,142.5748,92.3657,1.0
2025-12-03T12:00:00.0,146.7536,5.9639,140.7897,21.8029,1.0
2025-12-03T13:00:00.0,112.6833,1.897,110.7863,7.335,1.0
2025-12-03T14:00:00.0,99.3355,2.11,97.2254,11.9093,1.0
2025-12-03T15:00:00.0,51.3223,9.2906,42.0317,98.513,1.0
2025-12-03T16:00:00.0,1.7945,0.0,1.7945,0.0008,0.875
2025-12-03T17:00:00.0,0.0,0.0,0.0,0.0,1.0
2025-12-03T18:00:00.0,0.0,0.0,0.0,0.0,1.0
2025-12-03T19:00:00.0,0.0,0.0,0.0,0.0,1.0
2025-12-03T20:00:00.0,0.0,0.0,0.0,0.0,1.0
2025-12-03T21:00:00.0,0.0,0.0,0.0,0.0,1.0
2025-12-03T22:00:00.0,0.0,0.0,0.0,0.0,1.0
2025-12-03T23:00:00.0,0.0,0.0,0.0,0.0,1.0
2025-12-04T00:00:00.0,0.0,0.0,0.0,0.0,1.0
2025-12-04T01:00:00.0,0.0,0.0,0.0,0.0,1.0
2025-12-04T02:00:00.0,0.0,0.0,0.0,0.0,1.0
2025-12-04T03:00:00.0,0.0,0.0,0.0,0.0,1.0
2025-12-04T04:00:00.0,0.0,0.0,0.0,0.0,1.0
2025-12-04T05:00:00.0,0.0,0.0,0.0,0.0,1.0
2025-12-04T06:00:00.0,0.0,0.0,0.0,0.0,1.0
2025-12-04T07:00:00.0,0.0,0.0,0.0,0.0,1.0
2025-12-04T08:00:00.0,5.6218,0.3881,5.2337,8.1752,0.7583
2025-12-04T09:00:00.0,70.4494,22.2052,48.2442,165.6704,0.7167
2025-12-04T10:00:00.0,177.8186,120.1119,57.7067,591.7671,1.0
2025-12-04T11:00:00.0,240.8928,178.825,62.0679,700.8774,1.0
2025-12-04T12:00:00.0,259.2807,196.9814,62.2993,728.0418,1.0
2025-12-04T13:00:00.0,230.6133,169.9884,60.6249,685.8187,1.0
2025-12-04T14:00:00.0,160.9019,108.5074,52.3945,573.8808,1.0
2025-12-04T15:00:00.0,64.955,33.5674,31.3876,321.6114,1.0
2025-12-04T16:00:00.0,2.3728,0.2841,2.0887,8.5504,0.875
2025-12-04T17:00:00.0,0.0,0.0,0.0,0.0,1.0
2025-12-04T18:00:00.0,0.0,0.0,0.0,0.0,1.0
2025-12-04T19:00:00.0,0.0,0.0,0.0,0.0,1.0
2025-12-04T20:00:00.0,0.0,0.0,0.0,0.0,1.0
2025-12-04T21:00:00.0,0.0,0.0,0.0,0.0,1.0
2025-12-04T22:00:00.0,0.0,0.0,0.0,0.0,1.0
2025-12-04T23:00:00.0,0.0,0.0,0.0,0.0,1.0
2025-12-05T00:00:00.0,0.0,0.0,0.0,0.0,1.0
2025-12-05T01:00:00.0,0.0,0.0,0.0,0.0,1.0
2025-12-05T02:00:00.0,0.0,0.0,0.0,0.0,1.0
2025-12-05T03:00:00.0,0.0,0.0,0.0,0.0,1.0
2025-12-05T04:00:00.0,0.0,0.0,0.0,0.0,1.0
2025-12-05T05:00:00.0,0.0,0.0,0.0,0.0,1.0
2025-12-05T06:00:00.0,0.0,0.0,0.0,0.0,1.0
2025-12-05T07:00:00.0,0.0,0.0,0.0,0.0,1.0
2025-12-05T08:00:00.0,0.7993,0.0,0.7993,0.0,0.7667
2025-12-05T09:00:00.0,9.9298,0.0,9.9298,0.0001,0.7167
2025-12-05T10:00:00.0,29.6468,0.0004,29.6464,0.0024,1.0
2025-12-05T11:00:00.0,73.4763,28.5946,44.8817,107.9727,1.0
2025-12-05T12:00:00.0,122.3961,16.5336,105.8625,61.6753,1.0
2025-12-05T13:00:00.0,124.2209,38.8755,85.3455,163.9135,1.0
2025-12-05T14:00:00.0,134.714,58.331,76.3831,305.5616,1.0
2025-12-05T15:00:00.0,58.3005,19.6075,38.693,180.6205,0.9083
2025-12-05T16:00:00.0,2.0801,0.0364,2.0437,0.9964,0.85
2025-12-05T17:00:00.0,0.0,0.0,0.0,0.0,1.0
2025-12-05T18:00:00.0,0.0,0.0,0.0,0.0,1.0
2025-12-05T19:00:00.0,0.0,0.0,0.0,0.0,1.0
2025-12-05T20:00:00.0,0.0,0.0,0.0,0.0,1.0
2025-12-05T21:00:00.0,0.0,0.0,0.0,0.0,1.0
2025-12-05T22:00:00.0,0.0,0.0,0.0,0.0,1.0
2025-12-05T23:00:00.0,0.0,0.0,0.0,0.0,1.0
2025-12-06T00:00:00.0,0.0,0.0,0.0,0.0,1.0
2025-12-06T01:00:00.0,0.0,0.0,0.0,0.0,1.0
2025-12-06T02:00:00.0,0.0,0.0,0.0,0.0,1.0
2025-12-06T03:00:00.0,0.0,0.0,0.0,0.0,1.0
2025-12-06T04:00:00.0,0.0,0.0,0.0,0.0,1.0
2025-12-06T05:00:00.0,0.0,0.0,0.0,0.0,1.0
2025-12-06T06:00:00.0,0.0,0.0,0.0,0.0,1.0
2025-12-06T07:00:00.0,0.0,0.0,0.0,0.0,1.0
2025-12-06T08:00:00.0,1.6062,0.0,1.6062,0.0,0.775
2025-12-06T09:00:00.0,32.4215,4.4947,27.9268,30.301,0.7167
2025-12-06T10:00:00.0,109.6384,20.5044,89.134,109.4382,1.0
2025-12-06T11:00:00.0,180.5882,83.868,96.7202,330.8919,1.0
2025-12-06T12:00:00.0,199.5235,103.938,95.5855,389.0528,1.0
2025-12-06T13:00:00.0,213.8407,142.116,71.7247,584.1075,1.0
2025-12-06T14:00:00.0,104.4961,15.5902,88.9059,77.3673,1.0
2025-12-06T15:00:00.0,52.8868,17.0187,35.8681,169.5645,0.9083
2025-12-06T16:00:00.0,2.0166,0.1553,1.8613,4.5738,0.85
2025-12-06T17:00:00.0,0.0,0.0,0.0,0.0,1.0
2025-12-06T18:00:00.0,0.0,0.0,0.0,0.0,1.0
2025-12-06T19:00:00.0,0.0,0.0,0.0,0.0,1.0
2025-12-06T20:00:00.0,0.0,0.0,0.0,0.0,1.0
2025-12-06T21:00:00.0,0.0,0.0,0.0,0.0,1.0
2025-12-06T22:00:00.0,0.0,0.0,0.0,0.0,1.0
2025-12-06T23:00:00.0,0.0,0.0,0.0,0.0,1.0
2025-12-07T00:00:00.0,0.0,0.0,0.0,0.0,1.0
2025-12-07T01:00:00.0,0.0,0.0,0.0,0.0,1.0
2025-12-07T02:00:00.0,0.0,0.0,0.0,0.0,1.0
2025-12-07T03:00:00.0,0.0,0.0,0.0,0.0,1.0
2025-12-07T04:00:00.0,0.0,0.0,0.0,0.0,1.0
2025-12-07T05:00:00.0,0.0,0.0,0.0,0.0,1.0
2025-12-07T06:00:00.0,0.0,0.0,0.0,0.0,1.0
2025-12-07T07:00:00.0,0.0,0.0,0.0,0.0,1.0
2025-12-07T08:00:00.0,0.689,0.0,0.689,0.0,0.7917
2025-12-07T09:00:00.0,15.3164,0.0,15.3164,0.0,0.7167
2025-12-07T10:00:00.0,19.5025,0.0,19.5025,0.0,1.0
2025-12-07T11:00:00.0,68.9723,4.9601,64.0121,19.0019,1.0
2025-12-07T12:00:00.0,196.1438,98.9433,97.2005,374.644,1.0
2025-12-07T13:00:00.0,154.7967,62.4547,92.3419,260.9367,1.0
2025-12-07T14:00:00.0,72.3997,36.0921,36.3077,216.7749,1.0
2025-12-07T15:00:00.0,48.7306,12.2603,36.4703,115.0623,0.9083
2025-12-07T16:00:00.0,1.5012,0.0021,1.499,0.0636,0.8583
2025-12-07T17:00:00.0,0.0,0.0,0.0,0.0,1.0
2025-12-07T18:00:00.0,0.0,0.0,0.0,0.0,1.0
2025-12-07T19:00:00.0,0.0,0.0,0.0,0.0,1.0
2025-12-07T20:00:00.0,0.0,0.0,0.0,0.0,1.0
2025-12-07T21:00:00.0,0.0,0.0,0.0,0.0,1.0
2025-12-07T22:00:00.0,0.0,0.0,0.0,0.0,1.0
2025-12-07T23:00:00.0,0.0,0.0,0.0,0.0,1.0
2025-12-08T00:00:00.0,0.0,0.0,0.0,0.0,1.0
2025-12-08T01:00:00.0,0.0,0.0,0.0,0.0,1.0
2025-12-08T02:00:00.0,0.0,0.0,0.0,0.0,1.0
2025-12-08T03:00:00.0,0.0,0.0,0.0,0.0,1.0
2025-12-08T04:00:00.0,0.0,0.0,0.0,0.0,1.0
2025-12-08T05:00:00.0,0.0,0.0,0.0,0.0,1.0
2025-12-08T06:00:00.0,0.0,0.0,0.0,0.0,1.0
2025-12-08T07:00:00.0,0.0,0.0,0.0,0.0,1.0
2025-12-08T08:00:00.0,3.89,0.1413,3.7487,3.2803,0.8
2025-12-08T09:00:00.0,57.7683,12.1473,45.621,114.385,0.7167
2025-12-08T10:00:00.0,55.5221,0.7488,54.7733,3.6327,1.0
2025-12-08T11:00:00.0,111.971,8.8769,103.0941,35.2822,1.0
2025-12-08T12:00:00.0,156.5958,12.4021,144.1937,47.1505,1.0
2025-12-08T13:00:00.0,149.0265,17.6696,131.3569,74.2747,1.0
2025-12-08T14:00:00.0,109.5199,11.9053,97.6145,63.8565,1.0
2025-12-08T15:00:00.0,48.8453,7.2184,41.6269,80.2643,0.9083
2025-12-08T16:00:00.0,1.7668,0.0526,1.7142,1.4914,0.8583
2025-12-08T17:00:00.0,0.0,0.0,0.0,0.0,1.0
2025-12-08T18:00:00.0,0.0,0.0,0.0,0.0,1.0
2025-12-08T19:00:00.0,0.0,0.0,0.0,0.0,1.0
2025-12-08T20:00:00.0,0.0,0.0,0.0,0.0,1.0
2025-12-08T21:00:00.0,0.0,0.0,0.0,0.0,1.0
2025-12-08T22:00:00.0,0.0,0.0,0.0,0.0,1.0
2025-12-08T23:00:00.0,0.0,0.0,0.0,0.0,1.0
2025-12-09T00:00:00.0,0.0,0.0,0.0,0.0,1.0
2025-12-09T01:00:00.0,0.0,0.0,0.0,0.0,1.0
2025-12-09T02:00:00.0,0.0,0.0,0.0,0.0,1.0
2025-12-09T03:00:00.0,0.0,0.0,0.0,0.0,1.0
2025-12-09T04:00:00.0,0.0,0.0,0.0,0.0,1.0
2025-12-09T05:00:00.0,0.0,0.0,0.0,0.0,1.0
2025-12-09T06:00:00.0,0.0,0.0,0.0,0.0,1.0
2025-12-09T07:00:00.0,0.0,0.0,0.0,0.0,1.0
2025-12-09T08:00:00.0,0.5197,0.0,0.5197,0.0,0.8083
2025-12-09T09:00:00.0,8.5981,0.0,8.5981,0.0,0.7167
2025-12-09T10:00:00.0,15.6402,0.0,15.6402,0.0,1.0
2025-12-09T11:00:00.0,35.9851,0.0,35.9851,0.0,1.0
2025-12-09T12:00:00.0,54.6657,0.0054,54.6603,0.0207,1.0
2025-12-09T13:00:00.0,89.7471,0.265,89.4821,1.1258,1.0
2025-12-09T14:00:00.0,86.3757,9.1648,77.2109,59.3332,1.0
2025-12-09T15:00:00.0,58.84,27.4458,31.3942,276.3543,0.9083
2025-12-09T16:00:00.0,1.8311,0.1272,1.7039,3.7927,0.8583
2025-12-09T17:00:00.0,0.0,0.0,0.0,0.0,1.0
2025-12-09T18:00:00.0,0.0,0.0,0.0,0.0,1.0
2025-12-09T19:00:00.0,0.0,0.0,0.0,0.0,1.0
2025-12-09T20:00:00.0,0.0,0.0,0.0,0.0,1.0
2025-12-09T21:00:00.0,0.0,0.0,0.0,0.0,1.0
2025-12-09T22:00:00.0,0.0,0.0,0.0,0.0,1.0
2025-12-09T23:00:00.0,0.0,0.0,0.0,0.0,1.0
2025-12-10T00:00:00.0,0.0,0.0,0.0,0.0,1.0
2025-12-10T01:00:00.0,0.0,0.0,0.0,0.0,1.0
2025-12-10T02:00:00.0,0.0,0.0,0.0,0.0,1.0
2025-12-10T03:00:00.0,0.0,0.0,0.0,0.0,1.0
2025-12-10T04:00:00.0,0.0,0.0,0.0,0.0,1.0
2025-12-10T05:00:00.0,0.0,0.0,0.0,0.0,1.0
2025-12-10T06:00:00.0,0.0,0.0,0.0,0.0,1.0
2025-12-10T07:00:00.0,0.0,0.0,0.0,0.0,1.0
2025-12-10T08:00:00.0,2.7928,0.0628,2.73,1.6447,0.8167
2025-12-10T09:00:00.0,53.6493,9.266,44.3833,75.6152,0.7167
2025-12-10T10:00:00.0,120.052,41.5306,78.5213,218.3956,1.0
2025-12-10T11:00:00.0,171.6757,65.3008,106.375,272.6601,1.0
2025-12-10T12:00:00.0,173.8401,54.7771,119.063,210.0741,1.0
2025-12-10T13:00:00.0,170.6643,62.6869,107.9774,267.0962,1.0
2025-12-10T14:00:00.0,124.9037,45.8503,79.0535,246.6833,1.0
2025-12-10T15:00:00.0,46.435,5.0854,41.3496,63.1678,0.9083
2025-12-10T16:00:00.0,1.7327,0.0711,1.6616,2.1231,0.8583
2025-12-10T17:00:00.0,0.0,0.0,0.0,0.0,1.0
2025-12-10T18:00:00.0,0.0,0.0,0.0,0.0,1.0
2025-12-10T19:00:00.0,0.0,0.0,0.0,0.0,1.0
2025-12-10T20:00:00.0,0.0,0.0,0.0,0.0,1.0
2025-12-10T21:00:00.0,0.0,0.0,0.0,0.0,1.0
2025-12-10T22:00:00.0,0.0,0.0,0.0,0.0,1.0
2025-12-10T23:00:00.0,0.0,0.0,0.0,0.0,1.0
2025-12-11T00:00:00.0,0.0,0.0,0.0,0.0,1.0
2025-12-11T01:00:00.0,0.0,0.0,0.0,0.0,1.0
2025-12-11T02:00:00.0,0.0,0.0,0.0,0.0,1.0
2025-12-11T03:00:00.0,0.0,0.0,0.0,0.0,1.0
2025-12-11T04:00:00.0,0.0,0.0,0.0,0.0,1.0
2025-12-11T05:00:00.0,0.0,0.0,0.0,0.0,1.0
2025-12-11T06:00:00.0,0.0,0.0,0.0,0.0,1.0
2025-12-11T07:00:00.0,0.0,0.0,0.0,0.0,1.0
2025-12-11T08:00:00.0,1.2328,0.0,1.2328,0.0,0.825
2025-12-11T09:00:00.0,28.1909,0.0009,28.1899,0.0068,0.7167
2025-12-11T10:00:00.0,33.2374,0.0042,33.2332,0.0259,1.0
2025-12-11T11:00:00.0,23.8959,0.0,23.8959,0.0,1.0
2025-12-11T12:00:00.0,34.1286,0.0,34.1286,0.0,1.0
2025-12-11T13:00:00.0,23.8537,0.0067,23.847,0.0311,1.0
2025-12-11T14:00:00.0,81.2623,5.8186,75.4437,31.7263,1.0
2025-12-11T15:00:00.0,41.6099,2.5969,39.013,21.6177,0.9083
2025-12-11T16:00:00.0,1.4177,0.0005,1.4172,0.0129,0.8583
2025-12-11T17:00:00.0,0.0,0.0,0.0,0.0,1.0
2025-12-11T18:00:00.0,0.0,0.0,0.0,0.0,1.0
2025-12-11T19:00:00.0,0.0,0.0,0.0,0.0,1.0
2025-12-11T20:00:00.0,0.0,0.0,0.0,0.0,1.0
2025-12-11T21:00:00.0,0.0,0.0,0.0,0.0,1.0
2025-12-11T22:00:00.0,0.0,0.0,0.0,0.0,1.0
2025-12-11T23:00:00.0,0.0,0.0,0.0,0.0,1.0
2025-12-12T00:00:00.0,0.0,0.0,0.0,0.0,1.0
2025-12-12T01:00:00.0,0.0,0.0,0.0,0.0,1.0
2025-12-12T02:00:00.0,0.0,0.0,0.0,0.0,1.0
2025-12-12T03:00:00.0,0.0,0.0,0.0,0.0,1.0
2025-12-12T04:00:00.0,0.0,0.0,0.0,0.0,1.0
2025-12-12T05:00:00.0,0.0,0.0,0.0,0.0,1.0
2025-12-12T06:00:00.0,0.0,0.0,0.0,0.0,1.0
2025-12-12T07:00:00.0,0.0,0.0,0.0,0.0,1.0
2025-12-12T08:00:00.0,2.2926,0.0655,2.2271,1.8993,0.8333
2025-12-12T09:00:00.0,55.6386,15.5027,40.1359,125.707,0.7167
2025-12-12T10:00:00.0,127.4235,85.5073,41.9162,477.7158,1.0
2025-12-12T11:00:00.0,107.1078,38.4315,68.6763,153.3556,1.0
2025-12-12T12:00:00.0,186.5479,139.3495,47.1985,542.2347,1.0
2025-12-12T13:00:00.0,157.6758,104.9893,52.6865,443.8202,1.0
2025-12-12T14:00:00.0,149.7259,98.0291,51.6968,541.5592,1.0
2025-12-12T15:00:00.0,40.7821,9.0673,31.7148,108.8492,0.9083
2025-12-12T16:00:00.0,1.7205,0.1295,1.591,3.7065,0.8583
2025-12-12T17:00:00.0,0.0,0.0,0.0,0.0,1.0
2025-12-12T18:00:00.0,0.0,0.0,0.0,0.0,1.0
2025-12-12T19:00:00.0,0.0,0.0,0.0,0.0,1.0
2025-12-12T20:00:00.0,0.0,0.0,0.0,0.0,1.0
2025-12-12T21:00:00.0,0.0,0.0,0.0,0.0,1.0
2025-12-12T22:00:00.0,0.0,0.0,0.0,0.0,1.0
2025-12-12T23:00:00.0,0.0,0.0,0.0,0.0,1.0
2025-12-13T00:00:00.0,0.0,0.0,0.0,0.0,1.0
2025-12-13T01:00:00.0,0.0,0.0,0.0,0.0,1.0
2025-12-13T02:00:00.0,0.0,0.0,0.0,0.0,1.0
2025-12-13T03:00:00.0,0.0,0.0,0.0,0.0,1.0
2025-12-13T04:00:00.0,0.0,0.0,0.0,0.0,1.0
2025-12-13T05:00:00.0,0.0,0.0,0.0,0.0,1.0
2025-12-13T06:00:00.0,0.0,0.0,0.0,0.0,1.0
2025-12-13T07:00:00.0,0.0,0.0,0.0,0.0,1.0
2025-12-13T08:00:00.0,1.8631,0.0017,1.8614,0.0477,0.8417
2025-12-13T09:00:00.0,42.2553,0.1894,42.0659,1.8988,0.7167
2025-12-13T10:00:00.0,97.4639,4.0701,93.3938,22.6923,1.0
2025-12-13T11:00:00.0,37.8648,0.319,37.5458,1.4533,1.0
2025-12-13T12:00:00.0,26.3685,0.0,26.3685,0.0,1.0
2025-12-13T13:00:00.0,36.7063,0.7019,36.0044,3.2768,1.0
2025-12-13T14:00:00.0,76.8068,21.0875,55.7192,105.3057,1.0
2025-12-13T15:00:00.0,45.287,4.6342,40.6528,58.2091,0.9083
2025-12-13T16:00:00.0,1.5817,0.0599,1.5219,1.7266,0.8583
2025-12-13T17:00:00.0,0.0,0.0,0.0,0.0,1.0
2025-12-13T18:00:00.0,0.0,0.0,0.0,0.0,1.0
2025-12-13T19:00:00.0,0.0,0.0,0.0,0.0,1.0
2025-12-13T20:00:00.0,0.0,0.0,0.0,0.0,1.0
2025-12-13T21:00:00.0,0.0,0.0,0.0,0.0,1.0
2025-12-13T22:00:00.0,0.0,0.0,0.0,0.0,1.0
2025-12-13T23:00:00.0,0.0,0.0,0.0,0.0,1.0
2025-12-14T00:00:00.0,0.0,0.0,0.0,0.0,1.0
2025-12-14T01:00:00.0,0.0,0.0,0.0,0.0,1.0
2025-12-14T02:00:00.0,0.0,0.0,0.0,0.0,1.0
2025-12-14T03:00:00.0,0.0,0.0,0.0,0.0,1.0
2025-12-14T04:00:00.0,0.0,0.0,0.0,0.0,1.0
2025-12-14T05:00:00.0,0.0,0.0,0.0,0.0,1.0
2025-12-14T06:00:00.0,0.0,0.0,0.0,0.0,1.0
2025-12-14T07:00:00.0,0.0,0.0,0.0,0.0,1.0
2025-12-14T08:00:00.0,0.3173,0.0,0.3173,0.0,0.85
2025-12-14T09:00:00.0,15.7107,0.0016,15.7091,0.0123,0.7167
2025-12-14T10:00:00.0,44.3667,0.023,44.3437,0.119,1.0
2025-12-14T11:00:00.0,67.9486,33.8431,34.1055,138.4908,1.0
2025-12-14T12:00:00.0,59.5716,0.0018,59.5698,0.0071,1.0
2025-12-14T13:00:00.0,108.8687,50.6051,58.2635,225.632,1.0
2025-12-14T14:00:00.0,74.2153,8.0704,66.1449,38.992,1.0
2025-12-14T15:00:00.0,45.2097,10.882,34.3276,133.1275,0.9083
2025-12-14T16:00:00.0,1.6535,0.1271,1.5264,3.6588,0.8583
2025-12-14T17:00:00.0,0.0,0.0,0.0,0.0,1.0
2025-12-14T18:00:00.0,0.0,0.0,0.0,0.0,1.0
2025-12-14T19:00:00.0,0.0,0.0,0.0,0.0,1.0
2025-12-14T20:00:00.0,0.0,0.0,0.0,0.0,1.0
2025-12-14T21:00:00.0,0.0,0.0,0.0,0.0,1.0
2025-12-14T22:00:00.0,0.0,0.0,0.0,0.0,1.0
2025-12-14T23:00:00.0,0.0,0.0,0.0,0.0,1.0
2025-12-15T00:00:00.0,0.0,0.0,0.0,0.0,1.0
2025-12-15T01:00:00.0,0.0,0.0,0.0,0.0,1.0
2025-12-15T02:00:00.0,0.0,0.0,0.0,0.0,1.0
2025-12-15T03:00:00.0,0.0,0.0,0.0,0.0,1.0
2025-12-15T04:00:00.0,0.0,0.0,0.0,0.0,1.0
2025-12-15T05:00:00.0,0.0,0.0,0.0,0.0,1.0
2025-12-15T06:00:00.0,0.0,0.0,0.0,0.0,1.0
2025-12-15T07:00:00.0,0.0,0.0,0.0,0.0,1.0
2025-12-15T08:00:00.0,2.0349,0.1564,1.8784,4.6832,0.8583
2025-12-15T09:00:00.0,57.715,20.3426,37.3724,201.7113,0.5917
2025-12-15T10:00:00.0,125.1701,73.2782,51.892,413.0732,1.0
2025-12-15T11:00:00.0,217.3204,164.2729,53.0475,697.0023,1.0
2025-12-15T12:00:00.0,239.6975,186.3611,53.3365,733.2475,1.0
2025-12-15T13:00:00.0,217.3217,166.1201,51.2017,707.753,1.0
2025-12-15T14:00:00.0,153.8627,110.3236,43.5392,616.2042,1.0
2025-12-15T15:00:00.0,62.1093,36.1979,25.9113,375.7608,0.9083
2025-12-15T16:00:00.0,1.9234,0.405,1.5184,11.6327,0.8583
2025-12-15T17:00:00.0,0.0,0.0,0.0,0.0,1.0
2025-12-15T18:00:00.0,0.0,0.0,0.0,0.0,1.0
2025-12-15T19:00:00.0,0.0,0.0,0.0,0.0,1.0
2025-12-15T20:00:00.0,0.0,0.0,0.0,0.0,1.0
2025-12-15T21:00:00.0,0.0,0.0,0.0,0.0,1.0
2025-12-15T22:00:00.0,0.0,0.0,0.0,0.0,1.0
2025-12-15T23:00:00.0,0.0,0.0,0.0,0.0,1.0
2025-12-16T00:00:00.0,0.0,0.0,0.0,0.0,1.0
2025-12-16T01:00:00.0,0.0,0.0,0.0,0.0,1.0
2025-12-16T02:00:00.0,0.0,0.0,0.0,0.0,1.0
2025-12-16T03:00:00.0,0.0,0.0,0.0,0.0,1.0
2025-12-16T04:00:00.0,0.0,0.0,0.0,0.0,1.0
2025-12-16T05:00:00.0,0.0,0.0,0.0,0.0,1.0
2025-12-16T06:00:00.0,0.0,0.0,0.0,0.0,1.0
2025-12-16T07:00:00.0,0.0,0.0,0.0,0.0,1.0
2025-12-16T08:00:00.0,2.0425,0.4449,1.5976,13.5055,0.8667
2025-12-16T09:00:00.0,62.8228,37.0214,25.8014,381.3506,0.5917
2025-12-16T10:00:00.0,155.001,112.7834,42.2176,628.5223,1.0
2025-12-16T11:00:00.0,218.7226,170.7823,47.9403,728.098,1.0
2025-12-16T12:00:00.0,241.0196,192.3622,48.6574,759.0617,1.0
2025-12-16T13:00:00.0,218.9495,173.134,45.8155,739.0784,1.0
2025-12-16T14:00:00.0,155.7767,117.4439,38.3329,657.1349,1.0
2025-12-16T15:00:00.0,63.7922,40.8329,22.9593,428.8307,0.9083
2025-12-16T16:00:00.0,2.059,0.6282,1.4308,19.1178,0.8583
2025-12-16T17:00:00.0,0.0,0.0,0.0,0.0,1.0
2025-12-16T18:00:00.0,0.0,0.0,0.0,0.0,1.0
2025-12-16T19:00:00.0,0.0,0.0,0.0,0.0,1.0
2025-12-16T20:00:00.0,0.0,0.0,0.0,0.0,1.0
2025-12-16T21:00:00.0,0.0,0.0,0.0,0.0,1.0
2025-12-16T22:00:00.0,0.0,0.0,0.0,0.0,1.0
2025-12-16T23:00:00.0,0.0,0.0,0.0,0.0,1.0
2025-12-17T00:00:00.0,0.0,0.0,0.0,0.0,1.0
2025-12-17T01:00:00.0,0.0,0.0,0.0,0.0,1.0
2025-12-17T02:00:00.0,0.0,0.0,0.0,0.0,1.0
2025-12-17T03:00:00.0,0.0,0.0,0.0,0.0,1.0
2025-12-17T04:00:00.0,0.0,0.0,0.0,0.0,1.0
2025-12-17T05:00:00.0,0.0,0.0,0.0,0.0,1.0
2025-12-17T06:00:00.0,0.0,0.0,0.0,0.0,1.0
2025-12-17T07:00:00.0,0.0,0.0,0.0,0.0,1.0
2025-12-17T08:00:00.0,0.2081,0.0,0.2081,0.0,0.8667
2025-12-17T09:00:00.0,6.7914,0.0,6.7914,0.0,0.5917
2025-12-17T10:00:00.0,21.5375,0.0,21.5375,0.0,1.0
2025-12-17T11:00:00.0,80.752,5.0538,75.6982,21.7116,1.0
2025-12-17T12:00:00.0,38.7268,0.0,38.7268,0.0,1.0
2025-12-17T13:00:00.0,54.4654,0.0007,54.4647,0.0033,1.0
2025-12-17T14:00:00.0,65.5828,20.3727,45.2101,129.0724,1.0
2025-12-17T15:00:00.0,44.0594,10.5113,33.5481,98.6492,0.9083
2025-12-17T16:00:00.0,1.7084,0.0277,1.6806,0.8102,0.8583
2025-12-17T17:00:00.0,0.0,0.0,0.0,0.0,1.0
2025-12-17T18:00:00.0,0.0,0.0,0.0,0.0,1.0
2025-12-17T19:00:00.0,0.0,0.0,0.0,0.0,1.0
2025-12-17T20:00:00.0,0.0,0.0,0.0,0.0,1.0
2025-12-17T21:00:00.0,0.0,0.0,0.0,0.0,1.0
2025-12-17T22:00:00.0,0.0,0.0,0.0,0.0,1.0
2025-12-17T23:00:00.0,0.0,0.0,0.0,0.0,1.0
2025-12-18T00:00:00.0,0.0,0.0,0.0,0.0,1.0
2025-12-18T01:00:00.0,0.0,0.0,0.0,0.0,1.0
2025-12-18T02:00:00.0,0.0,0.0,0.0,0.0,1.0
2025-12-18T03:00:00.0,0.0,0.0,0.0,0.0,1.0
2025-12-18T04:00:00.0,0.0,0.0,0.0,0.0,1.0
2025-12-18T05:00:00.0,0.0,0.0,0.0,0.0,1.0
2025-12-18T06:00:00.0,0.0,0.0,0.0,0.0,1.0
2025-12-18T07:00:00.0,0.0,0.0,0.0,0.0,1.0
2025-12-18T08:00:00.0,0.1808,0.0,0.1808,0.0,0.875
2025-12-18T09:00:00.0,6.4736,0.0,6.4736,0.0,0.5917
2025-12-18T10:00:00.0,22.6723,0.071,22.6013,0.3398,1.0
2025-12-18T11:00:00.0,75.1555,2.9652,72.1902,13.3923,1.0
2025-12-18T12:00:00.0,24.2752,0.0,24.2752,0.0,1.0
2025-12-18T13:00:00.0,39.1613,0.0002,39.1611,0.0008,1.0
2025-12-18T14:00:00.0,88.8704,26.0854,62.785,159.6751,1.0
2025-12-18T15:00:00.0,49.6091,5.7853,43.8238,64.8493,0.9083
2025-12-18T16:00:00.0,1.8417,0.1259,1.7159,3.8216,0.8583
2025-12-18T17:00:00.0,0.0,0.0,0.0,0.0,1.0
2025-12-18T18:00:00.0,0.0,0.0,0.0,0.0,1.0
2025-12-18T19:00:00.0,0.0,0.0,0.0,0.0,1.0
2025-12-18T20:00:00.0,0.0,0.0,0.0,0.0,1.0
2025-12-18T21:00:00.0,0.0,0.0,0.0,0.0,1.0
2025-12-18T22:00:00.0,0.0,0.0,0.0,0.0,1.0
2025-12-18T23:00:00.0,0.0,0.0,0.0,0.0,1.0
2025-12-19T00:00:00.0,0.0,0.0,0.0,0.0,1.0
2025-12-19T01:00:00.0,0.0,0.0,0.0,0.0,1.0
2025-12-19T02:00:00.0,0.0,0.0,0.0,0.0,1.0
2025-12-19T03:00:00.0,0.0,0.0,0.0,0.0,1.0
2025-12-19T04:00:00.0,0.0,0.0,0.0,0.0,1.0
2025-12-19T05:00:00.0,0.0,0.0,0.0,0.0,1.0
2025-12-19T06:00:00.0,0.0,0.0,0.0,0.0,1.0
2025-12-19T07:00:00.0,0.0,0.0,0.0,0.0,1.0
2025-12-19T08:00:00.0,1.4373,0.0815,1.3558,2.3892,0.8833
2025-12-19T09:00:00.0,56.6132,26.3876,30.2256,272.8265,0.5917
2025-12-19T10:00:00.0,147.2057,93.1286,54.077,527.3721,1.0
2025-12-19T11:00:00.0,211.488,146.3899,65.0981,630.3897,1.0
2025-12-19T12:00:00.0,225.5547,151.0283,74.5264,599.1097,1.0
2025-12-19T13:00:00.0,198.8187,123.8004,75.0183,525.4177,1.0
2025-12-19T14:00:00.0,91.3621,35.6838,55.6784,220.7471,1.0
2025-12-19T15:00:00.0,59.6607,26.5002,33.1606,262.2328,0.9083
2025-12-19T16:00:00.0,2.0514,0.1292,1.9222,3.5922,0.85
2025-12-19T17:00:00.0,0.0,0.0,0.0,0.0,1.0
2025-12-19T18:00:00.0,0.0,0.0,0.0,0.0,1.0
2025-12-19T19:00:00.0,0.0,0.0,0.0,0.0,1.0
2025-12-19T20:00:00.0,0.0,0.0,0.0,0.0,1.0
2025-12-19T21:00:00.0,0.0,0.0,0.0,0.0,1.0
2025-12-19T22:00:00.0,0.0,0.0,0.0,0.0,1.0
2025-12-19T23:00:00.0,0.0,0.0,0.0,0.0,1.0
2025-12-20T00:00:00.0,0.0,0.0,0.0,0.0,1.0
2025-12-20T01:00:00.0,0.0,0.0,0.0,0.0,1.0
2025-12-20T02:00:00.0,0.0,0.0,0.0,0.0,1.0
2025-12-20T03:00:00.0,0.0,0.0,0.0,0.0,1.0
2025-12-20T04:00:00.0,0.0,0.0,0.0,0.0,1.0
2025-12-20T05:00:00.0,0.0,0.0,0.0,0.0,1.0
2025-12-20T06:00:00.0,0.0,0.0,0.0,0.0,1.0
2025-12-20T07:00:00.0,0.0,0.0,0.0,0.0,1.0
2025-12-20T08:00:00.0,0.1591,0.0,0.1591,0.0,0.8833
2025-12-20T09:00:00.0,6.5484,0.0,6.5484,0.0,0.5917
2025-12-20T10:00:00.0,16.5962,0.0,16.5962,0.0,1.0
2025-12-20T11:00:00.0,36.8699,0.0001,36.8697,0.0005,1.0
2025-12-20T12:00:00.0,118.666,9.6133,109.0527,38.07,1.0
2025-12-20T13:00:00.0,134.2982,15.7489,118.5494,65.9696,1.0
2025-12-20T14:00:00.0,30.7044,0.001,30.7034,0.0067,1.0
2025-12-20T15:00:00.0,39.3556,0.2799,39.0757,4.0235,0.9083
2025-12-20T16:00:00.0,1.7611,0.0077,1.7535,0.2254,0.85
2025-12-20T17:00:00.0,0.0,0.0,0.0,0.0,1.0
2025-12-20T18:00:00.0,0.0,0.0,0.0,0.0,1.0
2025-12-20T19:00:00.0,0.0,0.0,0.0,0.0,1.0
2025-12-20T20:00:00.0,0.0,0.0,0.0,0.0,1.0
2025-12-20T21:00:00.0,0.0,0.0,0.0,0.0,1.0
2025-12-20T22:00:00.0,0.0,0.0,0.0,0.0,1.0
2025-12-20T23:00:00.0,0.0,0.0,0.0,0.0,1.0
2025-12-21T00:00:00.0,0.0,0.0,0.0,0.0,1.0
2025-12-21T01:00:00.0,0.0,0.0,0.0,0.0,1.0
2025-12-21T02:00:00.0,0.0,0.0,0.0,0.0,1.0
2025-12-21T03:00:00.0,0.0,0.0,0.0,0.0,1.0
2025-12-21T04:00:00.0,0.0,0.0,0.0,0.0,1.0
2025-12-21T05:00:00.0,0.0,0.0,0.0,0.0,1.0
2025-12-21T06:00:00.0,0.0,0.0,0.0,0.0,1.0
2025-12-21T07:00:00.0,0.0,0.0,0.0,0.0,1.0
2025-12-21T08:00:00.0,0.8994,0.0051,0.8942,0.1533,0.8917
2025-12-21T09:00:00.0,41.4967,1.2336,40.2631,11.9792,0.5917
2025-12-21T10:00:00.0,114.8368,36.9069,77.93,228.2089,1.0
2025-12-21T11:00:00.0,109.0748,1.8223,107.2525,8.1598,1.0
2025-12-21T12:00:00.0,84.5603,0.9947,83.5656,3.9677,1.0
2025-12-21T13:00:00.0,49.2707,0.0044,49.2664,0.0178,1.0
2025-12-21T14:00:00.0,45.99,0.5542,45.4358,3.7055,1.0
2025-12-21T15:00:00.0,33.5443,0.1906,33.3537,1.426,0.9083
2025-12-21T16:00:00.0,1.397,0.0,1.397,0.0002,0.8417
2025-12-21T17:00:00.0,0.0,0.0,0.0,0.0,1.0
2025-12-21T18:00:00.0,0.0,0.0,0.0,0.0,1.0
2025-12-21T19:00:00.0,0.0,0.0,0.0,0.0,1.0
2025-12-21T20:00:00.0,0.0,0.0,0.0,0.0,1.0
2025-12-21T21:00:00.0,0.0,0.0,0.0,0.0,1.0
2025-12-21T22:00:00.0,0.0,0.0,0.0,0.0,1.0
2025-12-21T23:00:00.0,0.0,0.0,0.0,0.0,1.0
2025-12-22T00:00:00.0,0.0,0.0,0.0,0.0,1.0
2025-12-22T01:00:00.0,0.0,0.0,0.0,0.0,1.0
2025-12-22T02:00:00.0,0.0,0.0,0.0,0.0,1.0
2025-12-22T03:00:00.0,0.0,0.0,0.0,0.0,1.0
2025-12-22T04:00:00.0,0.0,0.0,0.0,0.0,1.0
2025-12-22T05:00:00.0,0.0,0.0,0.0,0.0,1.0
2025-12-22T06:00:00.0,0.0,0.0,0.0,0.0,1.0
2025-12-22T07:00:00.0,0.0,0.0,0.0,0.0,1.0
2025-12-22T08:00:00.0,0.129,0.0,0.129,0.0,0.8917
2025-12-22T09:00:00.0,6.358,0.0,6.358,0.0,0.5917
2025-12-22T10:00:00.0,30.1397,0.0226,30.1171,0.1203,1.0
2025-12-22T11:00:00.0,29.1016,0.0,29.1016,0.0,1.0
2025-12-22T12:00:00.0,20.7103,0.0,20.7103,0.0,1.0
2025-12-22T13:00:00.0,18.7449,0.0,18.7449,0.0,1.0
2025-12-22T14:00:00.0,24.519,0.0,24.519,0.0001,1.0
2025-12-22T15:00:00.0,36.9181,2.229,34.689,33.5311,0.9083
2025-12-22T16:00:00.0,2.1694,0.1373,2.0321,4.1043,0.8417
2025-12-22T17:00:00.0,0.0,0.0,0.0,0.0,1.0
2025-12-22T18:00:00.0,0.0,0.0,0.0,0.0,1.0
2025-12-22T19:00:00.0,0.0,0.0,0.0,0.0,1.0
2025-12-22T20:00:00.0,0.0,0.0,0.0,0.0,1.0
2025-12-22T21:00:00.0,0.0,0.0,0.0,0.0,1.0
2025-12-22T22:00:00.0,0.0,0.0,0.0,0.0,1.0
2025-12-22T23:00:00.0,0.0,0.0,0.0,0.0,1.0
2025-12-23T00:00:00.0,0.0,0.0,0.0,0.0,1.0
2025-12-23T01:00:00.0,0.0,0.0,0.0,0.0,1.0
2025-12-23T02:00:00.0,0.0,0.0,0.0,0.0,1.0
2025-12-23T03:00:00.0,0.0,0.0,0.0,0.0,1.0
2025-12-23T04:00:00.0,0.0,0.0,0.0,0.0,1.0
2025-12-23T05:00:00.0,0.0,0.0,0.0,0.0,1.0
2025-12-23T06:00:00.0,0.0,0.0,0.0,0.0,1.0
2025-12-23T07:00:00.0,0.0,0.0,0.0,0.0,1.0
2025-12-23T08:00:00.0,0.9892,0.0943,0.8948,2.58,0.9
2025-12-23T09:00:00.0,50.4209,23.7094,26.7115,256.6693,0.5917
2025-12-23T10:00:00.0,31.8778,4.2549,27.6229,30.9795,1.0
2025-12-23T11:00:00.0,33.3974,0.0,33.3974,0.0,1.0
2025-12-23T12:00:00.0,27.8817,0.0,27.8817,0.0,1.0
2025-12-23T13:00:00.0,40.1301,0.0,40.1301,0.0,1.0
2025-12-23T14:00:00.0,19.9627,0.0,19.9627,0.0,1.0
2025-12-23T15:00:00.0,30.1804,0.0019,30.1786,0.0273,0.9083
2025-12-23T16:00:00.0,1.7023,0.0001,1.7021,0.0034,0.8333
2025-12-23T17:00:00.0,0.0,0.0,0.0,0.0,1.0
2025-12-23T18:00:00.0,0.0,0.0,0.0,0.0,1.0
2025-12-23T19:00:00.0,0.0,0.0,0.0,0.0,1.0
2025-12-23T20:00:00.0,0.0,0.0,0.0,0.0,1.0
2025-12-23T21:00:00.0,0.0,0.0,0.0,0.0,1.0
2025-12-23T22:00:00.0,0.0,0.0,0.0,0.0,1.0
2025-12-23T23:00:00.0,0.0,0.0,0.0,0.0,1.0
2025-12-24T00:00:00.0,0.0,0.0,0.0,0.0,1.0
2025-12-24T01:00:00.0,0.0,0.0,0.0,0.0,1.0
2025-12-24T02:00:00.0,0.0,0.0,0.0,0.0,1.0
2025-12-24T03:00:00.0,0.0,0.0,0.0,0.0,1.0
2025-12-24T04:00:00.0,0.0,0.0,0.0,0.0,1.0
2025-12-24T05:00:00.0,0.0,0.0,0.0,0.0,1.0
2025-12-24T06:00:00.0,0.0,0.0,0.0,0.0,1.0
2025-12-24T07:00:00.0,0.0,0.0,0.0,0.0,1.0
2025-12-24T08:00:00.0,0.1204,0.0,0.1204,0.0,0.9
2025-12-24T09:00:00.0,6.4222,0.0,6.4222,0.0,0.5917
2025-12-24T10:00:00.0,15.8935,0.0,15.8935,0.0,1.0
2025-12-24T11:00:00.0,40.1164,0.0,40.1164,0.0,1.0
2025-12-24T12:00:00.0,65.9705,0.0017,65.9688,0.0067,1.0
2025-12-24T13:00:00.0,90.4539,0.1096,90.3443,0.4675,1.0
2025-12-24T14:00:00.0,64.3861,2.9784,61.4077,19.5246,1.0
2025-12-24T15:00:00.0,57.3613,20.1542,37.2071,227.902,0.9083
2025-12-24T16:00:00.0,2.9587,0.6534,2.3053,18.472,0.8333
2025-12-24T17:00:00.0,0.0,0.0,0.0,0.0,1.0
2025-12-24T18:00:00.0,0.0,0.0,0.0,0.0,1.0
2025-12-24T19:00:00.0,0.0,0.0,0.0,0.0,1.0
2025-12-24T20:00:00.0,0.0,0.0,0.0,0.0,1.0
2025-12-24T21:00:00.0,0.0,0.0,0.0,0.0,1.0
2025-12-24T22:00:00.0,0.0,0.0,0.0,0.0,1.0
2025-12-24T23:00:00.0,0.0,0.0,0.0,0.0,1.0
2025-12-25T00:00:00.0,0.0,0.0,0.0,0.0,1.0
2025-12-25T01:00:00.0,0.0,0.0,0.0,0.0,1.0
2025-12-25T02:00:00.0,0.0,0.0,0.0,0.0,1.0
2025-12-25T03:00:00.0,0.0,0.0,0.0,0.0,1.0
2025-12-25T04:00:00.0,0.0,0.0,0.0,0.0,1.0
2025-12-25T05:00:00.0,0.0,0.0,0.0,0.0,1.0
2025-12-25T06:00:00.0,0.0,0.0,0.0,0.0,1.0
2025-12-25T07:00:00.0,0.0,0.0,0.0,0.0,1.0
2025-12-25T08:00:00.0,0.9907,0.1757,0.8151,3.4734,0.9083
2025-12-25T09:00:00.0,56.8749,33.4854,23.3896,372.0312,0.5917
2025-12-25T10:00:00.0,144.1884,97.4166,46.7718,571.7235,1.0
2025-12-25T11:00:00.0,208.5628,152.5771,55.9857,656.2012,1.0
2025-12-25T12:00:00.0,250.1544,203.4713,46.6831,805.5168,1.0
2025-12-25T13:00:00.0,228.8161,181.3514,47.4647,767.1597,1.0
2025-12-25T14:00:00.0,164.8704,122.1267,42.7437,664.8887,1.0
2025-12-25T15:00:00.0,70.8863,43.5035,27.3828,426.0143,0.9083
2025-12-25T16:00:00.0,3.4026,0.9878,2.4148,28.0454,0.825
2025-12-25T17:00:00.0,0.0,0.0,0.0,0.0,1.0
2025-12-25T18:00:00.0,0.0,0.0,0.0,0.0,1.0
2025-12-25T19:00:00.0,0.0,0.0,0.0,0.0,1.0
2025-12-25T20:00:00.0,0.0,0.0,0.0,0.0,1.0
2025-12-25T21:00:00.0,0.0,0.0,0.0,0.0,1.0
2025-12-25T22:00:00.0,0.0,0.0,0.0,0.0,1.0
2025-12-25T23:00:00.0,0.0,0.0,0.0,0.0,1.0
2025-12-26T00:00:00.0,0.0,0.0,0.0,0.0,1.0
2025-12-26T01:00:00.0,0.0,0.0,0.0,0.0,1.0
2025-12-26T02:00:00.0,0.0,0.0,0.0,0.0,1.0
2025-12-26T03:00:00.0,0.0,0.0,0.0,0.0,1.0
2025-12-26T04:00:00.0,0.0,0.0,0.0,0.0,1.0
2025-12-26T05:00:00.0,0.0,0.0,0.0,0.0,1.0
2025-12-26T06:00:00.0,0.0,0.0,0.0,0.0,1.0
2025-12-26T07:00:00.0,0.0,0.0,0.0,0.0,1.0
2025-12-26T08:00:00.0,0.1057,0.0,0.1057,0.0,0.9083
2025-12-26T09:00:00.0,6.2181,0.0,6.2181,0.0,0.5917
2025-12-26T10:00:00.0,14.6249,0.0,14.6249,0.0,1.0
2025-12-26T11:00:00.0,25.9977,0.0,25.9977,0.0,1.0
2025-12-26T12:00:00.0,35.3702,0.0,35.3702,0.0,1.0
2025-12-26T13:00:00.0,39.3332,0.0,39.3332,0.0,1.0
2025-12-26T14:00:00.0,40.5815,0.0816,40.5,0.5123,1.0
2025-12-26T15:00:00.0,51.2355,14.2632,36.9722,163.6372,0.9083
2025-12-26T16:00:00.0,3.169,0.4942,2.6748,14.0471,0.8167
2025-12-26T17:00:00.0,0.0,0.0,0.0,0.0,1.0
2025-12-26T18:00:00.0,0.0,0.0,0.0,0.0,1.0
2025-12-26T19:00:00.0,0.0,0.0,0.0,0.0,1.0
2025-12-26T20:00:00.0,0.0,0.0,0.0,0.0,1.0
2025-12-26T21:00:00.0,0.0,0.0,0.0,0.0,1.0
2025-12-26T22:00:00.0,0.0,0.0,0.0,0.0,1.0
2025-12-26T23:00:00.0,0.0,0.0,0.0,0.0,1.0
2025-12-27T00:00:00.0,0.0,0.0,0.0,0.0,1.0
2025-12-27T01:00:00.0,0.0,0.0,0.0,0.0,1.0
2025-12-27T02:00:00.0,0.0,0.0,0.0,0.0,1.0
2025-12-27T03:00:00.0,0.0,0.0,0.0,0.0,1.0
2025-12-27T04:00:00.0,0.0,0.0,0.0,0.0,1.0
2025-12-27T05:00:00.0,0.0,0.0,0.0,0.0,1.0
2025-12-27T06:00:00.0,0.0,0.0,0.0,0.0,1.0
2025-12-27T07:00:00.0,0.0,0.0,0.0,0.0,1.0
2025-12-27T08:00:00.0,0.8355,0.0807,0.7548,1.7496,0.9083
2025-12-27T09:00:00.0,51.2336,24.9792,26.2544,271.606,0.5917
2025-12-27T10:00:00.0,130.26,72.1169,58.1431,420.8629,1.0
2025-12-27T11:00:00.0,197.373,126.6304,70.7425,552.263,1.0
2025-12-27T12:00:00.0,193.3694,68.6026,124.7668,269.9164,1.0
2025-12-27T13:00:00.0,215.054,151.5924,63.4616,641.5485,1.0
2025-12-27T14:00:00.0,165.4234,125.4797,39.9437,675.3936,1.0
2025-12-27T15:00:00.0,73.9508,48.7239,25.2269,469.4685,0.9083
2025-12-27T16:00:00.0,4.1255,1.5787,2.5469,41.6797,0.8083
2025-12-27T17:00:00.0,0.0,0.0,0.0,0.0,1.0
2025-12-27T18:00:00.0,0.0,0.0,0.0,0.0,1.0
2025-12-27T19:00:00.0,0.0,0.0,0.0,0.0,1.0
2025-12-27T20:00:00.0,0.0,0.0,0.0,0.0,1.0
2025-12-27T21:00:00.0,0.0,0.0,0.0,0.0,1.0
2025-12-27T22:00:00.0,0.0,0.0,0.0,0.0,1.0
2025-12-27T23:00:00.0,0.0,0.0,0.0,0.0,1.0
2025-12-28T00:00:00.0,0.0,0.0,0.0,0.0,1.0
2025-12-28T01:00:00.0,0.0,0.0,0.0,0.0,1.0
2025-12-28T02:00:00.0,0.0,0.0,0.0,0.0,1.0
2025-12-28T03:00:00.0,0.0,0.0,0.0,0.0,1.0
2025-12-28T04:00:00.0,0.0,0.0,0.0,0.0,1.0
2025-12-28T05:00:00.0,0.0,0.0,0.0,0.0,1.0
2025-12-28T06:00:00.0,0.0,0.0,0.0,0.0,1.0
2025-12-28T07:00:00.0,0.0,0.0,0.0,0.0,1.0
2025-12-28T08:00:00.0,0.1036,0.0,0.1036,0.0,0.9083
2025-12-28T09:00:00.0,6.2878,0.0,6.2878,0.0,0.5917
2025-12-28T10:00:00.0,14.6367,0.0,14.6367,0.0,1.0
2025-12-28T11:00:00.0,21.1937,0.0,21.1937,0.0,1.0
2025-12-28T12:00:00.0,29.5307,0.0,29.5307,0.0,1.0
2025-12-28T13:00:00.0,30.6136,0.0,30.6136,0.0,1.0
2025-12-28T14:00:00.0,17.7863,0.0,17.7863,0.0,1.0
2025-12-28T15:00:00.0,26.7648,0.0,26.7648,0.0,0.9083
2025-12-28T16:00:00.0,2.0727,0.0,2.0727,0.0,0.8
2025-12-28T17:00:00.0,0.0,0.0,0.0,0.0,1.0
2025-12-28T18:00:00.0,0.0,0.0,0.0,0.0,1.0
2025-12-28T19:00:00.0,0.0,0.0,0.0,0.0,1.0
2025-12-28T20:00:00.0,0.0,0.0,0.0,0.0,1.0
2025-12-28T21:00:00.0,0.0,0.0,0.0,0.0,1.0
2025-12-28T22:00:00.0,0.0,0.0,0.0,0.0,1.0
2025-12-28T23:00:00.0,0.0,0.0,0.0,0.0,1.0
2025-12-29T00:00:00.0,0.0,0.0,0.0,0.0,1.0
2025-12-29T01:00:00.0,0.0,0.0,0.0,0.0,1.0
2025-12-29T02:00:00.0,0.0,0.0,0.0,0.0,1.0
2025-12-29T03:00:00.0,0.0,0.0,0.0,0.0,1.0
2025-12-29T04:00:00.0,0.0,0.0,0.0,0.0,1.0
2025-12-29T05:00:00.0,0.0,0.0,0.0,0.0,1.0
2025-12-29T06:00:00.0,0.0,0.0,0.0,0.0,1.0
2025-12-29T07:00:00.0,0.0,0.0,0.0,0.0,1.0
2025-12-29T08:00:00.0,0.101,0.0,0.101,0.0,0.9083
2025-12-29T09:00:00.0,6.1726,0.0,6.1726,0.0,0.5917
2025-12-29T10:00:00.0,14.6948,0.0,14.6948,0.0,1.0
2025-12-29T11:00:00.0,19.2233,0.0,19.2233,0.0,1.0
2025-12-29T12:00:00.0,31.0838,0.0,31.0838,0.0,1.0
2025-12-29T13:00:00.0,19.6011,0.0,19.6011,0.0,1.0
2025-12-29T14:00:00.0,15.2592,0.0,15.2592,0.0,1.0
2025-12-29T15:00:00.0,12.2858,0.0,12.2858,0.0,0.9083
2025-12-29T16:00:00.0,1.4673,0.0,1.4673,0.0,0.8
2025-12-29T17:00:00.0,0.0,0.0,0.0,0.0,1.0
2025-12-29T18:00:00.0,0.0,0.0,0.0,0.0,1.0
2025-12-29T19:00:00.0,0.0,0.0,0.0,0.0,1.0
2025-12-29T20:00:00.0,0.0,0.0,0.0,0.0,1.0
2025-12-29T21:00:00.0,0.0,0.0,0.0,0.0,1.0
2025-12-29T22:00:00.0,0.0,0.0,0.0,0.0,1.0
2025-12-29T23:00:00.0,0.0,0.0,0.0,0.0,1.0
2025-12-30T00:00:00.0,0.0,0.0,0.0,0.0,1.0
2025-12-30T01:00:00.0,0.0,0.0,0.0,0.0,1.0
2025-12-30T02:00:00.0,0.0,0.0,0.0,0.0,1.0
2025-12-30T03:00:00.0,0.0,0.0,0.0,0.0,1.0
2025-12-30T04:00:00.0,0.0,0.0,0.0,0.0,1.0
2025-12-30T05:00:00.0,0.0,0.0,0.0,0.0,1.0
2025-12-30T06:00:00.0,0.0,0.0,0.0,0.0,1.0
2025-12-30T07:00:00.0,0.0,0.0,0.0,0.0,1.0
2025-12-30T08:00:00.0,0.3556,0.0,0.3556,0.0,0.9083
2025-12-30T09:00:00.0,22.2356,0.0,22.2356,0.0,0.7167
2025-12-30T10:00:00.0,17.8137,0.0,17.8137,0.0,1.0
2025-12-30T11:00:00.0,28.2001,0.0,28.2001,0.0,1.0
2025-12-30T12:00:00.0,22.989,0.0,22.989,0.0,1.0
2025-12-30T13:00:00.0,73.1817,0.8833,72.2984,3.7423,1.0
2025-12-30T14:00:00.0,44.098,0.0258,44.0722,0.1458,1.0
2025-12-30T15:00:00.0,33.674,0.2587,33.4153,3.3064,0.9083
2025-12-30T16:00:00.0,4.0243,0.0313,3.993,0.7828,0.7917
2025-12-30T17:00:00.0,0.0,0.0,0.0,0.0,1.0
2025-12-30T18:00:00.0,0.0,0.0,0.0,0.0,1.0
2025-12-30T19:00:00.0,0.0,0.0,0.0,0.0,1.0
2025-12-30T20:00:00.0,0.0,0.0,0.0,0.0,1.0
2025-12-30T21:00:00.0,0.0,0.0,0.0,0.0,1.0
2025-12-30T22:00:00.0,0.0,0.0,0.0,0.0,1.0
2025-12-30T23:00:00.0,0.0,0.0,0.0,0.0,1.0
2025-12-31T00:00:00.0,0.0,0.0,0.0,0.0,1.0
2025-12-31T01:00:00.0,0.0,0.0,0.0,0.0,1.0
2025-12-31T02:00:00.0,0.0,0.0,0.0,0.0,1.0
2025-12-31T03:00:00.0,0.0,0.0,0.0,0.0,1.0
2025-12-31T04:00:00.0,0.0,0.0,0.0,0.0,1.0
2025-12-31T05:00:00.0,0.0,0.0,0.0,0.0,1.0
2025-12-31T06:00:00.0,0.0,0.0,0.0,0.0,1.0
2025-12-31T07:00:00.0,0.0,0.0,0.0,0.0,1.0
2025-12-31T08:00:00.0,0.122,0.0,0.122,0.0,0.9083
2025-12-31T09:00:00.0,7.2145,0.0,7.2145,0.0,0.7167
2025-12-31T10:00:00.0,15.5183,0.0,15.5183,0.0,1.0
2025-12-31T11:00:00.0,30.2433,0.0,30.2433,0.0,1.0
2025-12-31T12:00:00.0,66.1019,0.0012,66.1007,0.0045,1.0
2025-12-31T13:00:00.0,65.6343,0.5107,65.1236,2.2345,1.0
2025-12-31T14:00:00.0,117.0139,15.5641,101.4498,92.3378,1.0
2025-12-31T15:00:00.0,73.4282,33.1217,40.3065,299.5823,0.9083
2025-12-31T16:00:00.0,5.4512,1.3814,4.0698,33.6182,0.7917
2025-12-31T17:00:00.0,0.0,0.0,0.0,0.0,1.0
2025-12-31T18:00:00.0,0.0,0.0,0.0,0.0,1.0
2025-12-31T19:00:00.0,0.0,0.0,0.0,0.0,1.0
2025-12-31T20:00:00.0,0.0,0.0,0.0,0.0,1.0
2025-12-31T21:00:00.0,0.0,0.0,0.0,0.0,1.0
2025-12-31T22:00:00.0,0.0,0.0,0.0,0.0,1.0
2025-12-31T23:00:00.0,0.0,0.0,0.0,0.0,1.0
2026-01-01T00:00:00.0,0.0,0.0,0.0,0.0,1.0
2026-01-01T01:00:00.0,0.0,0.0,0.0,0.0,1.0
2026-01-01T02:00:00.0,0.0,0.0,0.0,0.0,1.0
2026-01-01T03:00:00.0,0.0,0.0,0.0,0.0,1.0
2026-01-01T04:00:00.0,0.0,0.0,0.0,0.0,1.0
2026-01-01T05:00:00.0,0.0,0.0,0.0,0.0,1.0
2026-01-01T06:00:00.0,0.0,0.0,0.0,0.0,1.0
2026-01-01T07:00:00.0,0.0,0.0,0.0,0.0,1.0
2026-01-01T08:00:00.0,0.8712,0.0998,0.7714,2.0402,0.9083
2026-01-01T09:00:00.0,48.8044,18.8607,29.9437,232.0217,0.7167
2026-01-01T10:00:00.0,129.1929,64.2173,64.9757,344.4492,1.0
2026-01-01T11:00:00.0,123.5247,16.2104,107.3143,74.2835,1.0
2026-01-01T12:00:00.0,198.248,105.6576,92.5904,406.0469,1.0
2026-01-01T13:00:00.0,171.3511,75.7436,95.6074,300.9337,1.0
2026-01-01T14:00:00.0,26.1472,2.8985,23.2487,13.08,1.0
2026-01-01T15:00:00.0,47.4929,12.5833,34.9096,154.8288,0.9083
2026-01-01T16:00:00.0,6.2616,2.0479,4.2136,48.7617,0.7667
2026-01-01T17:00:00.0,0.0,0.0,0.0,0.0,1.0
2026-01-01T18:00:00.0,0.0,0.0,0.0,0.0,1.0
2026-01-01T19:00:00.0,0.0,0.0,0.0,0.0,1.0
2026-01-01T20:00:00.0,0.0,0.0,0.0,0.0,1.0
2026-01-01T21:00:00.0,0.0,0.0,0.0,0.0,1.0
2026-01-01T22:00:00.0,0.0,0.0,0.0,0.0,1.0
2026-01-01T23:00:00.0,0.0,0.0,0.0,0.0,1.0
2026-01-02T00:00:00.0,0.0,0.0,0.0,0.0,1.0
2026-01-02T01:00:00.0,0.0,0.0,0.0,0.0,1.0
2026-01-02T02:00:00.0,0.0,0.0,0.0,0.0,1.0
2026-01-02T03:00:00.0,0.0,0.0,0.0,0.0,1.0
2026-01-02T04:00:00.0,0.0,0.0,0.0,0.0,1.0
2026-01-02T05:00:00.0,0.0,0.0,0.0,0.0,1.0
2026-01-02T06:00:00.0,0.0,0.0,0.0,0.0,1.0
2026-01-02T07:00:00.0,0.0,0.0,0.0,0.0,1.0
2026-01-02T08:00:00.0,0.4077,0.0,0.4077,0.0,0.9083
2026-01-02T09:00:00.0,34.4512,10.9187,23.5326,89.4993,0.7167
2026-01-02T10:00:00.0,120.4487,47.4719,72.9768,255.1954,1.0
2026-01-02T11:00:00.0,225.0209,168.611,56.4098,713.4359,1.0
2026-01-02T12:00:00.0,254.6973,194.8029,59.8944,747.3615,1.0
2026-01-02T13:00:00.0,238.7909,181.871,56.9198,736.972,1.0
2026-01-02T14:00:00.0,179.2865,130.5826,48.704,666.2927,1.0
2026-01-02T15:00:00.0,86.043,53.7708,32.2723,467.8427,0.9083
2026-01-02T16:00:00.0,7.1516,2.47,4.6816,56.9367,0.7583
2026-01-02T17:00:00.0,0.0,0.0,0.0,0.0,1.0
2026-01-02T18:00:00.0,0.0,0.0,0.0,0.0,1.0
2026-01-02T19:00:00.0,0.0,0.0,0.0,0.0,1.0
2026-01-02T20:00:00.0,0.0,0.0,0.0,0.0,1.0
2026-01-02T21:00:00.0,0.0,0.0,0.0,0.0,1.0
2026-01-02T22:00:00.0,0.0,0.0,0.0,0.0,1.0
2026-01-02T23:00:00.0,0.0,0.0,0.0,0.0,1.0
2026-01-03T00:00:00.0,0.0,0.0,0.0,0.0,1.0
2026-01-03T01:00:00.0,0.0,0.0,0.0,0.0,1.0
2026-01-03T02:00:00.0,0.0,0.0,0.0,0.0,1.0
2026-01-03T03:00:00.0,0.0,0.0,0.0,0.0,1.0
2026-01-03T04:00:00.0,0.0,0.0,0.0,0.0,1.0
2026-01-03T05:00:00.0,0.0,0.0,0.0,0.0,1.0
2026-01-03T06:00:00.0,0.0,0.0,0.0,0.0,1.0
2026-01-03T07:00:00.0,0.0,0.0,0.0,0.0,1.0
2026-01-03T08:00:00.0,0.9526,0.0706,0.8819,1.544,0.9083
2026-01-03T09:00:00.0,56.6669,29.2203,27.4466,312.5794,0.7167
2026-01-03T10:00:00.0,145.7906,90.8339,54.9567,514.6979,1.0
2026-01-03T11:00:00.0,223.547,163.9535,59.5935,688.0665,1.0
2026-01-03T12:00:00.0,256.1314,196.3401,59.7913,748.7282,1.0
2026-01-03T13:00:00.0,240.7019,184.203,56.4988,740.8568,1.0
2026-01-03T14:00:00.0,181.6015,133.4664,48.1351,673.9391,1.0
2026-01-03T15:00:00.0,88.4458,56.2576,32.1882,481.0139,0.9083
2026-01-03T16:00:00.0,7.8871,2.8771,5.01,65.624,0.75
2026-01-03T17:00:00.0,0.0,0.0,0.0,0.0,1.0
2026-01-03T18:00:00.0,0.0,0.0,0.0,0.0,1.0
2026-01-03T19:00:00.0,0.0,0.0,0.0,0.0,1.0
2026-01-03T20:00:00.0,0.0,0.0,0.0,0.0,1.0
2026-01-03T21:00:00.0,0.0,0.0,0.0,0.0,1.0
2026-01-03T22:00:00.0,0.0,0.0,0.0,0.0,1.0
2026-01-03T23:00:00.0,0.0,0.0,0.0,0.0,1.0
2026-01-04T00:00:00.0,0.0,0.0,0.0,0.0,1.0
2026-01-04T01:00:00.0,0.0,0.0,0.0,0.0,1.0
2026-01-04T02:00:00.0,0.0,0.0,0.0,0.0,1.0
2026-01-04T03:00:00.0,0.0,0.0,0.0,0.0,1.0
2026-01-04T04:00:00.0,0.0,0.0,0.0,0.0,1.0
2026-01-04T05:00:00.0,0.0,0.0,0.0,0.0,1.0
2026-01-04T06:00:00.0,0.0,0.0,0.0,0.0,1.0
2026-01-04T07:00:00.0,0.0,0.0,0.0,0.0,1.0
2026-01-04T08:00:00.0,1.0157,0.1617,0.8541,3.211,0.9
2026-01-04T09:00:00.0,57.5439,32.9692,24.5747,357.1385,0.7167
2026-01-04T10:00:00.0,148.436,101.2446,47.1914,575.3625,1.0
2026-01-04T11:00:00.0,221.4908,168.7737,52.7172,704.4171,1.0
2026-01-04T12:00:00.0,242.9388,182.2703,60.6685,690.8317,1.0
2026-01-04T13:00:00.0,216.7393,149.5156,67.2237,590.5431,1.0
2026-01-04T14:00:00.0,61.5741,0.7154,60.8587,3.1457,1.0
2026-01-04T15:00:00.0,43.1081,15.6963,27.4117,129.1635,0.9083
2026-01-04T16:00:00.0,2.247,0.0,2.247,0.0,0.7417
2026-01-04T17:00:00.0,0.0,0.0,0.0,0.0,1.0
2026-01-04T18:00:00.0,0.0,0.0,0.0,0.0,1.0
2026-01-04T19:00:00.0,0.0,0.0,0.0,0.0,1.0
2026-01-04T20:00:00.0,0.0,0.0,0.0,0.0,1.0
2026-01-04T21:00:00.0,0.0,0.0,0.0,0.0,1.0
2026-01-04T22:00:00.0,0.0,0.0,0.0,0.0,1.0
2026-01-04T23:00:00.0,0.0,0.0,0.0,0.0,1.0
2026-01-05T00:00:00.0,0.0,0.0,0.0,0.0,1.0
2026-01-05T01:00:00.0,0.0,0.0,0.0,0.0,1.0
2026-01-05T02:00:00.0,0.0,0.0,0.0,0.0,1.0
2026-01-05T03:00:00.0,0.0,0.0,0.0,0.0,1.0
2026-01-05T04:00:00.0,0.0,0.0,0.0,0.0,1.0
2026-01-05T05:00:00.0,0.0,0.0,0.0,0.0,1.0
2026-01-05T06:00:00.0,0.0,0.0,0.0,0.0,1.0
2026-01-05T07:00:00.0,0.0,0.0,0.0,0.0,1.0
2026-01-05T08:00:00.0,1.1107,0.1889,0.9218,5.0412,0.9
2026-01-05T09:00:00.0,59.7136,34.1687,25.5449,368.0737,0.7167
2026-01-05T10:00:00.0,158.4444,112.3206,46.1238,626.3555,1.0
2026-01-05T11:00:00.0,229.817,174.0025,55.8145,723.509,1.0
2026-01-05T12:00:00.0,259.4796,200.6078,58.8719,754.8737,1.0
2026-01-05T13:00:00.0,243.5892,187.0625,56.5267,740.1133,1.0
2026-01-05T14:00:00.0,184.1157,135.0894,49.0263,666.5662,1.0
2026-01-05T15:00:00.0,91.2217,58.0523,33.1694,477.4927,0.9083
2026-01-05T16:00:00.0,9.1852,3.5096,5.6755,74.2545,0.7333
2026-01-05T17:00:00.0,0.0,0.0,0.0,0.0,1.0
2026-01-05T18:00:00.0,0.0,0.0,0.0,0.0,1.0
2026-01-05T19:00:00.0,0.0,0.0,0.0,0.0,1.0
2026-01-05T20:00:00.0,0.0,0.0,0.0,0.0,1.0
2026-01-05T21:00:00.0,0.0,0.0,0.0,0.0,1.0
2026-01-05T22:00:00.0,0.0,0.0,0.0,0.0,1.0
2026-01-05T23:00:00.0,0.0,0.0,0.0,0.0,1.0
2026-01-06T00:00:00.0,0.0,0.0,0.0,0.0,1.0
2026-01-06T01:00:00.0,0.0,0.0,0.0,0.0,1.0
2026-01-06T02:00:00.0,0.0,0.0,0.0,0.0,1.0
2026-01-06T03:00:00.0,0.0,0.0,0.0,0.0,1.0
2026-01-06T04:00:00.0,0.0,0.0,0.0,0.0,1.0
2026-01-06T05:00:00.0,0.0,0.0,0.0,0.0,1.0
2026-01-06T06:00:00.0,0.0,0.0,0.0,0.0,1.0
2026-01-06T07:00:00.0,0.0,0.0,0.0,0.0,1.0
2026-01-06T08:00:00.0,0.1444,0.0,0.1444,0.0,0.9
2026-01-06T09:00:00.0,7.4128,0.0,7.4128,0.0,0.7167
2026-01-06T10:00:00.0,49.368,6.5314,42.8366,31.1007,1.0
2026-01-06T11:00:00.0,186.2661,97.3853,88.8808,404.8286,1.0
2026-01-06T12:00:00.0,116.2716,3.137,113.1346,11.8991,1.0
2026-01-06T13:00:00.0,94.4047,29.1845,65.2203,121.1513,1.0
2026-01-06T14:00:00.0,48.2397,15.5315,32.7082,72.8923,1.0
2026-01-06T15:00:00.0,82.7254,39.7464,42.979,336.3509,0.9083
2026-01-06T16:00:00.0,9.3692,2.6534,6.7158,52.5091,0.725
2026-01-06T17:00:00.0,0.0,0.0,0.0,0.0,1.0
2026-01-06T18:00:00.0,0.0,0.0,0.0,0.0,1.0
2026-01-06T19:00:00.0,0.0,0.0,0.0,0.0,1.0
2026-01-06T20:00:00.0,0.0,0.0,0.0,0.0,1.0
2026-01-06T21:00:00.0,0.0,0.0,0.0,0.0,1.0
2026-01-06T22:00:00.0,0.0,0.0,0.0,0.0,1.0
2026-01-06T23:00:00.0,0.0,0.0,0.0,0.0,1.0
2026-01-07T00:00:00.0,0.0,0.0,0.0,0.0,1.0
2026-01-07T01:00:00.0,0.0,0.0,0.0,0.0,1.0
2026-01-07T02:00:00.0,0.0,0.0,0.0,0.0,1.0
2026-01-07T03:00:00.0,0.0,0.0,0.0,0.0,1.0
2026-01-07T04:00:00.0,0.0,0.0,0.0,0.0,1.0
2026-01-07T05:00:00.0,0.0,0.0,0.0,0.0,1.0
2026-01-07T06:00:00.0,0.0,0.0,0.0,0.0,1.0
2026-01-07T07:00:00.0,0.0,0.0,0.0,0.0,1.0
2026-01-07T08:00:00.0,0.8664,0.0002,0.8662,0.0064,0.8917
2026-01-07T09:00:00.0,38.1703,0.017,38.1534,0.2042,0.7167
2026-01-07T10:00:00.0,74.0091,0.1422,73.8669,0.779,1.0
2026-01-07T11:00:00.0,83.688,0.0197,83.6683,0.0789,1.0
2026-01-07T12:00:00.0,31.1204,0.0025,31.1179,0.0093,1.0
2026-01-07T13:00:00.0,84.0246,0.2823,83.7422,1.1309,1.0
2026-01-07T14:00:00.0,109.3302,3.5221,105.8081,19.1237,1.0
2026-01-07T15:00:00.0,61.7452,8.4216,53.3236,56.2072,0.9083
2026-01-07T16:00:00.0,4.0545,0.0,4.0545,0.0,0.7083
2026-01-07T17:00:00.0,0.0,0.0,0.0,0.0,1.0
2026-01-07T18:00:00.0,0.0,0.0,0.0,0.0,1.0
2026-01-07T19:00:00.0,0.0,0.0,0.0,0.0,1.0
2026-01-07T20:00:00.0,0.0,0.0,0.0,0.0,1.0
2026-01-07T21:00:00.0,0.0,0.0,0.0,0.0,1.0
2026-01-07T22:00:00.0,0.0,0.0,0.0,0.0,1.0
2026-01-07T23:00:00.0,0.0,0.0,0.0,0.0,1.0
2026-01-08T00:00:00.0,0.0,0.0,0.0,0.0,1.0
2026-01-08T01:00:00.0,0.0,0.0,0.0,0.0,1.0
2026-01-08T02:00:00.0,0.0,0.0,0.0,0.0,1.0
2026-01-08T03:00:00.0,0.0,0.0,0.0,0.0,1.0
2026-01-08T04:00:00.0,0.0,0.0,0.0,0.0,1.0
2026-01-08T05:00:00.0,0.0,0.0,0.0,0.0,1.0
2026-01-08T06:00:00.0,0.0,0.0,0.0,0.0,1.0
2026-01-08T07:00:00.0,0.0,0.0,0.0,0.0,1.0
2026-01-08T08:00:00.0,0.8464,0.0001,0.8464,0.0014,0.8917
2026-01-08T09:00:00.0,28.2955,0.0137,28.2818,0.1527,0.7167
2026-01-08T10:00:00.0,27.6729,0.0007,27.6723,0.0042,1.0
2026-01-08T11:00:00.0,19.7222,0.0,19.7222,0.0,1.0
2026-01-08T12:00:00.0,23.3357,0.0,23.3357,0.0,1.0
2026-01-08T13:00:00.0,20.6884,0.0,20.6884,0.0,1.0
2026-01-08T14:00:00.0,17.1899,0.0,17.1899,0.0,1.0
2026-01-08T15:00:00.0,17.8794,0.0,17.8794,0.0,1.0
2026-01-08T16:00:00.0,3.7231,0.0,3.7231,0.0,0.7333
2026-01-08T17:00:00.0,0.0,0.0,0.0,0.0,1.0
2026-01-08T18:00:00.0,0.0,0.0,0.0,0.0,1.0
2026-01-08T19:00:00.0,0.0,0.0,0.0,0.0,1.0
2026-01-08T20:00:00.0,0.0,0.0,0.0,0.0,1.0
2026-01-08T21:00:00.0,0.0,0.0,0.0,0.0,1.0
2026-01-08T22:00:00.0,0.0,0.0,0.0,0.0,1.0
2026-01-08T23:00:00.0,0.0,0.0,0.0,0.0,1.0
2026-01-09T00:00:00.0,0.0,0.0,0.0,0.0,1.0
2026-01-09T01:00:00.0,0.0,0.0,0.0,0.0,1.0
2026-01-09T02:00:00.0,0.0,0.0,0.0,0.0,1.0
2026-01-09T03:00:00.0,0.0,0.0,0.0,0.0,1.0
2026-01-09T04:00:00.0,0.0,0.0,0.0,0.0,1.0
2026-01-09T05:00:00.0,0.0,0.0,0.0,0.0,1.0
2026-01-09T06:00:00.0,0.0,0.0,0.0,0.0,1.0
2026-01-09T07:00:00.0,0.0,0.0,0.0,0.0,1.0
2026-01-09T08:00:00.0,1.3943,0.0985,1.2958,3.0366,0.8833
2026-01-09T09:00:00.0,59.8678,29.9983,29.8695,300.5679,0.7167
2026-01-09T10:00:00.0,152.5043,91.3436,61.1607,475.8767,1.0
2026-01-09T11:00:00.0,212.4862,134.9234,77.5627,547.6932,1.0
2026-01-09T12:00:00.0,247.4977,175.3473,72.1504,639.2998,1.0
2026-01-09T13:00:00.0,238.7786,171.7456,67.0331,655.3842,1.0
2026-01-09T14:00:00.0,191.1461,136.2467,54.8994,638.9584,1.0
2026-01-09T15:00:00.0,98.5452,58.6994,39.8458,440.8736,1.0
2026-01-09T16:00:00.0,12.408,3.7899,8.6181,67.32,0.7167
2026-01-09T17:00:00.0,0.0,0.0,0.0,0.0,1.0
2026-01-09T18:00:00.0,0.0,0.0,0.0,0.0,1.0
2026-01-09T19:00:00.0,0.0,0.0,0.0,0.0,1.0
2026-01-09T20:00:00.0,0.0,0.0,0.0,0.0,1.0
2026-01-09T21:00:00.0,0.0,0.0,0.0,0.0,1.0
2026-01-09T22:00:00.0,0.0,0.0,0.0,0.0,1.0
2026-01-09T23:00:00.0,0.0,0.0,0.0,0.0,1.0
2026-01-10T00:00:00.0,0.0,0.0,0.0,0.0,1.0
2026-01-10T01:00:00.0,0.0,0.0,0.0,0.0,1.0
2026-01-10T02:00:00.0,0.0,0.0,0.0,0.0,1.0
2026-01-10T03:00:00.0,0.0,0.0,0.0,0.0,1.0
2026-01-10T04:00:00.0,0.0,0.0,0.0,0.0,1.0
2026-01-10T05:00:00.0,0.0,0.0,0.0,0.0,1.0
2026-01-10T06:00:00.0,0.0,0.0,0.0,0.0,1.0
2026-01-10T07:00:00.0,0.0,0.0,0.0,0.0,1.0
2026-01-10T08:00:00.0,1.2583,0.0091,1.2493,0.2559,0.8833
2026-01-10T09:00:00.0,46.814,1.6602,45.1538,17.7727,0.7167
2026-01-10T10:00:00.0,86.8965,1.0215,85.8751,6.0626,1.0
2026-01-10T11:00:00.0,153.275,22.5273,130.7476,88.4024,1.0
2026-01-10T12:00:00.0,109.7901,5.1746,104.6154,18.9478,1.0
2026-01-10T13:00:00.0,56.5055,0.0214,56.4841,0.0865,1.0
2026-01-10T14:00:00.0,70.628,1.3076,69.3204,5.7383,1.0
2026-01-10T15:00:00.0,38.7867,0.0031,38.7837,0.02,1.0
2026-01-10T16:00:00.0,8.2866,0.0001,8.2864,0.0022,0.7083
2026-01-10T17:00:00.0,0.0,0.0,0.0,0.0,1.0
2026-01-10T18:00:00.0,0.0,0.0,0.0,0.0,1.0
2026-01-10T19:00:00.0,0.0,0.0,0.0,0.0,1.0
2026-01-10T20:00:00.0,0.0,0.0,0.0,0.0,1.0
2026-01-10T21:00:00.0,0.0,0.0,0.0,0.0,1.0
2026-01-10T22:00:00.0,0.0,0.0,0.0,0.0,1.0
2026-01-10T23:00:00.0,0.0,0.0,0.0,0.0,1.0
2026-01-11T00:00:00.0,0.0,0.0,0.0,0.0,1.0
2026-01-11T01:00:00.0,0.0,0.0,0.0,0.0,1.0
2026-01-11T02:00:00.0,0.0,0.0,0.0,0.0,1.0
2026-01-11T03:00:00.0,0.0,0.0,0.0,0.0,1.0
2026-01-11T04:00:00.0,0.0,0.0,0.0,0.0,1.0
2026-01-11T05:00:00.0,0.0,0.0,0.0,0.0,1.0
2026-01-11T06:00:00.0,0.0,0.0,0.0,0.0,1.0
2026-01-11T07:00:00.0,0.0,0.0,0.0,0.0,1.0
2026-01-11T08:00:00.0,1.0127,0.0,1.0127,0.001,0.875
2026-01-11T09:00:00.0,37.1033,0.1337,36.9696,1.0141,0.7167
2026-01-11T10:00:00.0,53.1254,0.5584,52.567,3.4481,1.0
2026-01-11T11:00:00.0,49.2463,0.2108,49.0355,0.8416,1.0
2026-01-11T12:00:00.0,36.0452,0.0,36.0452,0.0001,1.0
2026-01-11T13:00:00.0,36.3844,0.0,36.3844,0.0,1.0
2026-01-11T14:00:00.0,17.9628,0.0,17.9628,0.0,1.0
2026-01-11T15:00:00.0,48.0629,14.3043,33.7586,102.1852,1.0
2026-01-11T16:00:00.0,11.8261,0.2053,11.6208,3.3893,0.7
2026-01-11T17:00:00.0,0.0,0.0,0.0,0.0,1.0
2026-01-11T18:00:00.0,0.0,0.0,0.0,0.0,1.0
2026-01-11T19:00:00.0,0.0,0.0,0.0,0.0,1.0
2026-01-11T20:00:00.0,0.0,0.0,0.0,0.0,1.0
2026-01-11T21:00:00.0,0.0,0.0,0.0,0.0,1.0
2026-01-11T22:00:00.0,0.0,0.0,0.0,0.0,1.0
2026-01-11T23:00:00.0,0.0,0.0,0.0,0.0,1.0
2026-01-12T00:00:00.0,0.0,0.0,0.0,0.0,1.0
2026-01-12T01:00:00.0,0.0,0.0,0.0,0.0,1.0
2026-01-12T02:00:00.0,0.0,0.0,0.0,0.0,1.0
2026-01-12T03:00:00.0,0.0,0.0,0.0,0.0,1.0
2026-01-12T04:00:00.0,0.0,0.0,0.0,0.0,1.0
2026-01-12T05:00:00.0,0.0,0.0,0.0,0.0,1.0
2026-01-12T06:00:00.0,0.0,0.0,0.0,0.0,1.0
2026-01-12T07:00:00.0,0.0,0.0,0.0,0.0,1.0
2026-01-12T08:00:00.0,1.8063,0.0744,1.7319,2.0615,0.8667
2026-01-12T09:00:00.0,56.7675,19.3302,37.4373,193.3379,0.7167
2026-01-12T10:00:00.0,67.9869,24.1022,43.8846,131.6169,1.0
2026-01-12T11:00:00.0,173.6528,81.6524,92.0004,311.5706,1.0
2026-01-12T12:00:00.0,233.6743,135.2871,98.3871,481.1669,1.0
2026-01-12T13:00:00.0,120.6727,28.9904,91.6823,103.7304,1.0
2026-01-12T14:00:00.0,89.9653,32.9055,57.0598,136.3022,1.0
2026-01-12T15:00:00.0,73.3265,14.2971,59.0294,124.7631,1.0
2026-01-12T16:00:00.0,15.165,3.0287,12.1363,46.409,0.6833
2026-01-12T17:00:00.0,0.0,0.0,0.0,0.0,1.0
2026-01-12T18:00:00.0,0.0,0.0,0.0,0.0,1.0
2026-01-12T19:00:00.0,0.0,0.0,0.0,0.0,1.0
2026-01-12T20:00:00.0,0.0,0.0,0.0,0.0,1.0
2026-01-12T21:00:00.0,0.0,0.0,0.0,0.0,1.0
2026-01-12T22:00:00.0,0.0,0.0,0.0,0.0,1.0
2026-01-12T23:00:00.0,0.0,0.0,0.0,0.0,1.0
2026-01-13T00:00:00.0,0.0,0.0,0.0,0.0,1.0
2026-01-13T01:00:00.0,0.0,0.0,0.0,0.0,1.0
2026-01-13T02:00:00.0,0.0,0.0,0.0,0.0,1.0
2026-01-13T03:00:00.0,0.0,0.0,0.0,0.0,1.0
2026-01-13T04:00:00.0,0.0,0.0,0.0,0.0,1.0
2026-01-13T05:00:00.0,0.0,0.0,0.0,0.0,1.0
2026-01-13T06:00:00.0,0.0,0.0,0.0,0.0,1.0
2026-01-13T07:00:00.0,0.0,0.0,0.0,0.0,1.0
2026-01-13T08:00:00.0,2.2639,0.5663,1.6975,17.2632,0.8583
2026-01-13T09:00:00.0,68.5432,41.5554,26.9879,403.6017,0.7167
2026-01-13T10:00:00.0,170.9259,125.021,45.9049,646.5867,1.0
2026-01-13T11:00:00.0,247.044,191.8168,55.2273,746.1145,1.0
2026-01-13T12:00:00.0,281.4904,223.1672,58.3231,783.9921,1.0
2026-01-13T13:00:00.0,267.8766,211.3004,56.5762,771.7971,1.0
2026-01-13T14:00:00.0,184.0682,118.118,65.9502,540.5047,1.0
2026-01-13T15:00:00.0,116.7767,80.2281,36.5486,557.3994,1.0
2026-01-13T16:00:00.0,19.4329,9.1801,10.2528,148.7519,0.6667
2026-01-13T17:00:00.0,0.0,0.0,0.0,0.0,1.0
2026-01-13T18:00:00.0,0.0,0.0,0.0,0.0,1.0
2026-01-13T19:00:00.0,0.0,0.0,0.0,0.0,1.0
2026-01-13T20:00:00.0,0.0,0.0,0.0,0.0,1.0
2026-01-13T21:00:00.0,0.0,0.0,0.0,0.0,1.0
2026-01-13T22:00:00.0,0.0,0.0,0.0,0.0,1.0
2026-01-13T23:00:00.0,0.0,0.0,0.0,0.0,1.0
2026-01-14T00:00:00.0,0.0,0.0,0.0,0.0,1.0
2026-01-14T01:00:00.0,0.0,0.0,0.0,0.0,1.0
2026-01-14T02:00:00.0,0.0,0.0,0.0,0.0,1.0
2026-01-14T03:00:00.0,0.0,0.0,0.0,0.0,1.0
2026-01-14T04:00:00.0,0.0,0.0,0.0,0.0,1.0
2026-01-14T05:00:00.0,0.0,0.0,0.0,0.0,1.0
2026-01-14T06:00:00.0,0.0,0.0,0.0,0.0,1.0
2026-01-14T07:00:00.0,0.0,0.0,0.0,0.0,1.0
2026-01-14T08:00:00.0,1.339,0.0,1.339,0.0,0.8583
2026-01-14T09:00:00.0,28.4215,0.0294,28.3921,0.211,0.8417
2026-01-14T10:00:00.0,56.4677,1.5928,54.8749,8.3688,1.0
2026-01-14T11:00:00.0,36.1674,0.0,36.1674,0.0,1.0
2026-01-14T12:00:00.0,37.3725,0.0002,37.3723,0.0007,1.0
2026-01-14T13:00:00.0,99.0915,44.7024,54.3891,164.5674,1.0
2026-01-14T14:00:00.0,30.2532,0.0,30.2531,0.0001,1.0
2026-01-14T15:00:00.0,42.9407,17.4144,25.5262,148.2493,1.0
2026-01-14T16:00:00.0,18.6247,5.6815,12.9432,83.9353,0.6583
2026-01-14T17:00:00.0,0.0,0.0,0.0,0.0,1.0
2026-01-14T18:00:00.0,0.0,0.0,0.0,0.0,1.0
2026-01-14T19:00:00.0,0.0,0.0,0.0,0.0,1.0
2026-01-14T20:00:00.0,0.0,0.0,0.0,0.0,1.0
2026-01-14T21:00:00.0,0.0,0.0,0.0,0.0,1.0
2026-01-14T22:00:00.0,0.0,0.0,0.0,0.0,1.0
2026-01-14T23:00:00.0,0.0,0.0,0.0,0.0,1.0
2026-01-15T00:00:00.0,0.0,0.0,0.0,0.0,1.0
2026-01-15T01:00:00.0,0.0,0.0,0.0,0.0,1.0
2026-01-15T02:00:00.0,0.0,0.0,0.0,0.0,1.0
2026-01-15T03:00:00.0,0.0,0.0,0.0,0.0,1.0
2026-01-15T04:00:00.0,0.0,0.0,0.0,0.0,1.0
2026-01-15T05:00:00.0,0.0,0.0,0.0,0.0,1.0
2026-01-15T06:00:00.0,0.0,0.0,0.0,0.0,1.0
2026-01-15T07:00:00.0,0.0,0.0,0.0,0.0,1.0
2026-01-15T08:00:00.0,2.5395,0.215,2.3245,5.9755,0.85
2026-01-15T09:00:00.0,67.6018,32.2762,35.3256,291.8015,0.8417
2026-01-15T10:00:00.0,169.7543,111.0681,58.6862,558.9301,1.0
2026-01-15T11:00:00.0,198.8343,99.9232,98.911,385.4531,1.0
2026-01-15T12:00:00.0,265.0179,183.3089,81.709,631.6028,1.0
2026-01-15T13:00:00.0,260.0552,185.8356,74.2196,664.996,1.0
2026-01-15T14:00:00.0,149.6302,80.2255,69.4047,341.8542,1.0
2026-01-15T15:00:00.0,85.1382,34.5638,50.5744,196.0605,1.0
2026-01-15T16:00:00.0,2.6836,0.0,2.6836,0.0,0.6417
2026-01-15T17:00:00.0,0.0,0.0,0.0,0.0,1.0
2026-01-15T18:00:00.0,0.0,0.0,0.0,0.0,1.0
2026-01-15T19:00:00.0,0.0,0.0,0.0,0.0,1.0
2026-01-15T20:00:00.0,0.0,0.0,0.0,0.0,1.0
2026-01-15T21:00:00.0,0.0,0.0,0.0,0.0,1.0
2026-01-15T22:00:00.0,0.0,0.0,0.0,0.0,1.0
2026-01-15T23:00:00.0,0.0,0.0,0.0,0.0,1.0
2026-01-16T00:00:00.0,0.0,0.0,0.0,0.0,1.0
2026-01-16T01:00:00.0,0.0,0.0,0.0,0.0,1.0
2026-01-16T02:00:00.0,0.0,0.0,0.0,0.0,1.0
2026-01-16T03:00:00.0,0.0,0.0,0.0,0.0,1.0
2026-01-16T04:00:00.0,0.0,0.0,0.0,0.0,1.0
2026-01-16T05:00:00.0,0.0,0.0,0.0,0.0,1.0
2026-01-16T06:00:00.0,0.0,0.0,0.0,0.0,1.0
2026-01-16T07:00:00.0,0.0,0.0,0.0,0.0,1.0
2026-01-16T08:00:00.0,0.3763,0.0,0.3763,0.0,0.8417
2026-01-16T09:00:00.0,21.1822,1.1242,20.058,7.6513,0.8417
2026-01-16T10:00:00.0,138.6276,66.7902,71.8374,322.768,1.0
2026-01-16T11:00:00.0,44.2892,9.7933,34.4958,40.4627,1.0
2026-01-16T12:00:00.0,79.9947,0.51,79.4847,1.7236,1.0
2026-01-16T13:00:00.0,120.5911,6.0624,114.5286,22.3545,1.0
2026-01-16T14:00:00.0,157.6961,76.9954,80.7007,322.5597,1.0
2026-01-16T15:00:00.0,111.0955,65.101,45.9945,430.8987,1.0
2026-01-16T16:00:00.0,22.7592,8.7005,14.0587,122.4308,0.6417
2026-01-16T17:00:00.0,0.0,0.0,0.0,0.0,1.0
2026-01-16T18:00:00.0,0.0,0.0,0.0,0.0,1.0
2026-01-16T19:00:00.0,0.0,0.0,0.0,0.0,1.0
2026-01-16T20:00:00.0,0.0,0.0,0.0,0.0,1.0
2026-01-16T21:00:00.0,0.0,0.0,0.0,0.0,1.0
2026-01-16T22:00:00.0,0.0,0.0,0.0,0.0,1.0
2026-01-16T23:00:00.0,0.0,0.0,0.0,0.0,1.0
2026-01-17T00:00:00.0,0.0,0.0,0.0,0.0,1.0
2026-01-17T01:00:00.0,0.0,0.0,0.0,0.0,1.0
2026-01-17T02:00:00.0,0.0,0.0,0.0,0.0,1.0
2026-01-17T03:00:00.0,0.0,0.0,0.0,0.0,1.0
2026-01-17T04:00:00.0,0.0,0.0,0.0,0.0,1.0
2026-01-17T05:00:00.0,0.0,0.0,0.0,0.0,1.0
2026-01-17T06:00:00.0,0.0,0.0,0.0,0.0,1.0
2026-01-17T07:00:00.0,0.0,0.0,0.0,0.0,1.0
2026-01-17T08:00:00.0,2.4901,0.0323,2.4577,0.8627,0.8333
2026-01-17T09:00:00.0,50.2995,3.6485,46.651,27.2349,0.8417
2026-01-17T10:00:00.0,174.1372,123.4128,50.7244,600.8784,1.0
2026-01-17T11:00:00.0,250.4014,191.923,58.4784,715.8868,1.0
2026-01-17T12:00:00.0,218.1995,103.8092,114.3903,350.9164,1.0
2026-01-17T13:00:00.0,137.1865,7.5677,129.6188,25.6406,1.0
2026-01-17T14:00:00.0,36.8597,0.0215,36.8382,0.0811,1.0
2026-01-17T15:00:00.0,35.1147,0.0,35.1147,0.0,1.0
2026-01-17T16:00:00.0,11.7766,0.0,11.7766,0.0001,0.6167
2026-01-17T17:00:00.0,0.0,0.0,0.0,0.0,1.0
2026-01-17T18:00:00.0,0.0,0.0,0.0,0.0,1.0
2026-01-17T19:00:00.0,0.0,0.0,0.0,0.0,1.0
2026-01-17T20:00:00.0,0.0,0.0,0.0,0.0,1.0
2026-01-17T21:00:00.0,0.0,0.0,0.0,0.0,1.0
2026-01-17T22:00:00.0,0.0,0.0,0.0,0.0,1.0
2026-01-17T23:00:00.0,0.0,0.0,0.0,0.0,1.0
2026-01-18T00:00:00.0,0.0,0.0,0.0,0.0,1.0
2026-01-18T01:00:00.0,0.0,0.0,0.0,0.0,1.0
2026-01-18T02:00:00.0,0.0,0.0,0.0,0.0,1.0
2026-01-18T03:00:00.0,0.0,0.0,0.0,0.0,1.0
2026-01-18T04:00:00.0,0.0,0.0,0.0,0.0,1.0
2026-01-18T05:00:00.0,0.0,0.0,0.0,0.0,1.0
2026-01-18T06:00:00.0,0.0,0.0,0.0,0.0,1.0
2026-01-18T07:00:00.0,0.0,0.0,0.0,0.0,1.0
2026-01-18T08:00:00.0,0.5642,0.0,0.5642,0.0,0.825
2026-01-18T09:00:00.0,17.6192,0.0,17.6192,0.0,0.8417
2026-01-18T10:00:00.0,37.9656,0.0,37.9656,0.0,1.0
2026-01-18T11:00:00.0,85.7027,0.084,85.6187,0.2995,1.0
2026-01-18T12:00:00.0,136.3483,3.656,132.6922,12.0847,1.0
2026-01-18T13:00:00.0,132.3245,4.2852,128.0393,14.61,1.0
2026-01-18T14:00:00.0,136.7323,11.5758,125.1564,49.6807,1.0
2026-01-18T15:00:00.0,80.8214,6.6447,74.1767,36.0538,1.0
2026-01-18T16:00:00.0,19.8942,0.1638,19.7305,2.1471,0.6
2026-01-18T17:00:00.0,0.0,0.0,0.0,0.0,1.0
2026-01-18T18:00:00.0,0.0,0.0,0.0,0.0,1.0
2026-01-18T19:00:00.0,0.0,0.0,0.0,0.0,1.0
2026-01-18T20:00:00.0,0.0,0.0,0.0,0.0,1.0
2026-01-18T21:00:00.0,0.0,0.0,0.0,0.0,1.0
2026-01-18T22:00:00.0,0.0,0.0,0.0,0.0,1.0
2026-01-18T23:00:00.0,0.0,0.0,0.0,0.0,1.0
2026-01-19T00:00:00.0,0.0,0.0,0.0,0.0,1.0
2026-01-19T01:00:00.0,0.0,0.0,0.0,0.0,1.0
2026-01-19T02:00:00.0,0.0,0.0,0.0,0.0,1.0
2026-01-19T03:00:00.0,0.0,0.0,0.0,0.0,1.0
2026-01-19T04:00:00.0,0.0,0.0,0.0,0.0,1.0
2026-01-19T05:00:00.0,0.0,0.0,0.0,0.0,1.0
2026-01-19T06:00:00.0,0.0,0.0,0.0,0.0,1.0
2026-01-19T07:00:00.0,0.0,0.0,0.0,0.0,1.0
2026-01-19T08:00:00.0,0.5454,0.0,0.5454,0.0,0.8167
2026-01-19T09:00:00.0,30.4659,0.2263,30.2396,1.4736,0.8417
2026-01-19T10:00:00.0,71.0703,2.1199,68.9503,11.6888,1.0
2026-01-19T11:00:00.0,117.2788,3.8786,113.4003,13.4701,1.0
2026-01-19T12:00:00.0,198.5152,39.1617,159.3535,128.5583,1.0
2026-01-19T13:00:00.0,273.8725,192.7191,81.1534,657.307,1.0
2026-01-19T14:00:00.0,213.4408,138.6406,74.8002,551.4568,1.0
2026-01-19T15:00:00.0,110.0695,46.7113,63.3582,290.8986,1.0
2026-01-19T16:00:00.0,17.5246,0.0002,17.5245,0.0019,0.7167
2026-01-19T17:00:00.0,0.0,0.0,0.0,0.0,1.0
2026-01-19T18:00:00.0,0.0,0.0,0.0,0.0,1.0
2026-01-19T19:00:00.0,0.0,0.0,0.0,0.0,1.0
2026-01-19T20:00:00.0,0.0,0.0,0.0,0.0,1.0
2026-01-19T21:00:00.0,0.0,0.0,0.0,0.0,1.0
2026-01-19T22:00:00.0,0.0,0.0,0.0,0.0,1.0
2026-01-19T23:00:00.0,0.0,0.0,0.0,0.0,1.0
2026-01-20T00:00:00.0,0.0,0.0,0.0,0.0,1.0
2026-01-20T01:00:00.0,0.0,0.0,0.0,0.0,1.0
2026-01-20T02:00:00.0,0.0,0.0,0.0,0.0,1.0
2026-01-20T03:00:00.0,0.0,0.0,0.0,0.0,1.0
2026-01-20T04:00:00.0,0.0,0.0,0.0,0.0,1.0
2026-01-20T05:00:00.0,0.0,0.0,0.0,0.0,1.0
2026-01-20T06:00:00.0,0.0,0.0,0.0,0.0,1.0
2026-01-20T07:00:00.0,0.0,0.0,0.0,0.0,1.0
2026-01-20T08:00:00.0,4.8598,1.3744,3.4854,34.412,0.8083
2026-01-20T09:00:00.0,73.6867,31.9705,41.7162,286.4326,0.8417
2026-01-20T10:00:00.0,158.1862,76.7669,81.4193,341.3279,1.0
2026-01-20T11:00:00.0,207.0993,111.9944,95.1049,409.7835,1.0
2026-01-20T12:00:00.0,137.8736,20.4179,117.4556,66.5543,1.0
2026-01-20T13:00:00.0,85.2229,3.8131,81.4098,12.6879,1.0
2026-01-20T14:00:00.0,31.1547,0.0,31.1547,0.0,1.0
2026-01-20T15:00:00.0,26.1504,0.0042,26.1462,0.0282,1.0
2026-01-20T16:00:00.0,13.0122,0.0,13.0122,0.0,0.7
2026-01-20T17:00:00.0,0.0,0.0,0.0,0.0,1.0
2026-01-20T18:00:00.0,0.0,0.0,0.0,0.0,1.0
2026-01-20T19:00:00.0,0.0,0.0,0.0,0.0,1.0
2026-01-20T20:00:00.0,0.0,0.0,0.0,0.0,1.0
2026-01-20T21:00:00.0,0.0,0.0,0.0,0.0,1.0
2026-01-20T22:00:00.0,0.0,0.0,0.0,0.0,1.0
2026-01-20T23:00:00.0,0.0,0.0,0.0,0.0,1.0
2026-01-21T00:00:00.0,0.0,0.0,0.0,0.0,1.0
2026-01-21T01:00:00.0,0.0,0.0,0.0,0.0,1.0
2026-01-21T02:00:00.0,0.0,0.0,0.0,0.0,1.0
2026-01-21T03:00:00.0,0.0,0.0,0.0,0.0,1.0
2026-01-21T04:00:00.0,0.0,0.0,0.0,0.0,1.0
2026-01-21T05:00:00.0,0.0,0.0,0.0,0.0,1.0
2026-01-21T06:00:00.0,0.0,0.0,0.0,0.0,1.0
2026-01-21T07:00:00.0,0.0,0.0,0.0,0.0,1.0
2026-01-21T08:00:00.0,0.6738,0.0,0.6738,0.0,0.8
2026-01-21T09:00:00.0,9.603,0.0,9.603,0.0,0.8417
2026-01-21T10:00:00.0,29.8831,0.0002,29.8829,0.0008,1.0
2026-01-21T11:00:00.0,50.3554,0.0023,50.3531,0.0087,1.0
2026-01-21T12:00:00.0,41.1088,0.126,40.9828,0.4028,1.0
2026-01-21T13:00:00.0,122.7218,3.9701,118.7517,12.84,1.0
2026-01-21T14:00:00.0,83.0819,25.2816,57.8002,112.0138,1.0
2026-01-21T15:00:00.0,138.2431,86.2599,51.9832,498.3005,1.0
2026-01-21T16:00:00.0,34.1557,13.9467,20.209,165.3178,0.6833
2026-01-21T17:00:00.0,0.0,0.0,0.0,0.0,1.0
2026-01-21T18:00:00.0,0.0,0.0,0.0,0.0,1.0
2026-01-21T19:00:00.0,0.0,0.0,0.0,0.0,1.0
2026-01-21T20:00:00.0,0.0,0.0,0.0,0.0,1.0
2026-01-21T21:00:00.0,0.0,0.0,0.0,0.0,1.0
2026-01-21T22:00:00.0,0.0,0.0,0.0,0.0,1.0
2026-01-21T23:00:00.0,0.0,0.0,0.0,0.0,1.0
2026-01-22T00:00:00.0,0.0,0.0,0.0,0.0,1.0
2026-01-22T01:00:00.0,0.0,0.0,0.0,0.0,1.0
2026-01-22T02:00:00.0,0.0,0.0,0.0,0.0,1.0
2026-01-22T03:00:00.0,0.0,0.0,0.0,0.0,1.0
2026-01-22T04:00:00.0,0.0,0.0,0.0,0.0,1.0
2026-01-22T05:00:00.0,0.0,0.0,0.0,0.0,1.0
2026-01-22T06:00:00.0,0.0,0.0,0.0,0.0,1.0
2026-01-22T07:00:00.0,0.0,0.0,0.0,0.0,1.0
2026-01-22T08:00:00.0,2.9201,0.0,2.9201,0.0,0.7833
2026-01-22T09:00:00.0,65.5681,24.2664,41.3017,166.3919,0.8417
2026-01-22T10:00:00.0,177.883,100.7924,77.0906,472.0792,1.0
2026-01-22T11:00:00.0,183.8543,34.2802,149.5741,122.4762,1.0
2026-01-22T12:00:00.0,182.5195,35.0413,147.4782,111.832,1.0
2026-01-22T13:00:00.0,229.1158,101.1205,127.9954,334.8366,1.0
2026-01-22T14:00:00.0,113.2586,45.9558,67.3028,184.9064,1.0
2026-01-22T15:00:00.0,144.7482,96.4956,48.2526,546.5417,1.0
2026-01-22T16:00:00.0,38.0082,18.3654,19.6429,217.7219,0.6667
2026-01-22T17:00:00.0,0.0,0.0,0.0,0.0,1.0
2026-01-22T18:00:00.0,0.0,0.0,0.0,0.0,1.0
2026-01-22T19:00:00.0,0.0,0.0,0.0,0.0,1.0
2026-01-22T20:00:00.0,0.0,0.0,0.0,0.0,1.0
2026-01-22T21:00:00.0,0.0,0.0,0.0,0.0,1.0
2026-01-22T22:00:00.0,0.0,0.0,0.0,0.0,1.0
2026-01-22T23:00:00.0,0.0,0.0,0.0,0.0,1.0
2026-01-23T00:00:00.0,0.0,0.0,0.0,0.0,1.0
2026-01-23T01:00:00.0,0.0,0.0,0.0,0.0,1.0
2026-01-23T02:00:00.0,0.0,0.0,0.0,0.0,1.0
2026-01-23T03:00:00.0,0.0,0.0,0.0,0.0,1.0
2026-01-23T04:00:00.0,0.0,0.0,0.0,0.0,1.0
2026-01-23T05:00:00.0,0.0,0.0,0.0,0.0,1.0
2026-01-23T06:00:00.0,0.0,0.0,0.0,0.0,1.0
2026-01-23T07:00:00.0,0.0,0.0,0.0,0.0,1.0
2026-01-23T08:00:00.0,0.8106,0.0,0.8106,0.0,0.775
2026-01-23T09:00:00.0,10.6351,0.0,10.6351,0.0,0.8417
2026-01-23T10:00:00.0,63.4292,0.5403,62.8889,2.2144,0.875
2026-01-23T11:00:00.0,97.8543,34.31,63.5443,112.2241,1.0
2026-01-23T12:00:00.0,85.5529,14.2765,71.2765,45.8457,1.0
2026-01-23T13:00:00.0,32.4592,1.2858,31.1733,4.3973,1.0
2026-01-23T14:00:00.0,129.9384,77.7123,52.2261,293.161,1.0
2026-01-23T15:00:00.0,90.3785,45.2989,45.0796,229.8263,1.0
2026-01-23T16:00:00.0,15.6143,0.0,15.6143,0.0,0.6667
2026-01-23T17:00:00.0,0.0,0.0,0.0,0.0,1.0
2026-01-23T18:00:00.0,0.0,0.0,0.0,0.0,1.0
2026-01-23T19:00:00.0,0.0,0.0,0.0,0.0,1.0
2026-01-23T20:00:00.0,0.0,0.0,0.0,0.0,1.0
2026-01-23T21:00:00.0,0.0,0.0,0.0,0.0,1.0
2026-01-23T22:00:00.0,0.0,0.0,0.0,0.0,1.0
2026-01-23T23:00:00.0,0.0,0.0,0.0,0.0,1.0
2026-01-24T00:00:00.0,0.0,0.0,0.0,0.0,1.0
2026-01-24T01:00:00.0,0.0,0.0,0.0,0.0,1.0
2026-01-24T02:00:00.0,0.0,0.0,0.0,0.0,1.0
2026-01-24T03:00:00.0,0.0,0.0,0.0,0.0,1.0
2026-01-24T04:00:00.0,0.0,0.0,0.0,0.0,1.0
2026-01-24T05:00:00.0,0.0,0.0,0.0,0.0,1.0
2026-01-24T06:00:00.0,0.0,0.0,0.0,0.0,1.0
2026-01-24T07:00:00.0,0.0,0.0,0.0,0.0,1.0
2026-01-24T08:00:00.0,6.2186,0.3267,5.8919,6.6352,0.7667
2026-01-24T09:00:00.0,66.5521,25.2746,41.2775,195.7421,0.9667
2026-01-24T10:00:00.0,24.4785,0.0,24.4785,0.0,1.0
2026-01-24T11:00:00.0,135.6929,10.4367,125.2563,34.9376,1.0
2026-01-24T12:00:00.0,114.8312,0.2101,114.6211,0.6553,1.0
2026-01-24T13:00:00.0,65.4472,0.0064,65.4409,0.0198,1.0
2026-01-24T14:00:00.0,41.6229,0.0,41.6229,0.0,1.0
2026-01-24T15:00:00.0,50.7021,0.0497,50.6523,0.3188,1.0
2026-01-24T16:00:00.0,8.2923,0.01,8.2823,0.0815,0.6583
2026-01-24T17:00:00.0,0.0017,0.0,0.0017,0.0,0.9833
2026-01-24T18:00:00.0,0.0,0.0,0.0,0.0,1.0
2026-01-24T19:00:00.0,0.0,0.0,0.0,0.0,1.0
2026-01-24T20:00:00.0,0.0,0.0,0.0,0.0,1.0
2026-01-24T21:00:00.0,0.0,0.0,0.0,0.0,1.0
2026-01-24T22:00:00.0,0.0,0.0,0.0,0.0,1.0
2026-01-24T23:00:00.0,0.0,0.0,0.0,0.0,1.0
2026-01-25T00:00:00.0,0.0,0.0,0.0,0.0,1.0
2026-01-25T01:00:00.0,0.0,0.0,0.0,0.0,1.0
2026-01-25T02:00:00.0,0.0,0.0,0.0,0.0,1.0
2026-01-25T03:00:00.0,0.0,0.0,0.0,0.0,1.0
2026-01-25T04:00:00.0,0.0,0.0,0.0,0.0,1.0
2026-01-25T05:00:00.0,0.0,0.0,0.0,0.0,1.0
2026-01-25T06:00:00.0,0.0,0.0,0.0,0.0,1.0
2026-01-25T07:00:00.0,0.0,0.0,0.0,0.0,1.0
2026-01-25T08:00:00.0,6.1055,0.072,6.0335,1.4403,0.7583
2026-01-25T09:00:00.0,74.246,16.7943,57.4517,129.9421,0.9667
2026-01-25T10:00:00.0,159.4865,43.7098,115.7767,188.715,1.0
2026-01-25T11:00:00.0,250.6511,164.0091,86.642,553.0458,1.0
2026-01-25T12:00:00.0,264.9933,146.272,118.7213,450.6028,1.0
2026-01-25T13:00:00.0,300.9882,233.9076,67.0806,737.9012,1.0
2026-01-25T14:00:00.0,203.9561,119.3898,84.5663,421.0267,1.0
2026-01-25T15:00:00.0,89.0862,3.3696,85.7166,18.4062,1.0
2026-01-25T16:00:00.0,10.3343,0.0,10.3343,0.0002,0.6583
2026-01-25T17:00:00.0,0.0121,0.0,0.0121,0.0,0.9667
2026-01-25T18:00:00.0,0.0,0.0,0.0,0.0,1.0
2026-01-25T19:00:00.0,0.0,0.0,0.0,0.0,1.0
2026-01-25T20:00:00.0,0.0,0.0,0.0,0.0,1.0
2026-01-25T21:00:00.0,0.0,0.0,0.0,0.0,1.0
2026-01-25T22:00:00.0,0.0,0.0,0.0,0.0,1.0
2026-01-25T23:00:00.0,0.0,0.0,0.0,0.0,1.0
2026-01-26T00:00:00.0,0.0,0.0,0.0,0.0,1.0
2026-01-26T01:00:00.0,0.0,0.0,0.0,0.0,1.0
2026-01-26T02:00:00.0,0.0,0.0,0.0,0.0,1.0
2026-01-26T03:00:00.0,0.0,0.0,0.0,0.0,1.0
2026-01-26T04:00:00.0,0.0,0.0,0.0,0.0,1.0
2026-01-26T05:00:00.0,0.0,0.0,0.0,0.0,1.0
2026-01-26T06:00:00.0,0.0,0.0,0.0,0.0,1.0
2026-01-26T07:00:00.0,0.0,0.0,0.0,0.0,1.0
2026-01-26T08:00:00.0,6.539,0.0046,6.5344,0.0881,0.7417
2026-01-26T09:00:00.0,35.5288,0.0189,35.5099,0.1939,0.9667
2026-01-26T10:00:00.0,62.4118,0.0005,62.4112,0.0022,1.0
2026-01-26T11:00:00.0,63.6807,0.0007,63.6801,0.0023,1.0
2026-01-26T12:00:00.0,68.8035,0.0006,68.8029,0.0019,1.0
2026-01-26T13:00:00.0,73.7253,0.0064,73.7189,0.0193,1.0
2026-01-26T14:00:00.0,60.1666,0.0532,60.1133,0.2218,1.0
2026-01-26T15:00:00.0,71.89,1.78,70.11,8.2223,1.0
2026-01-26T16:00:00.0,6.8459,0.0,6.8459,0.0,0.6583
2026-01-26T17:00:00.0,0.0223,0.0,0.0223,0.0,0.95
2026-01-26T18:00:00.0,0.0,0.0,0.0,0.0,1.0
2026-01-26T19:00:00.0,0.0,0.0,0.0,0.0,1.0
2026-01-26T20:00:00.0,0.0,0.0,0.0,0.0,1.0
2026-01-26T21:00:00.0,0.0,0.0,0.0,0.0,1.0
2026-01-26T22:00:00.0,0.0,0.0,0.0,0.0,1.0
2026-01-26T23:00:00.0,0.0,0.0,0.0,0.0,1.0
2026-01-27T00:00:00.0,0.0,0.0,0.0,0.0,1.0
2026-01-27T01:00:00.0,0.0,0.0,0.0,0.0,1.0
2026-01-27T02:00:00.0,0.0,0.0,0.0,0.0,1.0
2026-01-27T03:00:00.0,0.0,0.0,0.0,0.0,1.0
2026-01-27T04:00:00.0,0.0,0.0,0.0,0.0,1.0
2026-01-27T05:00:00.0,0.0,0.0,0.0,0.0,1.0
2026-01-27T06:00:00.0,0.0,0.0,0.0,0.0,1.0
2026-01-27T07:00:00.0,0.0,0.0,0.0,0.0,1.0
2026-01-27T08:00:00.0,1.2246,0.0,1.2246,0.0,0.7333
2026-01-27T09:00:00.0,47.4953,9.0805,38.4148,70.822,0.9667
2026-01-27T10:00:00.0,118.8039,51.8638,66.9401,210.2945,1.0
2026-01-27T11:00:00.0,71.0509,10.6502,60.4008,38.1437,1.0
2026-01-27T12:00:00.0,32.1621,0.0,32.1621,0.0,1.0
2026-01-27T13:00:00.0,127.6687,16.9208,110.748,51.8317,1.0
2026-01-27T14:00:00.0,124.8332,50.2336,74.5995,190.8935,1.0
2026-01-27T15:00:00.0,140.4574,74.3686,66.0888,369.3134,1.0
2026-01-27T16:00:00.0,51.1192,23.4698,27.6494,235.4316,0.6583
2026-01-27T17:00:00.0,0.3088,0.0151,0.2937,0.0,0.9417
2026-01-27T18:00:00.0,0.0,0.0,0.0,0.0,1.0
2026-01-27T19:00:00.0,0.0,0.0,0.0,0.0,1.0
2026-01-27T20:00:00.0,0.0,0.0,0.0,0.0,1.0
2026-01-27T21:00:00.0,0.0,0.0,0.0,0.0,1.0
2026-01-27T22:00:00.0,0.0,0.0,0.0,0.0,1.0
2026-01-27T23:00:00.0,0.0,0.0,0.0,0.0,1.0
2026-01-28T00:00:00.0,0.0,0.0,0.0,0.0,1.0
2026-01-28T01:00:00.0,0.0,0.0,0.0,0.0,1.0
2026-01-28T02:00:00.0,0.0,0.0,0.0,0.0,1.0
2026-01-28T03:00:00.0,0.0,0.0,0.0,0.0,1.0
2026-01-28T04:00:00.0,0.0,0.0,0.0,0.0,1.0
2026-01-28T05:00:00.0,0.0,0.0,0.0,0.0,1.0
2026-01-28T06:00:00.0,0.0,0.0,0.0,0.0,1.0
2026-01-28T07:00:00.0,0.0,0.0,0.0,0.0,1.0
2026-01-28T08:00:00.0,2.9753,0.0,2.9753,0.0,0.7167
2026-01-28T09:00:00.0,63.9953,3.0224,60.9729,17.4406,0.9667
2026-01-28T10:00:00.0,113.9574,6.4047,107.5527,25.466,1.0
2026-01-28T11:00:00.0,240.555,97.6027,142.9523,316.6489,1.0
2026-01-28T12:00:00.0,205.7741,25.9158,179.8583,76.5255,1.0
2026-01-28T13:00:00.0,242.7045,74.8,167.9045,229.3347,1.0
2026-01-28T14:00:00.0,175.744,25.5252,150.2188,85.8453,1.0
2026-01-28T15:00:00.0,105.7394,7.47,98.2693,34.7474,1.0
2026-01-28T16:00:00.0,8.2054,0.0,8.2054,0.0,0.7833
2026-01-28T17:00:00.0,0.0686,0.0,0.0686,0.0,0.925
2026-01-28T18:00:00.0,0.0,0.0,0.0,0.0,1.0
2026-01-28T19:00:00.0,0.0,0.0,0.0,0.0,1.0
2026-01-28T20:00:00.0,0.0,0.0,0.0,0.0,1.0
2026-01-28T21:00:00.0,0.0,0.0,0.0,0.0,1.0
2026-01-28T22:00:00.0,0.0,0.0,0.0,0.0,1.0
2026-01-28T23:00:00.0,0.0,0.0,0.0,0.0,1.0
2026-01-29T00:00:00.0,0.0,0.0,0.0,0.0,1.0
2026-01-29T01:00:00.0,0.0,0.0,0.0,0.0,1.0
2026-01-29T02:00:00.0,0.0,0.0,0.0,0.0,1.0
2026-01-29T03:00:00.0,0.0,0.0,0.0,0.0,1.0
2026-01-29T04:00:00.0,0.0,0.0,0.0,0.0,1.0
2026-01-29T05:00:00.0,0.0,0.0,0.0,0.0,1.0
2026-01-29T06:00:00.0,0.0,0.0,0.0,0.0,1.0
2026-01-29T07:00:00.0,0.0,0.0,0.0,0.0,1.0
2026-01-29T08:00:00.0,12.0097,2.3371,9.6726,39.6395,0.7083
2026-01-29T09:00:00.0,78.3448,6.8315,71.5132,64.6831,0.9667
2026-01-29T10:00:00.0,154.2128,20.9347,133.278,80.7103,1.0
2026-01-29T11:00:00.0,170.2699,18.4679,151.802,61.9618,1.0
2026-01-29T12:00:00.0,55.9909,0.094,55.8969,0.2801,1.0
2026-01-29T13:00:00.0,36.9711,0.0,36.9711,0.0,1.0
2026-01-29T14:00:00.0,43.6707,0.5097,43.161,1.9607,1.0
2026-01-29T15:00:00.0,119.5544,43.3726,76.1818,217.5641,1.0
2026-01-29T16:00:00.0,19.5226,0.0179,19.5048,0.1381,0.7833
2026-01-29T17:00:00.0,0.125,0.0,0.125,0.0,0.9167
2026-01-29T18:00:00.0,0.0,0.0,0.0,0.0,1.0
2026-01-29T19:00:00.0,0.0,0.0,0.0,0.0,1.0
2026-01-29T20:00:00.0,0.0,0.0,0.0,0.0,1.0
2026-01-29T21:00:00.0,0.0,0.0,0.0,0.0,1.0
2026-01-29T22:00:00.0,0.0,0.0,0.0,0.0,1.0
2026-01-29T23:00:00.0,0.0,0.0,0.0,0.0,1.0
2026-01-30T00:00:00.0,0.0,0.0,0.0,0.0,1.0
2026-01-30T01:00:00.0,0.0,0.0,0.0,0.0,1.0
2026-01-30T02:00:00.0,0.0,0.0,0.0,0.0,1.0
2026-01-30T03:00:00.0,0.0,0.0,0.0,0.0,1.0
2026-01-30T04:00:00.0,0.0,0.0,0.0,0.0,1.0
2026-01-30T05:00:00.0,0.0,0.0,0.0,0.0,1.0
2026-01-30T06:00:00.0,0.0,0.0,0.0,0.0,1.0
2026-01-30T07:00:00.0,0.0,0.0,0.0,0.0,1.0
2026-01-30T08:00:00.0,8.8503,0.013,8.8373,0.2085,0.6917
2026-01-30T09:00:00.0,63.6591,1.4334,62.2257,7.9219,0.9667
2026-01-30T10:00:00.0,110.9794,3.7199,107.2595,14.8081,1.0
2026-01-30T11:00:00.0,106.0711,0.0583,106.0128,0.1908,1.0
2026-01-30T12:00:00.0,115.3987,0.0638,115.3349,0.1829,1.0
2026-01-30T13:00:00.0,119.1591,0.1103,119.0488,0.3275,1.0
2026-01-30T14:00:00.0,132.5695,2.3499,130.2196,8.0318,1.0
2026-01-30T15:00:00.0,61.917,0.0455,61.8715,0.219,1.0
2026-01-30T16:00:00.0,42.0018,0.1579,41.8439,1.3726,0.7833
2026-01-30T17:00:00.0,0.8205,0.0003,0.8202,0.0085,0.8917
2026-01-30T18:00:00.0,0.0,0.0,0.0,0.0,1.0
2026-01-30T19:00:00.0,0.0,0.0,0.0,0.0,1.0
2026-01-30T20:00:00.0,0.0,0.0,0.0,0.0,1.0
2026-01-30T21:00:00.0,0.0,0.0,0.0,0.0,1.0
2026-01-30T22:00:00.0,0.0,0.0,0.0,0.0,1.0
2026-01-30T23:00:00.0,0.0,0.0,0.0,0.0,1.0
2026-01-31T00:00:00.0,0.0,0.0,0.0,0.0,1.0
2026-01-31T01:00:00.0,0.0,0.0,0.0,0.0,1.0
2026-01-31T02:00:00.0,0.0,0.0,0.0,0.0,1.0
2026-01-31T03:00:00.0,0.0,0.0,0.0,0.0,1.0
2026-01-31T04:00:00.0,0.0,0.0,0.0,0.0,1.0
2026-01-31T05:00:00.0,0.0,0.0,0.0,0.0,1.0
2026-01-31T06:00:00.0,0.0,0.0,0.0,0.0,1.0
2026-01-31T07:00:00.0,0.0,0.0,0.0,0.0,1.0
2026-01-31T08:00:00.0,15.3125,6.1395,9.1729,98.2444,0.6833
2026-01-31T09:00:00.0,92.3793,35.9118,56.4674,239.6778,0.9667
2026-01-31T10:00:00.0,226.0465,164.1399,61.9066,652.0829,1.0
2026-01-31T11:00:00.0,195.654,45.6034,150.0506,147.6478,1.0
2026-01-31T12:00:00.0,153.8171,11.5459,142.2713,33.1733,1.0
2026-01-31T13:00:00.0,216.8207,79.0183,137.8024,235.4448,1.0
2026-01-31T14:00:00.0,98.0047,18.5407,79.464,57.4412,1.0
2026-01-31T15:00:00.0,72.4339,17.3045,55.1294,99.4572,1.0
2026-01-31T16:00:00.0,66.3352,33.6618,32.6734,298.6065,0.7833
2026-01-31T17:00:00.0,1.5204,0.1789,1.3415,5.5297,0.875
2026-01-31T18:00:00.0,0.0,0.0,0.0,0.0,1.0
2026-01-31T19:00:00.0,0.0,0.0,0.0,0.0,1.0
2026-01-31T20:00:00.0,0.0,0.0,0.0,0.0,1.0
2026-01-31T21:00:00.0,0.0,0.0,0.0,0.0,1.0
2026-01-31T22:00:00.0,0.0,0.0,0.0,0.0,1.0
2026-01-31T23:00:00.0,0.0,0.0,0.0,0.0,1.0
2026-02-01T00:00:00.0,0.0,0.0,0.0,0.0,1.0
2026-02-01T01:00:00.0,0.0,0.0,0.0,0.0,1.0
2026-02-01T02:00:00.0,0.0,0.0,0.0,0.0,1.0
2026-02-01T03:00:00.0,0.0,0.0,0.0,0.0,1.0
2026-02-01T04:00:00.0,0.0,0.0,0.0,0.0,1.0
2026-02-01T05:00:00.0,0.0,0.0,0.0,0.0,1.0
2026-02-01T06:00:00.0,0.0,0.0,0.0,0.0,1.0
2026-02-01T07:00:00.0,0.0,0.0,0.0,0.0,1.0
2026-02-01T08:00:00.0,17.5646,6.4401,11.1245,97.0088,0.7583
2026-02-01T09:00:00.0,123.5311,76.4793,47.0518,485.5155,1.0
2026-02-01T10:00:00.0,237.7253,169.684,68.0413,662.476,1.0
2026-02-01T11:00:00.0,319.0795,238.7026,80.3768,734.6635,1.0
2026-02-01T12:00:00.0,356.6183,270.8064,85.8119,759.4019,1.0
2026-02-01T13:00:00.0,333.0663,239.1861,93.8802,683.7054,1.0
2026-02-01T14:00:00.0,275.877,184.0507,91.8262,611.5775,1.0
2026-02-01T15:00:00.0,170.6288,92.9594,77.6693,422.3177,1.0
2026-02-01T16:00:00.0,72.4151,36.7144,35.7007,316.0099,0.7833
2026-02-01T17:00:00.0,2.0913,0.258,1.8333,7.5306,0.8583
2026-02-01T18:00:00.0,0.0,0.0,0.0,0.0,1.0
2026-02-01T19:00:00.0,0.0,0.0,0.0,0.0,1.0
2026-02-01T20:00:00.0,0.0,0.0,0.0,0.0,1.0
2026-02-01T21:00:00.0,0.0,0.0,0.0,0.0,1.0
2026-02-01T22:00:00.0,0.0,0.0,0.0,0.0,1.0
2026-02-01T23:00:00.0,0.0,0.0,0.0,0.0,1.0
2026-02-02T00:00:00.0,0.0,0.0,0.0,0.0,1.0
2026-02-02T01:00:00.0,0.0,0.0,0.0,0.0,1.0
2026-02-02T02:00:00.0,0.0,0.0,0.0,0.0,1.0
2026-02-02T03:00:00.0,0.0,0.0,0.0,0.0,1.0
2026-02-02T04:00:00.0,0.0,0.0,0.0,0.0,1.0
2026-02-02T05:00:00.0,0.0,0.0,0.0,0.0,1.0
2026-02-02T06:00:00.0,0.0,0.0,0.0,0.0,1.0
2026-02-02T07:00:00.0,0.0,0.0,0.0,0.0,1.0
2026-02-02T08:00:00.0,13.8049,0.0081,13.7968,0.1193,0.75
2026-02-02T09:00:00.0,73.3125,0.1191,73.1934,0.6833,1.0
2026-02-02T10:00:00.0,65.0734,0.0958,64.9776,0.4154,1.0
2026-02-02T11:00:00.0,62.6771,0.0001,62.677,0.0002,1.0
2026-02-02T12:00:00.0,64.5347,0.0001,64.5346,0.0004,1.0
2026-02-02T13:00:00.0,78.7038,0.0123,78.6916,0.0344,1.0
2026-02-02T14:00:00.0,48.6135,0.0,48.6135,0.0,1.0
2026-02-02T15:00:00.0,71.4278,0.0374,71.3904,0.1678,1.0
2026-02-02T16:00:00.0,47.6318,0.2067,47.4251,1.9647,0.7833
2026-02-02T17:00:00.0,1.8229,0.0031,1.8198,0.088,0.8417
2026-02-02T18:00:00.0,0.0,0.0,0.0,0.0,1.0
2026-02-02T19:00:00.0,0.0,0.0,0.0,0.0,1.0
2026-02-02T20:00:00.0,0.0,0.0,0.0,0.0,1.0
2026-02-02T21:00:00.0,0.0,0.0,0.0,0.0,1.0
2026-02-02T22:00:00.0,0.0,0.0,0.0,0.0,1.0
2026-02-02T23:00:00.0,0.0,0.0,0.0,0.0,1.0
2026-02-03T00:00:00.0,0.0,0.0,0.0,0.0,1.0
2026-02-03T01:00:00.0,0.0,0.0,0.0,0.0,1.0
2026-02-03T02:00:00.0,0.0,0.0,0.0,0.0,1.0
2026-02-03T03:00:00.0,0.0,0.0,0.0,0.0,1.0
2026-02-03T04:00:00.0,0.0,0.0,0.0,0.0,1.0
2026-02-03T05:00:00.0,0.0,0.0,0.0,0.0,1.0
2026-02-03T06:00:00.0,0.0,0.0,0.0,0.0,1.0
2026-02-03T07:00:00.0,0.0,0.0,0.0,0.0,1.0
2026-02-03T08:00:00.0,18.6427,5.7298,12.9129,80.3265,0.7333
2026-02-03T09:00:00.0,17.1614,2.1579,15.0034,19.9854,1.0
2026-02-03T10:00:00.0,21.3982,0.0,21.3982,0.0,1.0
2026-02-03T11:00:00.0,62.4816,0.0059,62.4757,0.0166,1.0
2026-02-03T12:00:00.0,110.7424,0.1493,110.5931,0.4087,1.0
2026-02-03T13:00:00.0,61.2035,0.0001,61.2034,0.0003,1.0
2026-02-03T14:00:00.0,44.2663,0.0,44.2663,0.0,1.0
2026-02-03T15:00:00.0,23.497,0.0,23.497,0.0,1.0
2026-02-03T16:00:00.0,14.3598,0.0,14.3598,0.0,0.7833
2026-02-03T17:00:00.0,0.3756,0.0,0.3756,0.0,0.8333
2026-02-03T18:00:00.0,0.0,0.0,0.0,0.0,1.0
2026-02-03T19:00:00.0,0.0,0.0,0.0,0.0,1.0
2026-02-03T20:00:00.0,0.0,0.0,0.0,0.0,1.0
2026-02-03T21:00:00.0,0.0,0.0,0.0,0.0,1.0
2026-02-03T22:00:00.0,0.0,0.0,0.0,0.0,1.0
2026-02-03T23:00:00.0,0.0,0.0,0.0,0.0,1.0
2026-02-04T00:00:00.0,0.0,0.0,0.0,0.0,1.0
2026-02-04T01:00:00.0,0.0,0.0,0.0,0.0,1.0
2026-02-04T02:00:00.0,0.0,0.0,0.0,0.0,1.0
2026-02-04T03:00:00.0,0.0,0.0,0.0,0.0,1.0
2026-02-04T04:00:00.0,0.0,0.0,0.0,0.0,1.0
2026-02-04T05:00:00.0,0.0,0.0,0.0,0.0,1.0
2026-02-04T06:00:00.0,0.0,0.0,0.0,0.0,1.0
2026-02-04T07:00:00.0,0.0,0.0,0.0,0.0,1.0
2026-02-04T08:00:00.0,21.0789,6.5727,14.5062,87.4819,0.7167
2026-02-04T09:00:00.0,45.7215,19.0564,26.6651,125.882,1.0
2026-02-04T10:00:00.0,154.0209,46.6294,107.3915,174.4941,1.0
2026-02-04T11:00:00.0,142.1832,9.5584,132.6247,28.3738,1.0
2026-02-04T12:00:00.0,109.3695,2.1283,107.2412,5.7218,1.0
2026-02-04T13:00:00.0,156.3543,19.0529,137.3015,51.6826,1.0
2026-02-04T14:00:00.0,210.7882,104.6764,106.1118,335.968,1.0
2026-02-04T15:00:00.0,115.6479,38.8319,76.816,149.6303,1.0
2026-02-04T16:00:00.0,65.7255,18.4371,47.2884,171.6596,0.7833
2026-02-04T17:00:00.0,3.8241,0.545,3.2791,13.1407,0.825
2026-02-04T18:00:00.0,0.0,0.0,0.0,0.0,1.0
2026-02-04T19:00:00.0,0.0,0.0,0.0,0.0,1.0
2026-02-04T20:00:00.0,0.0,0.0,0.0,0.0,1.0
2026-02-04T21:00:00.0,0.0,0.0,0.0,0.0,1.0
2026-02-04T22:00:00.0,0.0,0.0,0.0,0.0,1.0
2026-02-04T23:00:00.0,0.0,0.0,0.0,0.0,1.0
2026-02-05T00:00:00.0,0.0,0.0,0.0,0.0,1.0
2026-02-05T01:00:00.0,0.0,0.0,0.0,0.0,1.0
2026-02-05T02:00:00.0,0.0,0.0,0.0,0.0,1.0
2026-02-05T03:00:00.0,0.0,0.0,0.0,0.0,1.0
2026-02-05T04:00:00.0,0.0,0.0,0.0,0.0,1.0
2026-02-05T05:00:00.0,0.0,0.0,0.0,0.0,1.0
2026-02-05T06:00:00.0,0.0,0.0,0.0,0.0,1.0
2026-02-05T07:00:00.0,0.0,0.0,0.0,0.0,1.0
2026-02-05T08:00:00.0,12.1904,0.0,12.1904,0.0001,0.7083
2026-02-05T09:00:00.0,16.4559,0.0,16.4559,0.0,1.0
2026-02-05T10:00:00.0,33.6788,0.0002,33.6787,0.0007,1.0
2026-02-05T11:00:00.0,51.5649,0.0,51.5649,0.0,1.0
2026-02-05T12:00:00.0,44.6992,0.0,44.6992,0.0,1.0
2026-02-05T13:00:00.0,57.436,0.0001,57.4359,0.0003,1.0
2026-02-05T14:00:00.0,33.8326,0.0,33.8325,0.0001,1.0
2026-02-05T15:00:00.0,31.0594,0.0,31.0594,0.0,1.0
2026-02-05T16:00:00.0,11.9804,0.0,11.9804,0.0,0.9083
2026-02-05T17:00:00.0,0.7139,0.0,0.7139,0.0,0.8
2026-02-05T18:00:00.0,0.0,0.0,0.0,0.0,1.0
2026-02-05T19:00:00.0,0.0,0.0,0.0,0.0,1.0
2026-02-05T20:00:00.0,0.0,0.0,0.0,0.0,1.0
2026-02-05T21:00:00.0,0.0,0.0,0.0,0.0,1.0
2026-02-05T22:00:00.0,0.0,0.0,0.0,0.0,1.0
2026-02-05T23:00:00.0,0.0,0.0,0.0,0.0,1.0
2026-02-06T00:00:00.0,0.0,0.0,0.0,0.0,1.0
2026-02-06T01:00:00.0,0.0,0.0,0.0,0.0,1.0
2026-02-06T02:00:00.0,0.0,0.0,0.0,0.0,1.0
2026-02-06T03:00:00.0,0.0,0.0,0.0,0.0,1.0
2026-02-06T04:00:00.0,0.0,0.0,0.0,0.0,1.0
2026-02-06T05:00:00.0,0.0,0.0,0.0,0.0,1.0
2026-02-06T06:00:00.0,0.0,0.0,0.0,0.0,1.0
2026-02-06T07:00:00.0,0.0,0.0,0.0,0.0,1.0
2026-02-06T08:00:00.0,4.7632,0.0,4.7632,0.0,0.6917
2026-02-06T09:00:00.0,20.5699,0.0,20.5699,0.0,1.0
2026-02-06T10:00:00.0,38.4327,0.0,38.4327,0.0,1.0
2026-02-06T11:00:00.0,97.2329,0.0244,97.2086,0.0671,1.0
2026-02-06T12:00:00.0,106.0715,0.5788,105.4927,1.5267,1.0
2026-02-06T13:00:00.0,72.3453,0.0003,72.345,0.0007,1.0
2026-02-06T14:00:00.0,43.2691,0.0,43.2691,0.0,1.0
2026-02-06T15:00:00.0,44.5893,3.0663,41.523,15.427,1.0
2026-02-06T16:00:00.0,81.2382,30.8852,50.353,232.225,0.9083
2026-02-06T17:00:00.0,5.6552,0.8484,4.8068,17.5073,0.7833
2026-02-06T18:00:00.0,0.0,0.0,0.0,0.0,1.0
2026-02-06T19:00:00.0,0.0,0.0,0.0,0.0,1.0
2026-02-06T20:00:00.0,0.0,0.0,0.0,0.0,1.0
2026-02-06T21:00:00.0,0.0,0.0,0.0,0.0,1.0
2026-02-06T22:00:00.0,0.0,0.0,0.0,0.0,1.0
2026-02-06T23:00:00.0,0.0,0.0,0.0,0.0,1.0
2026-02-07T00:00:00.0,0.0,0.0,0.0,0.0,1.0
2026-02-07T01:00:00.0,0.0,0.0,0.0,0.0,1.0
2026-02-07T02:00:00.0,0.0,0.0,0.0,0.0,1.0
2026-02-07T03:00:00.0,0.0,0.0,0.0,0.0,1.0
2026-02-07T04:00:00.0,0.0,0.0,0.0,0.0,1.0
2026-02-07T05:00:00.0,0.0,0.0,0.0,0.0,1.0
2026-02-07T06:00:00.0,0.0,0.0,0.0,0.0,1.0
2026-02-07T07:00:00.0,0.0,0.0,0.0,0.0,1.0
2026-02-07T08:00:00.0,28.6806,10.9966,17.684,132.1884,0.675
2026-02-07T09:00:00.0,73.9713,4.0892,69.8821,30.8781,1.0
2026-02-07T10:00:00.0,153.6499,22.8945,130.7554,75.2476,1.0
2026-02-07T11:00:00.0,202.5493,33.4764,169.0729,97.7093,1.0
2026-02-07T12:00:00.0,111.6569,0.527,111.1299,1.3899,1.0
2026-02-07T13:00:00.0,89.0933,0.0014,89.092,0.0036,1.0
2026-02-07T14:00:00.0,66.9599,0.0003,66.9596,0.001,1.0
2026-02-07T15:00:00.0,65.4975,0.1587,65.3388,0.7705,1.0
2026-02-07T16:00:00.0,34.7824,0.0547,34.7278,0.2941,0.9083
2026-02-07T17:00:00.0,1.6794,0.0,1.6794,0.0,0.7667
2026-02-07T18:00:00.0,0.0,0.0,0.0,0.0,1.0
2026-02-07T19:00:00.0,0.0,0.0,0.0,0.0,1.0
2026-02-07T20:00:00.0,0.0,0.0,0.0,0.0,1.0
2026-02-07T21:00:00.0,0.0,0.0,0.0,0.0,1.0
2026-02-07T22:00:00.0,0.0,0.0,0.0,0.0,1.0
2026-02-07T23:00:00.0,0.0,0.0,0.0,0.0,1.0
2026-02-08T00:00:00.0,0.0,0.0,0.0,0.0,1.0
2026-02-08T01:00:00.0,0.0,0.0,0.0,0.0,1.0
2026-02-08T02:00:00.0,0.0,0.0,0.0,0.0,1.0
2026-02-08T03:00:00.0,0.0,0.0,0.0,0.0,1.0
2026-02-08T04:00:00.0,0.0,0.0,0.0,0.0,1.0
2026-02-08T05:00:00.0,0.0,0.0,0.0,0.0,1.0
2026-02-08T06:00:00.0,0.0,0.0,0.0,0.0,1.0
2026-02-08T07:00:00.0,0.0,0.0,0.0,0.0,1.0
2026-02-08T08:00:00.0,34.0944,19.1958,14.8986,234.0278,0.6583
2026-02-08T09:00:00.0,136.9932,79.7048,57.2883,454.0605,1.0
2026-02-08T10:00:00.0,264.6681,202.1749,62.4932,697.7396,1.0
2026-02-08T11:00:00.0,96.0592,19.0322,77.027,57.0382,1.0
2026-02-08T12:00:00.0,136.474,3.777,132.6971,9.6006,1.0
2026-02-08T13:00:00.0,179.3922,7.7193,171.6729,19.8198,1.0
2026-02-08T14:00:00.0,146.4719,4.7669,141.705,13.6135,1.0
2026-02-08T15:00:00.0,187.6542,101.3873,86.2669,415.2092,1.0
2026-02-08T16:00:00.0,103.6763,65.3396,38.3368,467.7006,0.9083
2026-02-08T17:00:00.0,8.9725,3.5642,5.4083,69.8122,0.75
2026-02-08T18:00:00.0,0.0,0.0,0.0,0.0,1.0
2026-02-08T19:00:00.0,0.0,0.0,0.0,0.0,1.0
2026-02-08T20:00:00.0,0.0,0.0,0.0,0.0,1.0
2026-02-08T21:00:00.0,0.0,0.0,0.0,0.0,1.0
2026-02-08T22:00:00.0,0.0,0.0,0.0,0.0,1.0
2026-02-08T23:00:00.0,0.0,0.0,0.0,0.0,1.0
2026-02-09T00:00:00.0,0.0,0.0,0.0,0.0,1.0
2026-02-09T01:00:00.0,0.0,0.0,0.0,0.0,1.0
2026-02-09T02:00:00.0,0.0,0.0,0.0,0.0,1.0
2026-02-09T03:00:00.0,0.0,0.0,0.0,0.0,1.0
2026-02-09T04:00:00.0,0.0,0.0,0.0,0.0,1.0
2026-02-09T05:00:00.0,0.0,0.0,0.0,0.0,1.0
2026-02-09T06:00:00.0,0.0,0.0,0.0,0.0,1.0
2026-02-09T07:00:00.0,0.0,0.0,0.0,0.0,1.0
2026-02-09T08:00:00.0,29.5656,6.7192,22.8464,74.0794,0.775
2026-02-09T09:00:00.0,19.8127,2.0961,17.7166,15.5655,1.0
2026-02-09T10:00:00.0,62.0024,0.0181,61.9843,0.068,1.0
2026-02-09T11:00:00.0,116.8426,0.5317,116.3109,1.4163,1.0
2026-02-09T12:00:00.0,139.8222,1.1747,138.6475,2.9696,1.0
2026-02-09T13:00:00.0,115.7911,0.0392,115.7519,0.1004,1.0
2026-02-09T14:00:00.0,59.8242,0.0006,59.8236,0.0016,1.0
2026-02-09T15:00:00.0,59.6504,0.0032,59.6472,0.0146,1.0
2026-02-09T16:00:00.0,16.2636,0.001,16.2626,0.0049,0.9083
2026-02-09T17:00:00.0,1.1896,0.0,1.1896,0.0,0.7333
2026-02-09T18:00:00.0,0.0,0.0,0.0,0.0,1.0
2026-02-09T19:00:00.0,0.0,0.0,0.0,0.0,1.0
2026-02-09T20:00:00.0,0.0,0.0,0.0,0.0,1.0
2026-02-09T21:00:00.0,0.0,0.0,0.0,0.0,1.0
2026-02-09T22:00:00.0,0.0,0.0,0.0,0.0,1.0
2026-02-09T23:00:00.0,0.0,0.0,0.0,0.0,1.0
2026-02-10T00:00:00.0,0.0,0.0,0.0,0.0,1.0
2026-02-10T01:00:00.0,0.0,0.0,0.0,0.0,1.0
2026-02-10T02:00:00.0,0.0,0.0,0.0,0.0,1.0
2026-02-10T03:00:00.0,0.0,0.0,0.0,0.0,1.0
2026-02-10T04:00:00.0,0.0,0.0,0.0,0.0,1.0
2026-02-10T05:00:00.0,0.0,0.0,0.0,0.0,1.0
2026-02-10T06:00:00.0,0.0,0.0,0.0,0.0,1.0
2026-02-10T07:00:00.0,0.0,0.0,0.0,0.0,1.0
2026-02-10T08:00:00.0,19.1474,6.9627,12.1847,59.5713,0.7583
2026-02-10T09:00:00.0,23.8965,3.9069,19.9896,28.0665,1.0
2026-02-10T10:00:00.0,63.5169,0.0081,63.5088,0.0251,1.0
2026-02-10T11:00:00.0,157.816,3.3455,154.4705,8.9541,1.0
2026-02-10T12:00:00.0,210.515,20.4059,190.1091,50.7852,1.0
2026-02-10T13:00:00.0,271.1685,129.2994,141.8691,330.1921,1.0
2026-02-10T14:00:00.0,184.8024,24.5083,160.2941,71.1728,1.0
2026-02-10T15:00:00.0,78.7326,6.1946,72.538,22.697,1.0
2026-02-10T16:00:00.0,30.4241,0.0,30.4241,0.0,0.9083
2026-02-10T17:00:00.0,4.9244,0.0,4.9244,0.0,0.7167
2026-02-10T18:00:00.0,0.0,0.0,0.0,0.0,1.0
2026-02-10T19:00:00.0,0.0,0.0,0.0,0.0,1.0
2026-02-10T20:00:00.0,0.0,0.0,0.0,0.0,1.0
2026-02-10T21:00:00.0,0.0,0.0,0.0,0.0,1.0
2026-02-10T22:00:00.0,0.0,0.0,0.0,0.0,1.0
2026-02-10T23:00:00.0,0.0,0.0,0.0,0.0,1.0
2026-02-11T00:00:00.0,0.0,0.0,0.0,0.0,1.0
2026-02-11T01:00:00.0,0.0,0.0,0.0,0.0,1.0
2026-02-11T02:00:00.0,0.0,0.0,0.0,0.0,1.0
2026-02-11T03:00:00.0,0.0,0.0,0.0,0.0,1.0
2026-02-11T04:00:00.0,0.0,0.0,0.0,0.0,1.0
2026-02-11T05:00:00.0,0.0,0.0,0.0,0.0,1.0
2026-02-11T06:00:00.0,0.0,0.0,0.0,0.0,1.0
2026-02-11T07:00:00.0,0.0,0.0,0.0,0.0,1.0
2026-02-11T08:00:00.0,18.0297,0.0011,18.0286,0.0133,0.7417
2026-02-11T09:00:00.0,21.7258,0.001,21.7248,0.0038,1.0
2026-02-11T10:00:00.0,82.0362,0.0403,81.9958,0.145,1.0
2026-02-11T11:00:00.0,119.3555,0.4845,118.871,1.2548,1.0
2026-02-11T12:00:00.0,137.3992,3.3637,134.0354,8.2745,1.0
2026-02-11T13:00:00.0,145.2438,5.1884,140.0553,12.9514,1.0
2026-02-11T14:00:00.0,85.6371,0.1253,85.5118,0.3337,1.0
2026-02-11T15:00:00.0,155.0596,67.6752,87.3844,283.5808,1.0
2026-02-11T16:00:00.0,93.348,36.2052,57.1427,188.1666,0.9083
2026-02-11T17:00:00.0,8.164,0.0235,8.1406,0.3895,0.7
2026-02-11T18:00:00.0,0.0,0.0,0.0,0.0,1.0
2026-02-11T19:00:00.0,0.0,0.0,0.0,0.0,1.0
2026-02-11T20:00:00.0,0.0,0.0,0.0,0.0,1.0
2026-02-11T21:00:00.0,0.0,0.0,0.0,0.0,1.0
2026-02-11T22:00:00.0,0.0,0.0,0.0,0.0,1.0
2026-02-11T23:00:00.0,0.0,0.0,0.0,0.0,1.0
2026-02-12T00:00:00.0,0.0,0.0,0.0,0.0,1.0
2026-02-12T01:00:00.0,0.0,0.0,0.0,0.0,1.0
2026-02-12T02:00:00.0,0.0,0.0,0.0,0.0,1.0
2026-02-12T03:00:00.0,0.0,0.0,0.0,0.0,1.0
2026-02-12T04:00:00.0,0.0,0.0,0.0,0.0,1.0
2026-02-12T05:00:00.0,0.0,0.0,0.0,0.0,1.0
2026-02-12T06:00:00.0,0.0,0.0,0.0,0.0,1.0
2026-02-12T07:00:00.0,0.0,0.0,0.0,0.0,1.0
2026-02-12T08:00:00.0,45.7908,22.0819,23.7089,226.6051,0.725
2026-02-12T09:00:00.0,148.1799,57.0529,91.1269,271.7324,1.0
2026-02-12T10:00:00.0,290.7885,216.6623,74.1262,699.1517,1.0
2026-02-12T11:00:00.0,308.7694,180.4425,128.327,487.9693,1.0
2026-02-12T12:00:00.0,331.8138,207.6106,124.2032,503.5957,1.0
2026-02-12T13:00:00.0,297.879,154.8626,143.0164,390.2219,1.0
2026-02-12T14:00:00.0,235.6425,78.9195,156.723,220.296,1.0
2026-02-12T15:00:00.0,203.796,105.781,98.015,407.5476,1.0
2026-02-12T16:00:00.0,125.2337,82.7444,42.4892,511.2328,1.0
2026-02-12T17:00:00.0,15.1479,5.9112,9.2367,92.1159,0.725
2026-02-12T18:00:00.0,0.0,0.0,0.0,0.0,1.0
2026-02-12T19:00:00.0,0.0,0.0,0.0,0.0,1.0
2026-02-12T20:00:00.0,0.0,0.0,0.0,0.0,1.0
2026-02-12T21:00:00.0,0.0,0.0,0.0,0.0,1.0
2026-02-12T22:00:00.0,0.0,0.0,0.0,0.0,1.0
2026-02-12T23:00:00.0,0.0,0.0,0.0,0.0,1.0
2026-02-13T00:00:00.0,0.0,0.0,0.0,0.0,1.0
2026-02-13T01:00:00.0,0.0,0.0,0.0,0.0,1.0
2026-02-13T02:00:00.0,0.0,0.0,0.0,0.0,1.0
2026-02-13T03:00:00.0,0.0,0.0,0.0,0.0,1.0
2026-02-13T04:00:00.0,0.0,0.0,0.0,0.0,1.0
2026-02-13T05:00:00.0,0.0,0.0,0.0,0.0,1.0
2026-02-13T06:00:00.0,0.0,0.0,0.0,0.0,1.0
2026-02-13T07:00:00.0,0.012,0.0002,0.0118,0.0,0.9917
2026-02-13T08:00:00.0,44.6498,20.9402,23.7096,255.318,0.7167
2026-02-13T09:00:00.0,106.3838,12.8077,93.5761,72.6198,1.0
2026-02-13T10:00:00.0,201.6269,66.4224,135.2045,196.3799,1.0
2026-02-13T11:00:00.0,312.0276,141.5704,170.4572,379.1741,1.0
2026-02-13T12:00:00.0,281.8473,50.6116,231.2356,121.8545,1.0
2026-02-13T13:00:00.0,204.6892,22.8251,181.8641,57.0108,1.0
2026-02-13T14:00:00.0,235.3396,69.4347,165.9048,203.8132,1.0
2026-02-13T15:00:00.0,227.4898,121.476,106.0139,438.9067,1.0
2026-02-13T16:00:00.0,124.16,74.1054,50.0546,484.0912,1.0
2026-02-13T17:00:00.0,19.8393,12.0602,7.7791,190.8004,0.7083
2026-02-13T18:00:00.0,0.0,0.0,0.0,0.0,1.0
2026-02-13T19:00:00.0,0.0,0.0,0.0,0.0,1.0
2026-02-13T20:00:00.0,0.0,0.0,0.0,0.0,1.0
2026-02-13T21:00:00.0,0.0,0.0,0.0,0.0,1.0
2026-02-13T22:00:00.0,0.0,0.0,0.0,0.0,1.0
2026-02-13T23:00:00.0,0.0,0.0,0.0,0.0,1.0
2026-02-14T00:00:00.0,0.0,0.0,0.0,0.0,1.0
2026-02-14T01:00:00.0,0.0,0.0,0.0,0.0,1.0
2026-02-14T02:00:00.0,0.0,0.0,0.0,0.0,1.0
2026-02-14T03:00:00.0,0.0,0.0,0.0,0.0,1.0
2026-02-14T04:00:00.0,0.0,0.0,0.0,0.0,1.0
2026-02-14T05:00:00.0,0.0,0.0,0.0,0.0,1.0
2026-02-14T06:00:00.0,0.0,0.0,0.0,0.0,1.0
2026-02-14T07:00:00.0,0.0849,0.0098,0.075,0.0,0.975
2026-02-14T08:00:00.0,57.5913,28.1728,29.4186,322.1724,0.7167
2026-02-14T09:00:00.0,136.727,11.6054,125.1216,58.0857,1.0
2026-02-14T10:00:00.0,114.7283,1.3599,113.3684,4.7723,1.0
2026-02-14T11:00:00.0,85.8508,0.0009,85.8499,0.0023,1.0
2026-02-14T12:00:00.0,65.9139,0.0001,65.9139,0.0001,1.0
2026-02-14T13:00:00.0,61.3851,0.0,61.385,0.0,1.0
2026-02-14T14:00:00.0,27.7351,0.0,27.7351,0.0,1.0
2026-02-14T15:00:00.0,21.9559,0.0,21.9559,0.0,1.0
2026-02-14T16:00:00.0,25.2458,0.0,25.2458,0.0,1.0
2026-02-14T17:00:00.0,9.7913,0.0,9.7913,0.0,0.6917
2026-02-14T18:00:00.0,0.0,0.0,0.0,0.0,1.0
2026-02-14T19:00:00.0,0.0,0.0,0.0,0.0,1.0
2026-02-14T20:00:00.0,0.0,0.0,0.0,0.0,1.0
2026-02-14T21:00:00.0,0.0,0.0,0.0,0.0,1.0
2026-02-14T22:00:00.0,0.0,0.0,0.0,0.0,1.0
2026-02-14T23:00:00.0,0.0,0.0,0.0,0.0,1.0
2026-02-15T00:00:00.0,0.0,0.0,0.0,0.0,1.0
2026-02-15T01:00:00.0,0.0,0.0,0.0,0.0,1.0
2026-02-15T02:00:00.0,0.0,0.0,0.0,0.0,1.0
2026-02-15T03:00:00.0,0.0,0.0,0.0,0.0,1.0
2026-02-15T04:00:00.0,0.0,0.0,0.0,0.0,1.0
2026-02-15T05:00:00.0,0.0,0.0,0.0,0.0,1.0
2026-02-15T06:00:00.0,0.0,0.0,0.0,0.0,1.0
2026-02-15T07:00:00.0,0.1817,0.0033,0.1784,0.0,0.9583
2026-02-15T08:00:00.0,50.9386,9.8274,41.1112,90.3456,0.7167
2026-02-15T09:00:00.0,149.3572,50.8792,98.4781,214.8842,1.0
2026-02-15T10:00:00.0,289.9699,201.4635,88.5064,610.507,1.0
2026-02-15T11:00:00.0,395.0152,317.0532,77.962,803.2968,1.0
2026-02-15T12:00:00.0,65.7864,26.4364,39.35,62.9051,1.0
2026-02-15T13:00:00.0,382.6001,280.4081,102.1919,671.5931,1.0
2026-02-15T14:00:00.0,332.0412,252.9812,79.06,669.6022,1.0
2026-02-15T15:00:00.0,256.1679,187.4287,68.7392,658.0528,1.0
2026-02-15T16:00:00.0,98.6012,50.3586,48.2426,270.5198,1.0
2026-02-15T17:00:00.0,20.9259,7.0941,13.8318,93.2388,0.675
2026-02-15T18:00:00.0,0.0,0.0,0.0,0.0,1.0
2026-02-15T19:00:00.0,0.0,0.0,0.0,0.0,1.0
2026-02-15T20:00:00.0,0.0,0.0,0.0,0.0,1.0
2026-02-15T21:00:00.0,0.0,0.0,0.0,0.0,1.0
2026-02-15T22:00:00.0,0.0,0.0,0.0,0.0,1.0
2026-02-15T23:00:00.0,0.0,0.0,0.0,0.0,1.0
2026-02-16T00:00:00.0,0.0,0.0,0.0,0.0,1.0
2026-02-16T01:00:00.0,0.0,0.0,0.0,0.0,1.0
2026-02-16T02:00:00.0,0.0,0.0,0.0,0.0,1.0
2026-02-16T03:00:00.0,0.0,0.0,0.0,0.0,1.0
2026-02-16T04:00:00.0,0.0,0.0,0.0,0.0,1.0
2026-02-16T05:00:00.0,0.0,0.0,0.0,0.0,1.0
2026-02-16T06:00:00.0,0.0,0.0,0.0,0.0,1.0
2026-02-16T07:00:00.0,0.3991,0.0146,0.3845,0.0,0.9417
2026-02-16T08:00:00.0,61.4719,29.0494,32.4224,259.5173,0.8417
2026-02-16T09:00:00.0,195.6764,129.2183,66.4581,570.2055,1.0
2026-02-16T10:00:00.0,290.9397,191.0299,99.9098,591.8201,1.0
2026-02-16T11:00:00.0,329.3126,185.7117,143.6009,469.6306,1.0
2026-02-16T12:00:00.0,229.6376,26.1803,203.4572,60.7689,1.0
2026-02-16T13:00:00.0,230.407,32.9118,197.4952,76.5655,1.0
2026-02-16T14:00:00.0,315.3764,196.0664,119.31,520.188,1.0
2026-02-16T15:00:00.0,253.1642,166.597,86.5672,580.708,1.0
2026-02-16T16:00:00.0,134.6844,70.2054,64.479,388.9342,1.0
2026-02-16T17:00:00.0,23.347,8.6093,14.7377,109.8618,0.6667
2026-02-16T18:00:00.0,0.0,0.0,0.0,0.0,1.0
2026-02-16T19:00:00.0,0.0,0.0,0.0,0.0,1.0
2026-02-16T20:00:00.0,0.0,0.0,0.0,0.0,1.0
2026-02-16T21:00:00.0,0.0,0.0,0.0,0.0,1.0
2026-02-16T22:00:00.0,0.0,0.0,0.0,0.0,1.0
2026-02-16T23:00:00.0,0.0,0.0,0.0,0.0,1.0
2026-02-17T00:00:00.0,0.0,0.0,0.0,0.0,1.0
2026-02-17T01:00:00.0,0.0,0.0,0.0,0.0,1.0
2026-02-17T02:00:00.0,0.0,0.0,0.0,0.0,1.0
2026-02-17T03:00:00.0,0.0,0.0,0.0,0.0,1.0
2026-02-17T04:00:00.0,0.0,0.0,0.0,0.0,1.0
2026-02-17T05:00:00.0,0.0,0.0,0.0,0.0,1.0
2026-02-17T06:00:00.0,0.0,0.0,0.0,0.0,1.0
2026-02-17T07:00:00.0,0.4922,0.0,0.4922,0.0003,0.925
2026-02-17T08:00:00.0,23.1909,0.0038,23.1871,0.0495,0.8417
2026-02-17T09:00:00.0,34.686,0.0,34.686,0.0,1.0
2026-02-17T10:00:00.0,45.2055,0.0,45.2055,0.0,1.0
2026-02-17T11:00:00.0,70.4746,0.0002,70.4744,0.0005,1.0
2026-02-17T12:00:00.0,66.7022,0.0001,66.7021,0.0002,1.0
2026-02-17T13:00:00.0,109.2554,0.006,109.2495,0.0139,1.0
2026-02-17T14:00:00.0,75.4648,0.0002,75.4645,0.0005,1.0
2026-02-17T15:00:00.0,49.1587,0.0007,49.1581,0.0028,1.0
2026-02-17T16:00:00.0,63.2688,0.0199,63.2489,0.0906,1.0
2026-02-17T17:00:00.0,13.6786,0.0,13.6786,0.0001,0.6417
2026-02-17T18:00:00.0,0.0,0.0,0.0,0.0,1.0
2026-02-17T19:00:00.0,0.0,0.0,0.0,0.0,1.0
2026-02-17T20:00:00.0,0.0,0.0,0.0,0.0,1.0
2026-02-17T21:00:00.0,0.0,0.0,0.0,0.0,1.0
2026-02-17T22:00:00.0,0.0,0.0,0.0,0.0,1.0
2026-02-17T23:00:00.0,0.0,0.0,0.0,0.0,1.0
2026-02-18T00:00:00.0,0.0,0.0,0.0,0.0,1.0
2026-02-18T01:00:00.0,0.0,0.0,0.0,0.0,1.0
2026-02-18T02:00:00.0,0.0,0.0,0.0,0.0,1.0
2026-02-18T03:00:00.0,0.0,0.0,0.0,0.0,1.0
2026-02-18T04:00:00.0,0.0,0.0,0.0,0.0,1.0
2026-02-18T05:00:00.0,0.0,0.0,0.0,0.0,1.0
2026-02-18T06:00:00.0,0.0,0.0,0.0,0.0,1.0
2026-02-18T07:00:00.0,0.837,0.0159,0.8211,0.3498,0.9083
2026-02-18T08:00:00.0,46.2389,2.0245,44.2144,22.2154,0.8417
2026-02-18T09:00:00.0,49.7849,0.1339,49.651,0.7435,1.0
2026-02-18T10:00:00.0,69.9304,0.0075,69.9228,0.02,1.0
2026-02-18T11:00:00.0,109.9802,0.1515,109.8287,0.3838,1.0
2026-02-18T12:00:00.0,182.5709,10.5762,171.9948,23.6431,1.0
2026-02-18T13:00:00.0,185.3001,9.6691,175.631,22.0304,1.0
2026-02-18T14:00:00.0,186.3803,69.9117,116.4685,171.809,1.0
2026-02-18T15:00:00.0,94.8856,2.1745,92.7112,7.9129,1.0
2026-02-18T16:00:00.0,73.4091,10.6211,62.788,75.6089,1.0
2026-02-18T17:00:00.0,28.0405,11.2102,16.8303,134.6971,0.625
2026-02-18T18:00:00.0,0.0,0.0,0.0,0.0,1.0
2026-02-18T19:00:00.0,0.0,0.0,0.0,0.0,1.0
2026-02-18T20:00:00.0,0.0,0.0,0.0,0.0,1.0
2026-02-18T21:00:00.0,0.0,0.0,0.0,0.0,1.0
2026-02-18T22:00:00.0,0.0,0.0,0.0,0.0,1.0
2026-02-18T23:00:00.0,0.0,0.0,0.0,0.0,1.0
2026-02-19T00:00:00.0,0.0,0.0,0.0,0.0,1.0
2026-02-19T01:00:00.0,0.0,0.0,0.0,0.0,1.0
2026-02-19T02:00:00.0,0.0,0.0,0.0,0.0,1.0
2026-02-19T03:00:00.0,0.0,0.0,0.0,0.0,1.0
2026-02-19T04:00:00.0,0.0,0.0,0.0,0.0,1.0
2026-02-19T05:00:00.0,0.0,0.0,0.0,0.0,1.0
2026-02-19T06:00:00.0,0.0,0.0,0.0,0.0,1.0
2026-02-19T07:00:00.0,0.2908,0.0,0.2908,0.0,0.8917
2026-02-19T08:00:00.0,40.8028,15.0181,25.7848,110.7471,0.8417
2026-02-19T09:00:00.0,24.1928,0.0004,24.1924,0.002,1.0
2026-02-19T10:00:00.0,165.2961,66.0816,99.2146,175.9826,1.0
2026-02-19T11:00:00.0,297.1598,105.6641,191.4957,256.8459,1.0
2026-02-19T12:00:00.0,386.6251,228.6414,157.9837,507.4155,1.0
2026-02-19T13:00:00.0,315.1931,73.8783,241.3149,166.8543,1.0
2026-02-19T14:00:00.0,348.7528,214.2121,134.5407,556.9951,1.0
2026-02-19T15:00:00.0,238.6871,115.0385,123.6486,350.0241,1.0
2026-02-19T16:00:00.0,133.0573,56.1381,76.9193,316.635,1.0
2026-02-19T17:00:00.0,24.6288,3.0583,21.5706,28.4869,0.7333
2026-02-19T18:00:00.0,0.0,0.0,0.0,0.0,1.0
2026-02-19T19:00:00.0,0.0,0.0,0.0,0.0,1.0
2026-02-19T20:00:00.0,0.0,0.0,0.0,0.0,1.0
2026-02-19T21:00:00.0,0.0,0.0,0.0,0.0,1.0
2026-02-19T22:00:00.0,0.0,0.0,0.0,0.0,1.0
2026-02-19T23:00:00.0,0.0,0.0,0.0,0.0,1.0
2026-02-20T00:00:00.0,0.0,0.0,0.0,0.0,1.0
2026-02-20T01:00:00.0,0.0,0.0,0.0,0.0,1.0
2026-02-20T02:00:00.0,0.0,0.0,0.0,0.0,1.0
2026-02-20T03:00:00.0,0.0,0.0,0.0,0.0,1.0
2026-02-20T04:00:00.0,0.0,0.0,0.0,0.0,1.0
2026-02-20T05:00:00.0,0.0,0.0,0.0,0.0,1.0
2026-02-20T06:00:00.0,0.0,0.0,0.0,0.0,1.0
2026-02-20T07:00:00.0,0.2378,0.0,0.2378,0.0,0.875
2026-02-20T08:00:00.0,41.7417,9.7213,32.0204,57.8323,0.8417
2026-02-20T09:00:00.0,103.6874,41.0691,62.6183,182.3476,1.0
2026-02-20T10:00:00.0,187.3693,32.9041,154.4652,90.7155,1.0
2026-02-20T11:00:00.0,242.397,136.551,105.846,324.1613,1.0
2026-02-20T12:00:00.0,334.1791,139.2914,194.8877,308.249,1.0
2026-02-20T13:00:00.0,332.4714,87.6392,244.8323,194.8397,1.0
2026-02-20T14:00:00.0,243.0422,47.9263,195.1159,121.8021,1.0
2026-02-20T15:00:00.0,223.5435,61.3669,162.1766,198.1648,1.0
2026-02-20T16:00:00.0,121.5457,22.7905,98.7552,116.8266,1.0
2026-02-20T17:00:00.0,29.9769,6.9759,23.001,78.7659,0.725
2026-02-20T18:00:00.0,0.0,0.0,0.0,0.0,1.0
2026-02-20T19:00:00.0,0.0,0.0,0.0,0.0,1.0
2026-02-20T20:00:00.0,0.0,0.0,0.0,0.0,1.0
2026-02-20T21:00:00.0,0.0,0.0,0.0,0.0,1.0
2026-02-20T22:00:00.0,0.0,0.0,0.0,0.0,1.0
2026-02-20T23:00:00.0,0.0,0.0,0.0,0.0,1.0
2026-02-21T00:00:00.0,0.0,0.0,0.0,0.0,1.0
2026-02-21T01:00:00.0,0.0,0.0,0.0,0.0,1.0
2026-02-21T02:00:00.0,0.0,0.0,0.0,0.0,1.0
2026-02-21T03:00:00.0,0.0,0.0,0.0,0.0,1.0
2026-02-21T04:00:00.0,0.0,0.0,0.0,0.0,1.0
2026-02-21T05:00:00.0,0.0,0.0,0.0,0.0,1.0
2026-02-21T06:00:00.0,0.0,0.0,0.0,0.0,1.0
2026-02-21T07:00:00.0,1.6338,0.0,1.6337,0.0006,0.8583
2026-02-21T08:00:00.0,52.0636,0.9644,51.0992,5.6047,0.8417
2026-02-21T09:00:00.0,74.7348,0.8764,73.8584,4.291,1.0
2026-02-21T10:00:00.0,58.8897,0.0023,58.8873,0.0061,1.0
2026-02-21T11:00:00.0,66.4075,0.0009,66.4066,0.0023,1.0
2026-02-21T12:00:00.0,57.6402,0.0007,57.6395,0.0014,1.0
2026-02-21T13:00:00.0,106.1369,0.0342,106.1027,0.0775,1.0
2026-02-21T14:00:00.0,60.5498,0.0107,60.5391,0.0247,1.0
2026-02-21T15:00:00.0,64.5041,0.0042,64.4999,0.0138,1.0
2026-02-21T16:00:00.0,49.4058,18.1923,31.2135,102.9396,1.0
2026-02-21T17:00:00.0,19.918,0.0056,19.9124,0.0638,0.7083
2026-02-21T18:00:00.0,0.0,0.0,0.0,0.0,1.0
2026-02-21T19:00:00.0,0.0,0.0,0.0,0.0,1.0
2026-02-21T20:00:00.0,0.0,0.0,0.0,0.0,1.0
2026-02-21T21:00:00.0,0.0,0.0,0.0,0.0,1.0
2026-02-21T22:00:00.0,0.0,0.0,0.0,0.0,1.0
2026-02-21T23:00:00.0,0.0,0.0,0.0,0.0,1.0
2026-02-22T00:00:00.0,0.0,0.0,0.0,0.0,1.0
2026-02-22T01:00:00.0,0.0,0.0,0.0,0.0,1.0
2026-02-22T02:00:00.0,0.0,0.0,0.0,0.0,1.0
2026-02-22T03:00:00.0,0.0,0.0,0.0,0.0,1.0
2026-02-22T04:00:00.0,0.0,0.0,0.0,0.0,1.0
2026-02-22T05:00:00.0,0.0,0.0,0.0,0.0,1.0
2026-02-22T06:00:00.0,0.0,0.0,0.0,0.0,1.0
2026-02-22T07:00:00.0,3.3527,0.3408,3.0119,8.3781,0.8417
2026-02-22T08:00:00.0,87.5144,43.4117,44.1026,311.6331,0.8417
2026-02-22T09:00:00.0,227.9687,152.6926,75.2761,590.4284,1.0
2026-02-22T10:00:00.0,260.8556,137.4662,123.3894,399.3046,1.0
2026-02-22T11:00:00.0,159.1888,12.4568,146.732,27.5256,1.0
2026-02-22T12:00:00.0,201.5829,13.0811,188.5018,28.353,1.0
2026-02-22T13:00:00.0,181.7115,3.0099,178.7016,6.5031,1.0
2026-02-22T14:00:00.0,136.384,0.3361,136.048,0.8081,1.0
2026-02-22T15:00:00.0,210.2382,66.066,144.1722,217.4307,1.0
2026-02-22T16:00:00.0,134.6376,38.1061,96.5315,208.7511,1.0
2026-02-22T17:00:00.0,38.1212,13.4221,24.6991,135.8071,0.7
2026-02-22T18:00:00.0,0.0,0.0,0.0,0.0,1.0
2026-02-22T19:00:00.0,0.0,0.0,0.0,0.0,1.0
2026-02-22T20:00:00.0,0.0,0.0,0.0,0.0,1.0
2026-02-22T21:00:00.0,0.0,0.0,0.0,0.0,1.0
2026-02-22T22:00:00.0,0.0,0.0,0.0,0.0,1.0
2026-02-22T23:00:00.0,0.0,0.0,0.0,0.0,1.0
2026-02-23T00:00:00.0,0.0,0.0,0.0,0.0,1.0
2026-02-23T01:00:00.0,0.0,0.0,0.0,0.0,1.0
2026-02-23T02:00:00.0,0.0,0.0,0.0,0.0,1.0
2026-02-23T03:00:00.0,0.0,0.0,0.0,0.0,1.0
2026-02-23T04:00:00.0,0.0,0.0,0.0,0.0,1.0
2026-02-23T05:00:00.0,0.0,0.0,0.0,0.0,1.0
2026-02-23T06:00:00.0,0.0,0.0,0.0,0.0,1.0
2026-02-23T07:00:00.0,4.1631,0.5718,3.5913,12.9713,0.825
2026-02-23T08:00:00.0,61.0829,6.9215,54.1615,72.286,0.9667
2026-02-23T09:00:00.0,29.7497,0.003,29.7467,0.0147,1.0
2026-02-23T10:00:00.0,99.8433,0.1792,99.6641,0.4512,1.0
2026-02-23T11:00:00.0,151.0509,0.7417,150.3092,1.7248,1.0
2026-02-23T12:00:00.0,112.8969,0.0444,112.8525,0.094,1.0
2026-02-23T13:00:00.0,131.8436,0.071,131.7726,0.1527,1.0
2026-02-23T14:00:00.0,50.517,0.0035,50.5135,0.008,1.0
2026-02-23T15:00:00.0,46.3378,0.0043,46.3334,0.0156,1.0
2026-02-23T16:00:00.0,104.6793,18.9122,85.7671,97.261,1.0
2026-02-23T17:00:00.0,10.7821,0.0772,10.7049,0.575,0.675
2026-02-23T18:00:00.0,0.0,0.0,0.0,0.0,1.0
2026-02-23T19:00:00.0,0.0,0.0,0.0,0.0,1.0
2026-02-23T20:00:00.0,0.0,0.0,0.0,0.0,1.0
2026-02-23T21:00:00.0,0.0,0.0,0.0,0.0,1.0
2026-02-23T22:00:00.0,0.0,0.0,0.0,0.0,1.0
2026-02-23T23:00:00.0,0.0,0.0,0.0,0.0,1.0
2026-02-24T00:00:00.0,0.0,0.0,0.0,0.0,1.0
2026-02-24T01:00:00.0,0.0,0.0,0.0,0.0,1.0
2026-02-24T02:00:00.0,0.0,0.0,0.0,0.0,1.0
2026-02-24T03:00:00.0,0.0,0.0,0.0,0.0,1.0
2026-02-24T04:00:00.0,0.0,0.0,0.0,0.0,1.0
2026-02-24T05:00:00.0,0.0,0.0,0.0,0.0,1.0
2026-02-24T06:00:00.0,0.0,0.0,0.0,0.0,1.0
2026-02-24T07:00:00.0,4.8499,0.4191,4.4308,8.8851,0.8083
2026-02-24T08:00:00.0,76.8194,15.6822,61.1372,113.4538,0.9667
2026-02-24T09:00:00.0,53.8146,0.9128,52.9018,4.0286,1.0
2026-02-24T10:00:00.0,108.8585,0.1167,108.7418,0.3012,1.0
2026-02-24T11:00:00.0,126.1511,0.4317,125.7194,1.0041,1.0
2026-02-24T12:00:00.0,146.819,0.205,146.614,0.4265,1.0
2026-02-24T13:00:00.0,102.916,0.0386,102.8773,0.0805,1.0
2026-02-24T14:00:00.0,82.4373,0.0517,82.3857,0.1268,1.0
2026-02-24T15:00:00.0,114.4199,2.65,111.7699,8.881,1.0
2026-02-24T16:00:00.0,112.6809,6.0365,106.6443,24.7733,1.0
2026-02-24T17:00:00.0,22.7931,0.0127,22.7804,0.091,0.6583
2026-02-24T18:00:00.0,0.0,0.0,0.0,0.0,1.0
2026-02-24T19:00:00.0,0.0,0.0,0.0,0.0,1.0
2026-02-24T20:00:00.0,0.0,0.0,0.0,0.0,1.0
2026-02-24T21:00:00.0,0.0,0.0,0.0,0.0,1.0
2026-02-24T22:00:00.0,0.0,0.0,0.0,0.0,1.0
2026-02-24T23:00:00.0,0.0,0.0,0.0,0.0,1.0
2026-02-25T00:00:00.0,0.0,0.0,0.0,0.0,1.0
2026-02-25T01:00:00.0,0.0,0.0,0.0,0.0,1.0
2026-02-25T02:00:00.0,0.0,0.0,0.0,0.0,1.0
2026-02-25T03:00:00.0,0.0,0.0,0.0,0.0,1.0
2026-02-25T04:00:00.0,0.0,0.0,0.0,0.0,1.0
2026-02-25T05:00:00.0,0.0,0.0,0.0,0.0,1.0
2026-02-25T06:00:00.0,0.0,0.0,0.0,0.0,1.0
2026-02-25T07:00:00.0,4.4678,0.0006,4.4673,0.0109,0.7917
2026-02-25T08:00:00.0,76.7812,16.5492,60.232,85.9234,0.9667
2026-02-25T09:00:00.0,64.045,12.0655,51.9795,48.2833,1.0
2026-02-25T10:00:00.0,94.7785,2.179,92.5994,6.4339,1.0
2026-02-25T11:00:00.0,158.2232,2.8187,155.4045,6.1026,1.0
2026-02-25T12:00:00.0,192.272,3.5779,188.6941,7.445,1.0
2026-02-25T13:00:00.0,140.1909,0.2325,139.9584,0.4814,1.0
2026-02-25T14:00:00.0,105.2648,0.5597,104.7051,1.4163,1.0
2026-02-25T15:00:00.0,215.211,66.0193,149.1916,199.5863,1.0
2026-02-25T16:00:00.0,106.3932,8.3362,98.057,34.8368,1.0
2026-02-25T17:00:00.0,17.8554,0.001,17.8544,0.0073,0.6583
2026-02-25T18:00:00.0,0.0032,0.0,0.0032,0.0,0.9833
2026-02-25T19:00:00.0,0.0,0.0,0.0,0.0,1.0
2026-02-25T20:00:00.0,0.0,0.0,0.0,0.0,1.0
2026-02-25T21:00:00.0,0.0,0.0,0.0,0.0,1.0
2026-02-25T22:00:00.0,0.0,0.0,0.0,0.0,1.0
2026-02-25T23:00:00.0,0.0,0.0,0.0,0.0,1.0
2026-02-26T00:00:00.0,0.0,0.0,0.0,0.0,1.0
2026-02-26T01:00:00.0,0.0,0.0,0.0,0.0,1.0
2026-02-26T02:00:00.0,0.0,0.0,0.0,0.0,1.0
2026-02-26T03:00:00.0,0.0,0.0,0.0,0.0,1.0
2026-02-26T04:00:00.0,0.0,0.0,0.0,0.0,1.0
2026-02-26T05:00:00.0,0.0,0.0,0.0,0.0,1.0
2026-02-26T06:00:00.0,0.0,0.0,0.0,0.0,1.0
2026-02-26T07:00:00.0,1.059,0.0,1.059,0.0,0.7667
2026-02-26T08:00:00.0,33.7664,0.0608,33.7055,0.302,0.9667
2026-02-26T09:00:00.0,54.1177,0.0298,54.0879,0.1328,1.0
2026-02-26T10:00:00.0,86.9764,0.1305,86.8459,0.312,1.0
2026-02-26T11:00:00.0,127.2106,0.1149,127.0957,0.2628,1.0
2026-02-26T12:00:00.0,71.2134,0.0002,71.2132,0.0005,1.0
2026-02-26T13:00:00.0,163.3015,1.3209,161.9806,2.7976,1.0
2026-02-26T14:00:00.0,124.6122,0.3501,124.262,0.7868,1.0
2026-02-26T15:00:00.0,74.1991,0.0028,74.1963,0.0073,1.0
2026-02-26T16:00:00.0,19.5155,0.0,19.5155,0.0,1.0
2026-02-26T17:00:00.0,6.9935,0.0,6.9935,0.0,0.7833
2026-02-26T18:00:00.0,0.0075,0.0,0.0075,0.0,0.975
2026-02-26T19:00:00.0,0.0,0.0,0.0,0.0,1.0
2026-02-26T20:00:00.0,0.0,0.0,0.0,0.0,1.0
2026-02-26T21:00:00.0,0.0,0.0,0.0,0.0,1.0
2026-02-26T22:00:00.0,0.0,0.0,0.0,0.0,1.0
2026-02-26T23:00:00.0,0.0,0.0,0.0,0.0,1.0
2026-02-27T00:00:00.0,0.0,0.0,0.0,0.0,1.0
2026-02-27T01:00:00.0,0.0,0.0,0.0,0.0,1.0
2026-02-27T02:00:00.0,0.0,0.0,0.0,0.0,1.0
2026-02-27T03:00:00.0,0.0,0.0,0.0,0.0,1.0
2026-02-27T04:00:00.0,0.0,0.0,0.0,0.0,1.0
2026-02-27T05:00:00.0,0.0,0.0,0.0,0.0,1.0
2026-02-27T06:00:00.0,0.0,0.0,0.0,0.0,1.0
2026-02-27T07:00:00.0,5.8474,0.0001,5.8473,0.0019,0.75
2026-02-27T08:00:00.0,41.7625,0.595,41.1675,2.8606,0.9667
2026-02-27T09:00:00.0,104.7575,1.9464,102.8111,7.8578,1.0
2026-02-27T10:00:00.0,213.2179,22.9923,190.2255,56.726,1.0
2026-02-27T11:00:00.0,345.6253,107.4092,238.2161,236.6743,1.0
2026-02-27T12:00:00.0,320.3932,85.5116,234.8816,172.1095,1.0
2026-02-27T13:00:00.0,478.8227,312.222,166.6007,642.3083,1.0
2026-02-27T14:00:00.0,236.5988,33.9548,202.644,74.0588,1.0
2026-02-27T15:00:00.0,180.1241,9.9613,170.1629,28.3336,1.0
2026-02-27T16:00:00.0,138.7298,19.5199,119.2099,88.8402,1.0
2026-02-27T17:00:00.0,49.6749,10.9455,38.7294,117.0677,0.7833
2026-02-27T18:00:00.0,0.1502,0.0043,0.1459,0.0,0.9583
2026-02-27T19:00:00.0,0.0,0.0,0.0,0.0,1.0
2026-02-27T20:00:00.0,0.0,0.0,0.0,0.0,1.0
2026-02-27T21:00:00.0,0.0,0.0,0.0,0.0,1.0
2026-02-27T22:00:00.0,0.0,0.0,0.0,0.0,1.0
2026-02-27T23:00:00.0,0.0,0.0,0.0,0.0,1.0
2026-02-28T00:00:00.0,0.0,0.0,0.0,0.0,1.0
2026-02-28T01:00:00.0,0.0,0.0,0.0,0.0,1.0
2026-02-28T02:00:00.0,0.0,0.0,0.0,0.0,1.0
2026-02-28T03:00:00.0,0.0,0.0,0.0,0.0,1.0
2026-02-28T04:00:00.0,0.0,0.0,0.0,0.0,1.0
2026-02-28T05:00:00.0,0.0,0.0,0.0,0.0,1.0
2026-02-28T06:00:00.0,0.0,0.0,0.0,0.0,1.0
2026-02-28T07:00:00.0,3.1926,0.0,3.1926,0.0,0.7333
2026-02-28T08:00:00.0,57.2375,2.117,55.1205,9.9306,0.9667
2026-02-28T09:00:00.0,162.0296,12.4149,149.6147,40.5712,1.0
2026-02-28T10:00:00.0,141.1373,2.0603,139.077,5.6876,1.0
2026-02-28T11:00:00.0,263.1554,39.4676,223.6878,82.1526,1.0
2026-02-28T12:00:00.0,302.5513,52.4999,250.0514,105.3781,1.0
2026-02-28T13:00:00.0,182.2688,1.8189,180.4499,3.678,1.0
2026-02-28T14:00:00.0,143.7805,2.532,141.2486,6.0724,1.0
2026-02-28T15:00:00.0,135.1461,1.6901,133.456,4.5873,1.0
2026-02-28T16:00:00.0,73.8392,1.2319,72.6073,5.8588,1.0
2026-02-28T17:00:00.0,50.8681,19.3062,31.5619,173.0441,0.7833
2026-02-28T18:00:00.0,0.2951,0.0079,0.2873,0.0,0.95
2026-02-28T19:00:00.0,0.0,0.0,0.0,0.0,1.0
2026-02-28T20:00:00.0,0.0,0.0,0.0,0.0,1.0
2026-02-28T21:00:00.0,0.0,0.0,0.0,0.0,1.0
2026-02-28T22:00:00.0,0.0,0.0,0.0,0.0,1.0
2026-02-28T23:00:00.0,0.0,0.0,0.0,0.0,1.0
2026-03-01T00:00:00.0,0.0,0.0,0.0,0.0,1.0
2026-03-01T01:00:00.0,0.0,0.0,0.0,0.0,1.0
2026-03-01T02:00:00.0,0.0,0.0,0.0,0.0,1.0
2026-03-01T03:00:00.0,0.0,0.0,0.0,0.0,1.0
2026-03-01T04:00:00.0,0.0,0.0,0.0,0.0,1.0
2026-03-01T05:00:00.0,0.0,0.0,0.0,0.0,1.0
2026-03-01T06:00:00.0,0.0,0.0,0.0,0.0,1.0
2026-03-01T07:00:00.0,11.5415,1.6884,9.8532,25.139,0.7167
2026-03-01T08:00:00.0,66.7702,6.3065,60.4637,52.9909,0.9667
2026-03-01T09:00:00.0,40.6266,0.0,40.6266,0.0,1.0
2026-03-01T10:00:00.0,76.3093,0.0052,76.3041,0.0124,1.0
2026-03-01T11:00:00.0,113.2769,0.0244,113.2524,0.0499,1.0
2026-03-01T12:00:00.0,236.0159,95.0741,140.9418,186.6447,1.0
2026-03-01T13:00:00.0,94.8501,2.5027,92.3473,5.2156,1.0
2026-03-01T14:00:00.0,172.6045,82.7226,89.8819,176.765,1.0
2026-03-01T15:00:00.0,106.8341,34.4968,72.3374,108.5357,1.0
2026-03-01T16:00:00.0,123.2044,72.2945,50.9099,298.1111,1.0
2026-03-01T17:00:00.0,54.585,23.0492,31.5357,201.9334,0.7833
2026-03-01T18:00:00.0,0.5015,0.0206,0.4809,0.3226,0.925
2026-03-01T19:00:00.0,0.0,0.0,0.0,0.0,1.0
2026-03-01T20:00:00.0,0.0,0.0,0.0,0.0,1.0
2026-03-01T21:00:00.0,0.0,0.0,0.0,0.0,1.0
2026-03-01T22:00:00.0,0.0,0.0,0.0,0.0,1.0
2026-03-01T23:00:00.0,0.0,0.0,0.0,0.0,1.0
2026-03-02T00:00:00.0,0.0,0.0,0.0,0.0,1.0
2026-03-02T01:00:00.0,0.0,0.0,0.0,0.0,1.0
2026-03-02T02:00:00.0,0.0,0.0,0.0,0.0,1.0
2026-03-02T03:00:00.0,0.0,0.0,0.0,0.0,1.0
2026-03-02T04:00:00.0,0.0,0.0,0.0,0.0,1.0
2026-03-02T05:00:00.0,0.0,0.0,0.0,0.0,1.0
2026-03-02T06:00:00.0,0.0,0.0,0.0,0.0,1.0
2026-03-02T07:00:00.0,16.7684,7.0471,9.7213,104.0706,0.7
2026-03-02T08:00:00.0,135.2049,84.6139,50.591,477.7935,0.9667
2026-03-02T09:00:00.0,257.3156,144.8392,112.4764,472.449,1.0
2026-03-02T10:00:00.0,350.3652,177.6591,172.7062,435.8833,1.0
2026-03-02T11:00:00.0,390.0385,155.0877,234.9508,323.9656,1.0
2026-03-02T12:00:00.0,403.0665,120.0678,282.9987,234.2697,1.0
2026-03-02T13:00:00.0,446.4494,246.504,199.9454,488.1758,1.0
2026-03-02T14:00:00.0,376.0163,185.1895,190.8269,408.7583,1.0
2026-03-02T15:00:00.0,249.197,85.537,163.66,224.8459,1.0
2026-03-02T16:00:00.0,191.4339,108.5507,82.8832,432.6233,1.0
2026-03-02T17:00:00.0,64.1588,24.7238,39.435,175.6978,0.7833
2026-03-02T18:00:00.0,0.6656,0.0165,0.6491,0.4638,0.9083
2026-03-02T19:00:00.0,0.0,0.0,0.0,0.0,1.0
2026-03-02T20:00:00.0,0.0,0.0,0.0,0.0,1.0
2026-03-02T21:00:00.0,0.0,0.0,0.0,0.0,1.0
2026-03-02T22:00:00.0,0.0,0.0,0.0,0.0,1.0
2026-03-02T23:00:00.0,0.0,0.0,0.0,0.0,1.0
2026-03-03T00:00:00.0,0.0,0.0,0.0,0.0,1.0
2026-03-03T01:00:00.0,0.0,0.0,0.0,0.0,1.0
2026-03-03T02:00:00.0,0.0,0.0,0.0,0.0,1.0
2026-03-03T03:00:00.0,0.0,0.0,0.0,0.0,1.0
2026-03-03T04:00:00.0,0.0,0.0,0.0,0.0,1.0
2026-03-03T05:00:00.0,0.0,0.0,0.0,0.0,1.0
2026-03-03T06:00:00.0,0.0,0.0,0.0,0.0,1.0
2026-03-03T07:00:00.0,18.0902,6.9836,11.1066,97.0113,0.7667
2026-03-03T08:00:00.0,139.6886,88.2547,51.4339,484.4049,1.0
2026-03-03T09:00:00.0,286.516,208.6988,77.8172,673.1217,1.0
2026-03-03T10:00:00.0,409.242,311.5824,97.6596,751.0131,1.0
2026-03-03T11:00:00.0,479.523,356.946,122.577,736.4422,1.0
2026-03-03T12:00:00.0,377.032,141.2387,235.7933,273.3928,1.0
2026-03-03T13:00:00.0,375.9926,148.6931,227.2995,293.623,1.0
2026-03-03T14:00:00.0,327.2244,121.8095,205.4149,266.1174,1.0
2026-03-03T15:00:00.0,273.4987,117.8133,155.6854,312.2512,1.0
2026-03-03T16:00:00.0,104.4952,7.4511,97.0441,25.0368,1.0
2026-03-03T17:00:00.0,30.1582,0.0001,30.1582,0.0006,0.7833
2026-03-03T18:00:00.0,0.5402,0.0,0.5402,0.0,0.9
2026-03-03T19:00:00.0,0.0,0.0,0.0,0.0,1.0
2026-03-03T20:00:00.0,0.0,0.0,0.0,0.0,1.0
2026-03-03T21:00:00.0,0.0,0.0,0.0,0.0,1.0
2026-03-03T22:00:00.0,0.0,0.0,0.0,0.0,1.0
2026-03-03T23:00:00.0,0.0,0.0,0.0,0.0,1.0
2026-03-04T00:00:00.0,0.0,0.0,0.0,0.0,1.0
2026-03-04T01:00:00.0,0.0,0.0,0.0,0.0,1.0
2026-03-04T02:00:00.0,0.0,0.0,0.0,0.0,1.0
2026-03-04T03:00:00.0,0.0,0.0,0.0,0.0,1.0
2026-03-04T04:00:00.0,0.0,0.0,0.0,0.0,1.0
2026-03-04T05:00:00.0,0.0,0.0,0.0,0.0,1.0
2026-03-04T06:00:00.0,0.0,0.0,0.0,0.0,1.0
2026-03-04T07:00:00.0,17.4417,3.6247,13.817,47.0506,0.75
2026-03-04T08:00:00.0,27.3976,1.5993,25.7983,13.6044,1.0
2026-03-04T09:00:00.0,57.7928,0.0126,57.7802,0.0454,1.0
2026-03-04T10:00:00.0,42.3937,0.0,42.3937,0.0,1.0
2026-03-04T11:00:00.0,72.5543,0.0,72.5542,0.0,1.0
2026-03-04T12:00:00.0,117.4804,0.2316,117.2488,0.44,1.0
2026-03-04T13:00:00.0,190.7759,2.1249,188.651,4.0979,1.0
2026-03-04T14:00:00.0,149.0887,0.6184,148.4704,1.3972,1.0
2026-03-04T15:00:00.0,106.9508,0.4129,106.5379,1.0064,1.0
2026-03-04T16:00:00.0,50.9551,1.2722,49.6828,4.7938,1.0
2026-03-04T17:00:00.0,7.9703,0.0,7.9703,0.0,0.7833
2026-03-04T18:00:00.0,0.1626,0.0,0.1626,0.0,0.8833
2026-03-04T19:00:00.0,0.0,0.0,0.0,0.0,1.0
2026-03-04T20:00:00.0,0.0,0.0,0.0,0.0,1.0
2026-03-04T21:00:00.0,0.0,0.0,0.0,0.0,1.0
2026-03-04T22:00:00.0,0.0,0.0,0.0,0.0,1.0
2026-03-04T23:00:00.0,0.0,0.0,0.0,0.0,1.0
2026-03-05T00:00:00.0,0.0,0.0,0.0,0.0,1.0
2026-03-05T01:00:00.0,0.0,0.0,0.0,0.0,1.0
2026-03-05T02:00:00.0,0.0,0.0,0.0,0.0,1.0
2026-03-05T03:00:00.0,0.0,0.0,0.0,0.0,1.0
2026-03-05T04:00:00.0,0.0,0.0,0.0,0.0,1.0
2026-03-05T05:00:00.0,0.0,0.0,0.0,0.0,1.0
2026-03-05T06:00:00.0,0.0,0.0,0.0,0.0,1.0
2026-03-05T07:00:00.0,3.2791,0.0,3.2791,0.0,0.7333
2026-03-05T08:00:00.0,25.3389,0.0002,25.3387,0.0009,1.0
2026-03-05T09:00:00.0,98.5257,0.0301,98.4955,0.0952,1.0
2026-03-05T10:00:00.0,90.3704,0.0028,90.3677,0.0068,1.0
2026-03-05T11:00:00.0,97.1876,0.004,97.1837,0.0078,1.0
2026-03-05T12:00:00.0,90.6898,0.0009,90.6889,0.0018,1.0
2026-03-05T13:00:00.0,109.2218,0.0078,109.214,0.0152,1.0
2026-03-05T14:00:00.0,130.4588,0.2482,130.2106,0.5602,1.0
2026-03-05T15:00:00.0,204.7846,15.1794,189.6052,40.8748,1.0
2026-03-05T16:00:00.0,147.5474,19.8411,127.7063,83.6317,1.0
2026-03-05T17:00:00.0,80.7238,37.9341,42.7898,307.2439,0.7833
2026-03-05T18:00:00.0,2.1935,0.4053,1.7882,11.4128,0.8667
2026-03-05T19:00:00.0,0.0,0.0,0.0,0.0,1.0
2026-03-05T20:00:00.0,0.0,0.0,0.0,0.0,1.0
2026-03-05T21:00:00.0,0.0,0.0,0.0,0.0,1.0
2026-03-05T22:00:00.0,0.0,0.0,0.0,0.0,1.0
2026-03-05T23:00:00.0,0.0,0.0,0.0,0.0,1.0
2026-03-06T00:00:00.0,0.0,0.0,0.0,0.0,1.0
2026-03-06T01:00:00.0,0.0,0.0,0.0,0.0,1.0
2026-03-06T02:00:00.0,0.0,0.0,0.0,0.0,1.0
2026-03-06T03:00:00.0,0.0,0.0,0.0,0.0,1.0
2026-03-06T04:00:00.0,0.0,0.0,0.0,0.0,1.0
2026-03-06T05:00:00.0,0.0,0.0,0.0,0.0,1.0
2026-03-06T06:00:00.0,0.0,0.0,0.0,0.0,1.0
2026-03-06T07:00:00.0,29.2126,15.2022,14.0104,187.0107,0.7167
2026-03-06T08:00:00.0,168.0401,120.4404,47.5997,608.77,1.0
2026-03-06T09:00:00.0,315.4244,247.3068,68.1177,750.2588,1.0
2026-03-06T10:00:00.0,449.4409,376.8744,72.5665,870.7642,1.0
2026-03-06T11:00:00.0,537.1836,461.1281,76.0555,915.6206,1.0
2026-03-06T12:00:00.0,575.7457,497.6202,78.1255,929.8607,1.0
2026-03-06T13:00:00.0,561.9182,482.6307,79.2875,918.9034,1.0
2026-03-06T14:00:00.0,497.9658,420.5354,77.4304,886.2621,1.0
2026-03-06T15:00:00.0,365.5144,275.6828,89.8316,707.5298,1.0
2026-03-06T16:00:00.0,200.3951,104.617,95.7782,405.3283,1.0
2026-03-06T17:00:00.0,87.6703,48.9201,38.7502,372.7449,0.9083
2026-03-06T18:00:00.0,2.8883,0.6858,2.2024,18.4312,0.8583
2026-03-06T19:00:00.0,0.0,0.0,0.0,0.0,1.0
2026-03-06T20:00:00.0,0.0,0.0,0.0,0.0,1.0
2026-03-06T21:00:00.0,0.0,0.0,0.0,0.0,1.0
2026-03-06T22:00:00.0,0.0,0.0,0.0,0.0,1.0
2026-03-06T23:00:00.0,0.0,0.0,0.0,0.0,1.0
2026-03-07T00:00:00.0,0.0,0.0,0.0,0.0,1.0
2026-03-07T01:00:00.0,0.0,0.0,0.0,0.0,1.0
2026-03-07T02:00:00.0,0.0,0.0,0.0,0.0,1.0
2026-03-07T03:00:00.0,0.0,0.0,0.0,0.0,1.0
2026-03-07T04:00:00.0,0.0,0.0,0.0,0.0,1.0
2026-03-07T05:00:00.0,0.0,0.0,0.0,0.0,1.0
2026-03-07T06:00:00.0,0.0,0.0,0.0,0.0,1.0
2026-03-07T07:00:00.0,3.85,0.0,3.85,0.0,0.7
2026-03-07T08:00:00.0,47.6839,0.2033,47.4806,0.7615,1.0
2026-03-07T09:00:00.0,130.4243,8.6093,121.815,28.8379,1.0
2026-03-07T10:00:00.0,177.9826,3.8738,174.1088,9.3083,1.0
2026-03-07T11:00:00.0,250.2249,22.0989,228.1259,42.949,1.0
2026-03-07T12:00:00.0,280.7545,22.7126,258.0419,41.8614,1.0
2026-03-07T13:00:00.0,264.2349,13.509,250.7259,25.4645,1.0
2026-03-07T14:00:00.0,202.6763,4.6535,198.0228,9.9467,1.0
2026-03-07T15:00:00.0,281.8651,116.5794,165.2857,310.7103,1.0
2026-03-07T16:00:00.0,227.4317,145.647,81.7847,508.9466,1.0
2026-03-07T17:00:00.0,69.8376,16.4978,53.3398,149.6611,0.9083
2026-03-07T18:00:00.0,3.4893,0.6607,2.8286,16.4358,0.8333
2026-03-07T19:00:00.0,0.0,0.0,0.0,0.0,1.0
2026-03-07T20:00:00.0,0.0,0.0,0.0,0.0,1.0
2026-03-07T21:00:00.0,0.0,0.0,0.0,0.0,1.0
2026-03-07T22:00:00.0,0.0,0.0,0.0,0.0,1.0
2026-03-07T23:00:00.0,0.0,0.0,0.0,0.0,1.0
2026-03-08T00:00:00.0,0.0,0.0,0.0,0.0,1.0
2026-03-08T01:00:00.0,0.0,0.0,0.0,0.0,1.0
2026-03-08T02:00:00.0,0.0,0.0,0.0,0.0,1.0
2026-03-08T03:00:00.0,0.0,0.0,0.0,0.0,1.0
2026-03-08T04:00:00.0,0.0,0.0,0.0,0.0,1.0
2026-03-08T05:00:00.0,0.0,0.0,0.0,0.0,1.0
2026-03-08T06:00:00.0,0.0,0.0,0.0,0.0,1.0
2026-03-08T07:00:00.0,31.8185,11.4483,20.3703,123.0373,0.675
2026-03-08T08:00:00.0,61.5314,18.7346,42.7969,118.629,1.0
2026-03-08T09:00:00.0,98.5467,0.0601,98.4866,0.1649,1.0
2026-03-08T10:00:00.0,204.0739,10.7447,193.3292,23.6807,1.0
2026-03-08T11:00:00.0,262.0963,17.0061,245.0902,32.8855,1.0
2026-03-08T12:00:00.0,362.4224,59.7124,302.71,109.1493,1.0
2026-03-08T13:00:00.0,387.2935,82.5394,304.7542,153.5542,1.0
2026-03-08T14:00:00.0,329.3232,107.836,221.4872,215.7305,1.0
2026-03-08T15:00:00.0,325.1878,161.1275,164.0602,408.1483,1.0
2026-03-08T16:00:00.0,200.0443,72.9359,127.1084,262.1169,1.0
2026-03-08T17:00:00.0,50.8452,2.6753,48.1698,14.1222,0.9083
2026-03-08T18:00:00.0,0.5443,0.0,0.5443,0.0,0.825
2026-03-08T19:00:00.0,0.0,0.0,0.0,0.0,1.0
2026-03-08T20:00:00.0,0.0,0.0,0.0,0.0,1.0
2026-03-08T21:00:00.0,0.0,0.0,0.0,0.0,1.0
2026-03-08T22:00:00.0,0.0,0.0,0.0,0.0,1.0
2026-03-08T23:00:00.0,0.0,0.0,0.0,0.0,1.0
2026-03-09T00:00:00.0,0.0,0.0,0.0,0.0,1.0
2026-03-09T01:00:00.0,0.0,0.0,0.0,0.0,1.0
2026-03-09T02:00:00.0,0.0,0.0,0.0,0.0,1.0
2026-03-09T03:00:00.0,0.0,0.0,0.0,0.0,1.0
2026-03-09T04:00:00.0,0.0,0.0,0.0,0.0,1.0
2026-03-09T05:00:00.0,0.0,0.0,0.0,0.0,1.0
2026-03-09T06:00:00.0,0.0,0.0,0.0,0.0,1.0
2026-03-09T07:00:00.0,14.922,0.0,14.922,0.0,0.6583
2026-03-09T08:00:00.0,53.9116,0.5006,53.411,1.7987,1.0
2026-03-09T09:00:00.0,147.3693,19.3967,127.9725,62.7943,1.0
2026-03-09T10:00:00.0,211.1909,9.6692,201.5216,20.9299,1.0
2026-03-09T11:00:00.0,427.2191,252.1589,175.0602,474.5172,1.0
2026-03-09T12:00:00.0,546.5447,430.3366,116.208,778.2242,1.0
2026-03-09T13:00:00.0,570.2527,487.9529,82.2998,900.3995,1.0
2026-03-09T14:00:00.0,474.8273,359.2728,115.5546,735.6032,1.0
2026-03-09T15:00:00.0,366.5608,241.9382,124.6226,584.3806,1.0
2026-03-09T16:00:00.0,228.345,128.696,99.649,459.5942,1.0
2026-03-09T17:00:00.0,96.8752,48.6441,48.231,334.7522,0.9083
2026-03-09T18:00:00.0,5.1256,1.3337,3.7919,29.1478,0.8083
2026-03-09T19:00:00.0,0.0,0.0,0.0,0.0,1.0
2026-03-09T20:00:00.0,0.0,0.0,0.0,0.0,1.0
2026-03-09T21:00:00.0,0.0,0.0,0.0,0.0,1.0
2026-03-09T22:00:00.0,0.0,0.0,0.0,0.0,1.0
2026-03-09T23:00:00.0,0.0,0.0,0.0,0.0,1.0
2026-03-10T00:00:00.0,0.0,0.0,0.0,0.0,1.0
2026-03-10T01:00:00.0,0.0,0.0,0.0,0.0,1.0
2026-03-10T02:00:00.0,0.0,0.0,0.0,0.0,1.0
2026-03-10T03:00:00.0,0.0,0.0,0.0,0.0,1.0
2026-03-10T04:00:00.0,0.0,0.0,0.0,0.0,1.0
2026-03-10T05:00:00.0,0.0,0.0,0.0,0.0,1.0
2026-03-10T06:00:00.0,0.0,0.0,0.0,0.0,1.0
2026-03-10T07:00:00.0,13.609,0.0328,13.5763,0.2332,0.7667
2026-03-10T08:00:00.0,68.705,1.6548,67.0502,9.4925,1.0
2026-03-10T09:00:00.0,145.0614,5.666,139.3955,15.0186,1.0
2026-03-10T10:00:00.0,213.8903,8.6435,205.2467,19.0378,1.0
2026-03-10T11:00:00.0,276.0522,23.7994,252.2528,45.1647,1.0
2026-03-10T12:00:00.0,264.4771,17.1233,247.3538,30.8093,1.0
2026-03-10T13:00:00.0,166.3552,2.6573,163.6978,4.7728,1.0
2026-03-10T14:00:00.0,106.3204,0.0036,106.3168,0.0073,1.0
2026-03-10T15:00:00.0,63.4277,0.0541,63.3736,0.1397,1.0
2026-03-10T16:00:00.0,55.5064,1.2594,54.247,4.2689,1.0
2026-03-10T17:00:00.0,31.6285,0.0002,31.6283,0.0012,0.9083
2026-03-10T18:00:00.0,2.7749,0.0,2.7749,0.0,0.7917
2026-03-10T19:00:00.0,0.0,0.0,0.0,0.0,1.0
2026-03-10T20:00:00.0,0.0,0.0,0.0,0.0,1.0
2026-03-10T21:00:00.0,0.0,0.0,0.0,0.0,1.0
2026-03-10T22:00:00.0,0.0,0.0,0.0,0.0,1.0
2026-03-10T23:00:00.0,0.0,0.0,0.0,0.0,1.0
2026-03-11T00:00:00.0,0.0,0.0,0.0,0.0,1.0
2026-03-11T01:00:00.0,0.0,0.0,0.0,0.0,1.0
2026-03-11T02:00:00.0,0.0,0.0,0.0,0.0,1.0
2026-03-11T03:00:00.0,0.0,0.0,0.0,0.0,1.0
2026-03-11T04:00:00.0,0.0,0.0,0.0,0.0,1.0
2026-03-11T05:00:00.0,0.0,0.0,0.0,0.0,1.0
2026-03-11T06:00:00.0,0.0,0.0,0.0,0.0,1.0
2026-03-11T07:00:00.0,43.0358,15.9685,27.0673,163.8957,0.7417
2026-03-11T08:00:00.0,194.125,129.524,64.6011,560.9272,1.0
2026-03-11T09:00:00.0,267.2346,124.3817,142.853,362.577,1.0
2026-03-11T10:00:00.0,468.1682,361.5768,106.5913,779.3682,1.0
2026-03-11T11:00:00.0,479.2028,300.601,178.6018,570.9546,1.0
2026-03-11T12:00:00.0,352.084,66.3322,285.7518,117.7901,1.0
2026-03-11T13:00:00.0,437.3894,185.4977,251.8917,335.3268,1.0
2026-03-11T14:00:00.0,421.4798,235.1598,186.3201,473.7446,1.0
2026-03-11T15:00:00.0,240.3608,62.4593,177.9015,145.4908,1.0
2026-03-11T16:00:00.0,91.5377,0.3532,91.1845,1.4304,1.0
2026-03-11T17:00:00.0,48.8614,2.1786,46.6828,11.2021,0.9083
2026-03-11T18:00:00.0,0.8449,0.0,0.8449,0.0,0.775
2026-03-11T19:00:00.0,0.0,0.0,0.0,0.0,1.0
2026-03-11T20:00:00.0,0.0,0.0,0.0,0.0,1.0
2026-03-11T21:00:00.0,0.0,0.0,0.0,0.0,1.0
2026-03-11T22:00:00.0,0.0,0.0,0.0,0.0,1.0
2026-03-11T23:00:00.0,0.0,0.0,0.0,0.0,1.0
2026-03-12T00:00:00.0,0.0,0.0,0.0,0.0,1.0
2026-03-12T01:00:00.0,0.0,0.0,0.0,0.0,1.0
2026-03-12T02:00:00.0,0.0,0.0,0.0,0.0,1.0
2026-03-12T03:00:00.0,0.0,0.0,0.0,0.0,1.0
2026-03-12T04:00:00.0,0.0,0.0,0.0,0.0,1.0
2026-03-12T05:00:00.0,0.0,0.0,0.0,0.0,1.0
2026-03-12T06:00:00.0,0.0,0.0,0.0,0.0,1.0
2026-03-12T07:00:00.0,5.9476,0.0,5.9476,0.0,0.725
2026-03-12T08:00:00.0,25.1227,0.0248,25.0979,0.0833,1.0
2026-03-12T09:00:00.0,80.9878,0.9788,80.009,3.0013,1.0
2026-03-12T10:00:00.0,108.0284,0.0393,107.9891,0.0841,1.0
2026-03-12T11:00:00.0,100.3532,0.0004,100.3528,0.0007,1.0
2026-03-12T12:00:00.0,126.0201,0.1159,125.9041,0.2032,1.0
2026-03-12T13:00:00.0,188.3613,2.569,185.7923,4.5634,1.0
2026-03-12T14:00:00.0,97.3143,0.0341,97.2803,0.0714,1.0
2026-03-12T15:00:00.0,136.5844,0.5695,136.0149,1.4047,1.0
2026-03-12T16:00:00.0,39.9397,0.0,39.9397,0.0,1.0
2026-03-12T17:00:00.0,47.9632,1.2181,46.7451,7.5514,0.9083
2026-03-12T18:00:00.0,5.3455,0.0026,5.3428,0.0476,0.7667
2026-03-12T19:00:00.0,0.0,0.0,0.0,0.0,1.0
2026-03-12T20:00:00.0,0.0,0.0,0.0,0.0,1.0
2026-03-12T21:00:00.0,0.0,0.0,0.0,0.0,1.0
2026-03-12T22:00:00.0,0.0,0.0,0.0,0.0,1.0
2026-03-12T23:00:00.0,0.0,0.0,0.0,0.0,1.0
2026-03-13T00:00:00.0,0.0,0.0,0.0,0.0,1.0
2026-03-13T01:00:00.0,0.0,0.0,0.0,0.0,1.0
2026-03-13T02:00:00.0,0.0,0.0,0.0,0.0,1.0
2026-03-13T03:00:00.0,0.0,0.0,0.0,0.0,1.0
2026-03-13T04:00:00.0,0.0,0.0,0.0,0.0,1.0
2026-03-13T05:00:00.0,0.0,0.0,0.0,0.0,1.0
2026-03-13T06:00:00.0,0.0073,0.0,0.0073,0.0,0.9917
2026-03-13T07:00:00.0,34.7,8.653,26.0471,58.9938,0.7167
2026-03-13T08:00:00.0,192.1628,103.613,88.5498,425.7732,1.0
2026-03-13T09:00:00.0,357.693,243.2145,114.4785,655.9489,1.0
2026-03-13T10:00:00.0,484.969,353.9298,131.0392,745.304,1.0
2026-03-13T11:00:00.0,544.3411,372.1275,172.2136,686.6539,1.0
2026-03-13T12:00:00.0,362.9353,59.914,303.0212,104.2323,1.0
2026-03-13T13:00:00.0,444.3211,219.6654,224.6557,389.628,1.0
2026-03-13T14:00:00.0,376.0142,122.0726,253.9416,239.0849,1.0
2026-03-13T15:00:00.0,341.9533,144.7306,197.2227,351.2858,1.0
2026-03-13T16:00:00.0,159.5964,80.1221,79.4743,240.3338,1.0
2026-03-13T17:00:00.0,25.5991,2.4691,23.1301,11.1006,1.0
2026-03-13T18:00:00.0,1.3474,0.0,1.3474,0.0,0.7917
2026-03-13T19:00:00.0,0.0,0.0,0.0,0.0,1.0
2026-03-13T20:00:00.0,0.0,0.0,0.0,0.0,1.0
2026-03-13T21:00:00.0,0.0,0.0,0.0,0.0,1.0
2026-03-13T22:00:00.0,0.0,0.0,0.0,0.0,1.0
2026-03-13T23:00:00.0,0.0,0.0,0.0,0.0,1.0
2026-03-14T00:00:00.0,0.0,0.0,0.0,0.0,1.0
2026-03-14T01:00:00.0,0.0,0.0,0.0,0.0,1.0
2026-03-14T02:00:00.0,0.0,0.0,0.0,0.0,1.0
2026-03-14T03:00:00.0,0.0,0.0,0.0,0.0,1.0
2026-03-14T04:00:00.0,0.0,0.0,0.0,0.0,1.0
2026-03-14T05:00:00.0,0.0,0.0,0.0,0.0,1.0
2026-03-14T06:00:00.0,0.1008,0.003,0.0978,0.0,0.975
2026-03-14T07:00:00.0,58.7593,26.4569,32.3024,224.7531,0.7167
2026-03-14T08:00:00.0,211.4957,139.9419,71.5538,567.1044,1.0
2026-03-14T09:00:00.0,360.2352,266.1223,94.113,706.1465,1.0
2026-03-14T10:00:00.0,492.5913,392.5701,100.0212,816.5137,1.0
2026-03-14T11:00:00.0,552.2255,423.6145,128.6111,772.4143,1.0
2026-03-14T12:00:00.0,514.7478,310.5628,204.185,534.4109,1.0
2026-03-14T13:00:00.0,379.4433,112.4816,266.9617,198.3269,1.0
2026-03-14T14:00:00.0,408.2428,245.0672,163.1756,461.6416,1.0
2026-03-14T15:00:00.0,290.2278,84.4093,205.8184,205.095,1.0
2026-03-14T16:00:00.0,259.5029,157.9078,101.5951,528.8531,1.0
2026-03-14T17:00:00.0,110.5782,43.75,66.8282,279.1422,1.0
2026-03-14T18:00:00.0,11.155,3.6942,7.4608,60.9766,0.7667
2026-03-14T19:00:00.0,0.0,0.0,0.0,0.0,1.0
2026-03-14T20:00:00.0,0.0,0.0,0.0,0.0,1.0
2026-03-14T21:00:00.0,0.0,0.0,0.0,0.0,1.0
2026-03-14T22:00:00.0,0.0,0.0,0.0,0.0,1.0
2026-03-14T23:00:00.0,0.0,0.0,0.0,0.0,1.0
2026-03-15T00:00:00.0,0.0,0.0,0.0,0.0,1.0
2026-03-15T01:00:00.0,0.0,0.0,0.0,0.0,1.0
2026-03-15T02:00:00.0,0.0,0.0,0.0,0.0,1.0
2026-03-15T03:00:00.0,0.0,0.0,0.0,0.0,1.0
2026-03-15T04:00:00.0,0.0,0.0,0.0,0.0,1.0
2026-03-15T05:00:00.0,0.0,0.0,0.0,0.0,1.0
2026-03-15T06:00:00.0,0.034,0.0,0.034,0.0,0.95
2026-03-15T07:00:00.0,7.0681,0.0,7.0681,0.0,0.7167
2026-03-15T08:00:00.0,30.8645,0.0,30.8645,0.0001,1.0
2026-03-15T09:00:00.0,157.9855,30.1536,127.8318,70.8341,1.0
2026-03-15T10:00:00.0,318.9917,119.2854,199.7063,253.9567,1.0
2026-03-15T11:00:00.0,339.9255,60.0943,279.8313,108.7697,1.0
2026-03-15T12:00:00.0,449.4724,240.8289,208.6435,411.1072,1.0
2026-03-15T13:00:00.0,486.0693,329.5624,156.5069,575.6201,1.0
2026-03-15T14:00:00.0,476.311,309.8454,166.4656,592.0982,1.0
2026-03-15T15:00:00.0,377.0115,235.2176,141.7939,550.516,1.0
2026-03-15T16:00:00.0,234.1324,112.8396,121.2928,366.6019,1.0
2026-03-15T17:00:00.0,104.2186,43.1027,61.116,277.4097,1.0
2026-03-15T18:00:00.0,12.4139,3.0776,9.3363,46.2346,0.75
2026-03-15T19:00:00.0,0.0,0.0,0.0,0.0,1.0
2026-03-15T20:00:00.0,0.0,0.0,0.0,0.0,1.0
2026-03-15T21:00:00.0,0.0,0.0,0.0,0.0,1.0
2026-03-15T22:00:00.0,0.0,0.0,0.0,0.0,1.0
2026-03-15T23:00:00.0,0.0,0.0,0.0,0.0,1.0
2026-03-16T00:00:00.0,0.0,0.0,0.0,0.0,1.0
2026-03-16T01:00:00.0,0.0,0.0,0.0,0.0,1.0
2026-03-16T02:00:00.0,0.0,0.0,0.0,0.0,1.0
2026-03-16T03:00:00.0,0.0,0.0,0.0,0.0,1.0
2026-03-16T04:00:00.0,0.0,0.0,0.0,0.0,1.0
2026-03-16T05:00:00.0,0.0,0.0,0.0,0.0,1.0
2026-03-16T06:00:00.0,0.2172,0.0,0.2172,0.0,0.9333
2026-03-16T07:00:00.0,27.3256,0.0183,27.3073,0.1038,0.7167
2026-03-16T08:00:00.0,86.2028,0.8795,85.3233,4.0659,1.0
2026-03-16T09:00:00.0,125.605,2.1225,123.4826,5.5604,0.9083
2026-03-16T10:00:00.0,120.0681,1.1759,118.8922,2.3105,0.8417
2026-03-16T11:00:00.0,122.6946,0.0466,122.648,0.0844,1.0
2026-03-16T12:00:00.0,119.2822,0.0737,119.2084,0.1241,1.0
2026-03-16T13:00:00.0,197.6258,0.8844,196.7414,1.5263,1.0
2026-03-16T14:00:00.0,168.0578,1.299,166.7588,2.5955,1.0
2026-03-16T15:00:00.0,145.8432,2.334,143.5092,5.05,1.0
2026-03-16T16:00:00.0,70.1892,0.002,70.1872,0.0076,1.0
2026-03-16T17:00:00.0,40.5324,0.0365,40.4959,0.3249,1.0
2026-03-16T18:00:00.0,8.9787,0.0234,8.9553,0.3417,0.7417
2026-03-16T19:00:00.0,0.0,0.0,0.0,0.0,1.0
2026-03-16T20:00:00.0,0.0,0.0,0.0,0.0,1.0
2026-03-16T21:00:00.0,0.0,0.0,0.0,0.0,1.0
2026-03-16T22:00:00.0,0.0,0.0,0.0,0.0,1.0
2026-03-16T23:00:00.0,0.0,0.0,0.0,0.0,1.0
2026-03-17T00:00:00.0,0.0,0.0,0.0,0.0,1.0
2026-03-17T01:00:00.0,0.0,0.0,0.0,0.0,1.0
2026-03-17T02:00:00.0,0.0,0.0,0.0,0.0,1.0
2026-03-17T03:00:00.0,0.0,0.0,0.0,0.0,1.0
2026-03-17T04:00:00.0,0.0,0.0,0.0,0.0,1.0
2026-03-17T05:00:00.0,0.0,0.0,0.0,0.0,1.0
2026-03-17T06:00:00.0,0.1251,0.0,0.1251,0.0,0.9167
2026-03-17T07:00:00.0,8.328,0.0,8.328,0.0,0.8417
2026-03-17T08:00:00.0,32.6662,0.0011,32.6652,0.0033,1.0
2026-03-17T09:00:00.0,96.5717,0.0205,96.5511,0.05,1.0
2026-03-17T10:00:00.0,176.1402,2.1988,173.9414,4.2058,1.0
2026-03-17T11:00:00.0,234.515,5.299,229.216,9.4596,1.0
2026-03-17T12:00:00.0,231.855,2.7047,229.1503,4.5236,1.0
2026-03-17T13:00:00.0,231.658,3.6359,228.0221,6.1712,1.0
2026-03-17T14:00:00.0,165.9283,0.4257,165.5025,0.8067,1.0
2026-03-17T15:00:00.0,127.3304,0.3708,126.9596,0.7993,1.0
2026-03-17T16:00:00.0,95.5497,0.1979,95.3518,0.7458,1.0
2026-03-17T17:00:00.0,92.2815,16.7624,75.5192,98.2292,1.0
2026-03-17T18:00:00.0,9.6784,0.0108,9.6675,0.1515,0.725
2026-03-17T19:00:00.0,0.0,0.0,0.0,0.0,1.0
2026-03-17T20:00:00.0,0.0,0.0,0.0,0.0,1.0
2026-03-17T21:00:00.0,0.0,0.0,0.0,0.0,1.0
2026-03-17T22:00:00.0,0.0,0.0,0.0,0.0,1.0
2026-03-17T23:00:00.0,0.0,0.0,0.0,0.0,1.0
2026-03-18T00:00:00.0,0.0,0.0,0.0,0.0,1.0
2026-03-18T01:00:00.0,0.0,0.0,0.0,0.0,1.0
2026-03-18T02:00:00.0,0.0,0.0,0.0,0.0,1.0
2026-03-18T03:00:00.0,0.0,0.0,0.0,0.0,1.0
2026-03-18T04:00:00.0,0.0,0.0,0.0,0.0,1.0
2026-03-18T05:00:00.0,0.0,0.0,0.0,0.0,1.0
2026-03-18T06:00:00.0,0.9951,0.0016,0.9935,0.048,0.8917
2026-03-18T07:00:00.0,41.2664,7.6222,33.6442,43.722,0.8417
2026-03-18T08:00:00.0,63.4569,4.1701,59.2868,20.5061,1.0
2026-03-18T09:00:00.0,101.1911,0.0348,101.1562,0.0795,1.0
2026-03-18T10:00:00.0,178.1071,2.0702,176.0369,3.9785,1.0
2026-03-18T11:00:00.0,261.8501,11.423,250.427,19.9639,1.0
2026-03-18T12:00:00.0,332.902,29.7479,303.1541,49.2332,1.0
2026-03-18T13:00:00.0,367.0136,53.8464,313.1672,91.2791,1.0
2026-03-18T14:00:00.0,364.099,63.6318,300.4672,118.035,1.0
2026-03-18T15:00:00.0,318.214,84.8909,233.3231,191.0363,1.0
2026-03-18T16:00:00.0,232.7688,84.4398,148.329,254.1292,1.0
2026-03-18T17:00:00.0,120.6984,49.0587,71.6397,263.9671,1.0
2026-03-18T18:00:00.0,15.5435,3.7165,11.827,50.5195,0.7083
2026-03-18T19:00:00.0,0.0,0.0,0.0,0.0,1.0
2026-03-18T20:00:00.0,0.0,0.0,0.0,0.0,1.0
2026-03-18T21:00:00.0,0.0,0.0,0.0,0.0,1.0
2026-03-18T22:00:00.0,0.0,0.0,0.0,0.0,1.0
2026-03-18T23:00:00.0,0.0,0.0,0.0,0.0,1.0
2026-03-19T00:00:00.0,0.0,0.0,0.0,0.0,1.0
2026-03-19T01:00:00.0,0.0,0.0,0.0,0.0,1.0
2026-03-19T02:00:00.0,0.0,0.0,0.0,0.0,1.0
2026-03-19T03:00:00.0,0.0,0.0,0.0,0.0,1.0
2026-03-19T04:00:00.0,0.0,0.0,0.0,0.0,1.0
2026-03-19T05:00:00.0,0.0,0.0,0.0,0.0,1.0
2026-03-19T06:00:00.0,2.1097,0.3681,1.7417,10.3989,0.875
2026-03-19T07:00:00.0,85.7522,48.7616,36.9906,357.0959,0.8417
2026-03-19T08:00:00.0,246.0801,179.0947,66.9854,648.2544,1.0
2026-03-19T09:00:00.0,402.4436,318.5726,83.871,783.6365,1.0
2026-03-19T10:00:00.0,529.3497,434.5928,94.7569,851.5998,1.0
2026-03-19T11:00:00.0,614.8221,513.6131,101.2091,886.5364,1.0
2026-03-19T12:00:00.0,651.1362,546.531,104.6052,897.9216,1.0
2026-03-19T13:00:00.0,635.2426,530.2163,105.0263,889.2744,1.0
2026-03-19T14:00:00.0,568.6693,466.8614,101.8078,859.8619,1.0
2026-03-19T15:00:00.0,456.9084,362.8904,94.018,801.7495,1.0
2026-03-19T16:00:00.0,310.4231,230.8699,79.5532,695.3885,1.0
2026-03-19T17:00:00.0,147.9255,93.9406,53.985,488.2367,1.0
2026-03-19T18:00:00.0,19.7124,7.7737,11.9387,104.3821,0.7
2026-03-19T19:00:00.0,0.0,0.0,0.0,0.0,1.0
2026-03-19T20:00:00.0,0.0,0.0,0.0,0.0,1.0
2026-03-19T21:00:00.0,0.0,0.0,0.0,0.0,1.0
2026-03-19T22:00:00.0,0.0,0.0,0.0,0.0,1.0
2026-03-19T23:00:00.0,0.0,0.0,0.0,0.0,1.0
2026-03-20T00:00:00.0,0.0,0.0,0.0,0.0,1.0
2026-03-20T01:00:00.0,0.0,0.0,0.0,0.0,1.0
2026-03-20T02:00:00.0,0.0,0.0,0.0,0.0,1.0
2026-03-20T03:00:00.0,0.0,0.0,0.0,0.0,1.0
2026-03-20T04:00:00.0,0.0,0.0,0.0,0.0,1.0
2026-03-20T05:00:00.0,0.0,0.0,0.0,0.0,1.0
2026-03-20T06:00:00.0,2.3576,0.0503,2.3073,1.2976,0.8583
2026-03-20T07:00:00.0,74.8942,13.9072,60.987,82.5136,0.8417
2026-03-20T08:00:00.0,220.6161,128.3332,92.2828,463.4521,1.0
2026-03-20T09:00:00.0,340.0344,187.7232,152.3112,447.4584,1.0
2026-03-20T10:00:00.0,514.7702,390.5796,124.1907,753.6481,1.0
2026-03-20T11:00:00.0,611.9199,486.3953,125.5247,831.4483,1.0
2026-03-20T12:00:00.0,646.681,515.0195,131.6615,838.5863,1.0
2026-03-20T13:00:00.0,630.2219,499.1092,131.1127,829.739,1.0
2026-03-20T14:00:00.0,563.0278,437.4531,125.5748,798.1517,1.0
2026-03-20T15:00:00.0,451.3763,337.848,113.5283,738.282,1.0
2026-03-20T16:00:00.0,306.0994,213.0129,93.0865,632.1083,1.0
2026-03-20T17:00:00.0,146.1916,85.412,60.7796,432.3851,1.0
2026-03-20T18:00:00.0,20.6617,7.2347,13.4271,92.509,0.8083
2026-03-20T19:00:00.0,0.0,0.0,0.0,0.0,1.0
2026-03-20T20:00:00.0,0.0,0.0,0.0,0.0,1.0
2026-03-20T21:00:00.0,0.0,0.0,0.0,0.0,1.0
2026-03-20T22:00:00.0,0.0,0.0,0.0,0.0,1.0
2026-03-20T23:00:00.0,0.0,0.0,0.0,0.0,1.0
2026-03-21T00:00:00.0,0.0,0.0,0.0,0.0,1.0
2026-03-21T01:00:00.0,0.0,0.0,0.0,0.0,1.0
2026-03-21T02:00:00.0,0.0,0.0,0.0,0.0,1.0
2026-03-21T03:00:00.0,0.0,0.0,0.0,0.0,1.0
2026-03-21T04:00:00.0,0.0,0.0,0.0,0.0,1.0
2026-03-21T05:00:00.0,0.0,0.0,0.0,0.0,1.0
2026-03-21T06:00:00.0,3.7685,0.9402,2.8283,22.9954,0.8417
2026-03-21T07:00:00.0,86.6091,40.8116,45.7975,294.293,0.8417
2026-03-21T08:00:00.0,258.3606,182.6502,75.7104,630.5328,1.0
2026-03-21T09:00:00.0,417.1978,322.757,94.4408,771.0738,1.0
2026-03-21T10:00:00.0,544.4168,438.1193,106.2975,839.2109,1.0
2026-03-21T11:00:00.0,629.4191,516.6956,112.7235,874.7121,1.0
2026-03-21T12:00:00.0,663.9515,546.7603,117.1911,882.4399,1.0
2026-03-21T13:00:00.0,645.1953,525.1876,120.0077,865.5104,1.0
2026-03-21T14:00:00.0,575.6186,457.441,118.1776,826.9399,1.0
2026-03-21T15:00:00.0,462.4903,353.8386,108.6517,765.1743,1.0
2026-03-21T16:00:00.0,316.3476,226.4296,89.918,662.9681,1.0
2026-03-21T17:00:00.0,154.4406,94.369,60.0716,468.3802,1.0
2026-03-21T18:00:00.0,23.4912,9.0156,14.4756,111.6675,0.7917
2026-03-21T19:00:00.0,0.0,0.0,0.0,0.0,1.0
2026-03-21T20:00:00.0,0.0,0.0,0.0,0.0,1.0
2026-03-21T21:00:00.0,0.0,0.0,0.0,0.0,1.0
2026-03-21T22:00:00.0,0.0,0.0,0.0,0.0,1.0
2026-03-21T23:00:00.0,0.0,0.0,0.0,0.0,1.0
2026-03-22T00:00:00.0,0.0,0.0,0.0,0.0,1.0
2026-03-22T01:00:00.0,0.0,0.0,0.0,0.0,1.0
2026-03-22T02:00:00.0,0.0,0.0,0.0,0.0,1.0
2026-03-22T03:00:00.0,0.0,0.0,0.0,0.0,1.0
2026-03-22T04:00:00.0,0.0,0.0,0.0,0.0,1.0
2026-03-22T05:00:00.0,0.0,0.0,0.0,0.0,1.0
2026-03-22T06:00:00.0,0.495,0.0,0.495,0.0,0.8167
2026-03-22T07:00:00.0,30.2582,0.4202,29.8381,2.0781,0.8417
2026-03-22T08:00:00.0,128.0807,3.5431,124.5376,12.6451,1.0
2026-03-22T09:00:00.0,77.3023,0.0541,77.2482,0.1188,1.0
2026-03-22T10:00:00.0,245.7779,17.9487,227.8292,32.5378,1.0
2026-03-22T11:00:00.0,332.0784,43.4608,288.6176,73.8402,1.0
2026-03-22T12:00:00.0,206.0741,3.5176,202.5564,5.6686,1.0
2026-03-22T13:00:00.0,160.4388,0.1106,160.3282,0.1825,1.0
2026-03-22T14:00:00.0,222.3368,4.8472,217.4895,8.9047,1.0
2026-03-22T15:00:00.0,249.51,31.8597,217.6503,68.6518,1.0
2026-03-22T16:00:00.0,254.6313,123.4542,131.1771,372.9428,1.0
2026-03-22T17:00:00.0,153.2742,87.4321,65.8421,425.9253,1.0
2026-03-22T18:00:00.0,24.7888,8.4921,16.2967,99.5497,0.775
2026-03-22T19:00:00.0,0.0,0.0,0.0,0.0,1.0
2026-03-22T20:00:00.0,0.0,0.0,0.0,0.0,1.0
2026-03-22T21:00:00.0,0.0,0.0,0.0,0.0,1.0
2026-03-22T22:00:00.0,0.0,0.0,0.0,0.0,1.0
2026-03-22T23:00:00.0,0.0,0.0,0.0,0.0,1.0
2026-03-23T00:00:00.0,0.0,0.0,0.0,0.0,1.0
2026-03-23T01:00:00.0,0.0,0.0,0.0,0.0,1.0
2026-03-23T02:00:00.0,0.0,0.0,0.0,0.0,1.0
2026-03-23T03:00:00.0,0.0,0.0,0.0,0.0,1.0
2026-03-23T04:00:00.0,0.0,0.0,0.0,0.0,1.0
2026-03-23T05:00:00.0,0.0,0.0,0.0,0.0,1.0
2026-03-23T06:00:00.0,4.2557,0.042,4.2138,0.8357,0.8
2026-03-23T07:00:00.0,69.9985,2.2,67.7985,13.3506,0.8417
2026-03-23T08:00:00.0,95.0697,1.6081,93.4616,6.5538,1.0
2026-03-23T09:00:00.0,62.8719,0.0001,62.8719,0.0002,1.0
2026-03-23T10:00:00.0,192.1856,6.3505,185.835,11.4349,1.0
2026-03-23T11:00:00.0,396.0808,79.7877,316.2931,132.409,1.0
2026-03-23T12:00:00.0,465.9397,110.524,355.4157,175.1774,1.0
2026-03-23T13:00:00.0,396.9154,67.537,329.3784,109.2017,1.0
2026-03-23T14:00:00.0,305.8367,21.2614,284.5753,38.0776,1.0
2026-03-23T15:00:00.0,270.1253,28.7335,241.3918,61.1391,1.0
2026-03-23T16:00:00.0,132.378,3.8301,128.5479,10.7203,1.0
2026-03-23T17:00:00.0,85.8024,1.7228,84.0797,8.6285,1.0
2026-03-23T18:00:00.0,22.4041,5.8116,16.5925,69.9569,0.7667
2026-03-23T19:00:00.0,0.0,0.0,0.0,0.0,1.0
2026-03-23T20:00:00.0,0.0,0.0,0.0,0.0,1.0
2026-03-23T21:00:00.0,0.0,0.0,0.0,0.0,1.0
2026-03-23T22:00:00.0,0.0,0.0,0.0,0.0,1.0
2026-03-23T23:00:00.0,0.0,0.0,0.0,0.0,1.0
2026-03-24T00:00:00.0,0.0,0.0,0.0,0.0,1.0
2026-03-24T01:00:00.0,0.0,0.0,0.0,0.0,1.0
2026-03-24T02:00:00.0,0.0,0.0,0.0,0.0,1.0
2026-03-24T03:00:00.0,0.0,0.0,0.0,0.0,1.0
2026-03-24T04:00:00.0,0.0,0.0,0.0,0.0,1.0
2026-03-24T05:00:00.0,0.0,0.0,0.0,0.0,1.0
2026-03-24T06:00:00.0,2.6747,0.0,2.6747,0.0,0.7833
2026-03-24T07:00:00.0,27.5143,0.0184,27.4959,0.1271,0.9667
2026-03-24T08:00:00.0,91.6923,2.5794,89.1128,8.4149,1.0
2026-03-24T09:00:00.0,102.0412,0.5882,101.453,1.4356,1.0
2026-03-24T10:00:00.0,184.9858,2.5996,182.3862,4.6594,1.0
2026-03-24T11:00:00.0,160.8609,0.6864,160.1745,1.1628,1.0
2026-03-24T12:00:00.0,111.0023,0.0181,110.9842,0.0285,1.0
2026-03-24T13:00:00.0,226.9498,2.5514,224.3984,4.1413,1.0
2026-03-24T14:00:00.0,219.6931,34.9477,184.7454,64.9974,1.0
2026-03-24T15:00:00.0,345.5011,243.3703,102.1308,509.014,1.0
2026-03-24T16:00:00.0,300.3097,197.1491,103.1606,542.4879,1.0
2026-03-24T17:00:00.0,139.5185,74.8946,64.6239,332.6368,1.0
2026-03-24T18:00:00.0,31.1354,12.4303,18.7051,135.7158,0.75
2026-03-24T19:00:00.0,0.0,0.0,0.0,0.0,1.0
2026-03-24T20:00:00.0,0.0,0.0,0.0,0.0,1.0
2026-03-24T21:00:00.0,0.0,0.0,0.0,0.0,1.0
2026-03-24T22:00:00.0,0.0,0.0,0.0,0.0,1.0
2026-03-24T23:00:00.0,0.0,0.0,0.0,0.0,1.0
2026-03-25T00:00:00.0,0.0,0.0,0.0,0.0,1.0
2026-03-25T01:00:00.0,0.0,0.0,0.0,0.0,1.0
2026-03-25T02:00:00.0,0.0,0.0,0.0,0.0,1.0
2026-03-25T03:00:00.0,0.0,0.0,0.0,0.0,1.0
2026-03-25T04:00:00.0,0.0,0.0,0.0,0.0,1.0
2026-03-25T05:00:00.0,0.0,0.0,0.0,0.0,1.0
2026-03-25T06:00:00.0,1.342,0.0,1.342,0.0,0.7583
2026-03-25T07:00:00.0,78.4482,20.6551,57.793,121.0656,0.9667
2026-03-25T08:00:00.0,211.8136,87.4846,124.329,293.4621,1.0
2026-03-25T09:00:00.0,410.417,281.191,129.2259,624.1979,1.0
2026-03-25T10:00:00.0,440.0113,213.1874,226.8239,395.0005,1.0
2026-03-25T11:00:00.0,585.2532,393.9089,191.3443,637.3448,1.0
2026-03-25T12:00:00.0,615.3663,427.9884,187.3779,666.8768,1.0
2026-03-25T13:00:00.0,526.3136,286.8919,239.4217,458.2783,1.0
2026-03-25T14:00:00.0,474.5736,335.3499,139.2236,595.4415,1.0
2026-03-25T15:00:00.0,456.9064,319.2756,137.6308,671.1667,1.0
2026-03-25T16:00:00.0,314.0881,199.8209,114.2672,568.0903,1.0
2026-03-25T17:00:00.0,161.5095,84.564,76.9455,391.6449,1.0
2026-03-25T18:00:00.0,33.9002,12.708,21.1921,132.4553,0.7333
2026-03-25T19:00:00.0,0.0,0.0,0.0,0.0,1.0
2026-03-25T20:00:00.0,0.0,0.0,0.0,0.0,1.0
2026-03-25T21:00:00.0,0.0,0.0,0.0,0.0,1.0
2026-03-25T22:00:00.0,0.0,0.0,0.0,0.0,1.0
2026-03-25T23:00:00.0,0.0,0.0,0.0,0.0,1.0
2026-03-26T00:00:00.0,0.0,0.0,0.0,0.0,1.0
2026-03-26T01:00:00.0,0.0,0.0,0.0,0.0,1.0
2026-03-26T02:00:00.0,0.0,0.0,0.0,0.0,1.0
2026-03-26T03:00:00.0,0.0,0.0,0.0,0.0,1.0
2026-03-26T04:00:00.0,0.0,0.0,0.0,0.0,1.0
2026-03-26T05:00:00.0,0.0,0.0,0.0,0.0,1.0
2026-03-26T06:00:00.0,10.8558,2.859,7.9968,45.6863,0.7417
2026-03-26T07:00:00.0,89.5128,33.9671,55.5457,211.9887,0.9667
2026-03-26T08:00:00.0,184.6556,38.1806,146.4751,115.8907,1.0
2026-03-26T09:00:00.0,217.0348,16.0083,201.0265,37.9473,1.0
2026-03-26T10:00:00.0,157.9565,0.1818,157.7748,0.3412,1.0
2026-03-26T11:00:00.0,231.5592,4.0426,227.5166,6.4148,1.0
2026-03-26T12:00:00.0,232.3328,2.3096,230.0232,3.586,1.0
2026-03-26T13:00:00.0,201.0437,0.599,200.4447,0.9472,1.0
2026-03-26T14:00:00.0,196.6602,0.7759,195.8843,1.324,1.0
2026-03-26T15:00:00.0,122.1322,2.4604,119.6718,4.9851,1.0
2026-03-26T16:00:00.0,120.6249,5.3406,115.2843,17.3311,1.0
2026-03-26T17:00:00.0,140.0563,59.9872,80.0691,243.946,1.0
2026-03-26T18:00:00.0,30.8446,9.1129,21.7316,99.2014,0.7167
2026-03-26T19:00:00.0,0.0,0.0,0.0,0.0,1.0
2026-03-26T20:00:00.0,0.0,0.0,0.0,0.0,1.0
2026-03-26T21:00:00.0,0.0,0.0,0.0,0.0,1.0
2026-03-26T22:00:00.0,0.0,0.0,0.0,0.0,1.0
2026-03-26T23:00:00.0,0.0,0.0,0.0,0.0,1.0
2026-03-27T00:00:00.0,0.0,0.0,0.0,0.0,1.0
2026-03-27T01:00:00.0,0.0,0.0,0.0,0.0,1.0
2026-03-27T02:00:00.0,0.0,0.0,0.0,0.0,1.0
2026-03-27T03:00:00.0,0.0,0.0,0.0,0.0,1.0
2026-03-27T04:00:00.0,0.0,0.0,0.0,0.0,1.0
2026-03-27T05:00:00.0,0.0,0.0,0.0,0.0,1.0
2026-03-27T06:00:00.0,2.7645,0.0,2.7645,0.0,0.725
2026-03-27T07:00:00.0,40.2885,0.0728,40.2157,0.3139,0.9667
2026-03-27T08:00:00.0,98.1479,1.8907,96.2571,5.4158,1.0
2026-03-27T09:00:00.0,238.1105,30.8032,207.3074,68.0937,1.0
2026-03-27T10:00:00.0,247.4877,26.5235,220.9642,45.4461,1.0
2026-03-27T11:00:00.0,392.7957,75.2979,317.4978,120.2682,1.0
2026-03-27T12:00:00.0,617.8192,400.0968,217.7224,613.2016,1.0
2026-03-27T13:00:00.0,438.6188,122.757,315.8619,191.2477,1.0
2026-03-27T14:00:00.0,361.4391,89.1837,272.2554,156.3653,1.0
2026-03-27T15:00:00.0,298.7217,87.0021,211.7196,168.9522,1.0
2026-03-27T16:00:00.0,274.0871,130.2392,143.8479,369.5319,1.0
2026-03-27T17:00:00.0,147.6525,72.19,75.4625,278.6757,1.0
2026-03-27T18:00:00.0,37.8018,14.4782,23.3236,156.0019,0.7083
2026-03-27T19:00:00.0,0.0,0.0,0.0,0.0,1.0
2026-03-27T20:00:00.0,0.0,0.0,0.0,0.0,1.0
2026-03-27T21:00:00.0,0.0,0.0,0.0,0.0,1.0
2026-03-27T22:00:00.0,0.0,0.0,0.0,0.0,1.0
2026-03-27T23:00:00.0,0.0,0.0,0.0,0.0,1.0
2026-03-28T00:00:00.0,0.0,0.0,0.0,0.0,1.0
2026-03-28T01:00:00.0,0.0,0.0,0.0,0.0,1.0
2026-03-28T02:00:00.0,0.0,0.0,0.0,0.0,1.0
2026-03-28T03:00:00.0,0.0,0.0,0.0,0.0,1.0
2026-03-28T04:00:00.0,0.0,0.0,0.0,0.0,1.0
2026-03-28T05:00:00.0,0.0,0.0,0.0,0.0,1.0
2026-03-28T06:00:00.0,15.9814,5.9122,10.0692,85.5897,0.7
2026-03-28T07:00:00.0,144.0462,92.5812,51.4649,500.2482,0.9667
2026-03-28T08:00:00.0,314.6342,239.2507,75.3835,725.3008,1.0
2026-03-28T09:00:00.0,414.3138,281.2094,133.1044,628.4874,1.0
2026-03-28T10:00:00.0,436.1064,264.854,171.2525,456.76,1.0
2026-03-28T11:00:00.0,619.9612,423.3021,196.6591,669.5362,1.0
2026-03-28T12:00:00.0,661.2239,497.153,164.0709,757.1981,1.0
2026-03-28T13:00:00.0,418.0283,148.0996,269.9287,232.5921,1.0
2026-03-28T14:00:00.0,424.3612,187.4821,236.8792,314.1579,1.0
2026-03-28T15:00:00.0,398.5229,188.8158,209.707,380.8161,1.0
2026-03-28T16:00:00.0,220.3378,65.1475,155.1903,189.7947,1.0
2026-03-28T17:00:00.0,180.1986,106.1622,74.0364,460.584,1.0
2026-03-28T18:00:00.0,40.3947,15.6672,24.7275,151.8958,0.8167
2026-03-28T19:00:00.0,0.0,0.0,0.0,0.0,1.0
2026-03-28T20:00:00.0,0.0,0.0,0.0,0.0,1.0
2026-03-28T21:00:00.0,0.0,0.0,0.0,0.0,1.0
2026-03-28T22:00:00.0,0.0,0.0,0.0,0.0,1.0
2026-03-28T23:00:00.0,0.0,0.0,0.0,0.0,1.0
2026-03-29T00:00:00.0,0.0,0.0,0.0,0.0,1.0
2026-03-29T01:00:00.0,0.0,0.0,0.0,0.0,1.0
2026-03-29T02:00:00.0,0.0,0.0,0.0,0.0,1.0
2026-03-29T03:00:00.0,0.0,0.0,0.0,0.0,1.0
2026-03-29T04:00:00.0,0.0,0.0,0.0,0.0,1.0
2026-03-29T05:00:00.0,0.0,0.0,0.0,0.0,1.0
2026-03-29T06:00:00.0,4.1023,0.0,4.1023,0.0,0.6833
2026-03-29T07:00:00.0,46.6942,0.0525,46.6417,0.2152,0.9667
2026-03-29T08:00:00.0,48.2375,0.0258,48.2118,0.0953,1.0
2026-03-29T09:00:00.0,71.849,0.0,71.849,0.0,1.0
2026-03-29T10:00:00.0,127.3044,0.0352,127.2692,0.062,1.0
2026-03-29T11:00:00.0,167.0175,0.1519,166.8656,0.2412,1.0
2026-03-29T12:00:00.0,189.8419,0.4696,189.3723,0.7087,1.0
2026-03-29T13:00:00.0,212.0333,1.7137,210.3196,2.6133,1.0
2026-03-29T14:00:00.0,230.4297,6.5594,223.8703,11.5786,1.0
2026-03-29T15:00:00.0,284.3429,45.4604,238.8825,94.464,1.0
2026-03-29T16:00:00.0,256.9589,81.7271,175.2318,209.6064,1.0
2026-03-29T17:00:00.0,152.8618,42.311,110.5507,180.5924,1.0
2026-03-29T18:00:00.0,31.6961,3.1814,28.5147,24.1744,0.8
2026-03-29T19:00:00.0,0.0,0.0,0.0,0.0,1.0
2026-03-29T20:00:00.0,0.0,0.0,0.0,0.0,1.0
2026-03-29T21:00:00.0,0.0,0.0,0.0,0.0,1.0
2026-03-29T22:00:00.0,0.0,0.0,0.0,0.0,1.0
2026-03-29T23:00:00.0,0.0,0.0,0.0,0.0,1.0
2026-03-30T00:00:00.0,0.0,0.0,0.0,0.0,1.0
2026-03-30T01:00:00.0,0.0,0.0,0.0,0.0,1.0
2026-03-30T02:00:00.0,0.0,0.0,0.0,0.0,1.0
2026-03-30T03:00:00.0,0.0,0.0,0.0,0.0,1.0
2026-03-30T04:00:00.0,0.0,0.0,0.0,0.0,1.0
2026-03-30T05:00:00.0,0.0,0.0,0.0,0.0,1.0
2026-03-30T06:00:00.0,2.2625,0.0,2.2625,0.0,0.6667
2026-03-30T07:00:00.0,24.8095,0.0,24.8095,0.0,0.9667
2026-03-30T08:00:00.0,96.7673,5.8144,90.9529,14.7451,1.0
2026-03-30T09:00:00.0,247.4596,21.6751,225.7846,46.3513,1.0
2026-03-30T10:00:00.0,293.9756,23.8126,270.163,41.4191,1.0
2026-03-30T11:00:00.0,420.6795,102.8473,317.8322,159.0534,1.0
2026-03-30T12:00:00.0,541.8249,234.8336,306.9913,352.0435,1.0
2026-03-30T13:00:00.0,505.2027,212.8766,292.3261,324.0335,1.0
2026-03-30T14:00:00.0,375.8222,79.9959,295.8264,135.8011,1.0
2026-03-30T15:00:00.0,288.308,66.4786,221.8294,125.4244,1.0
2026-03-30T16:00:00.0,141.397,1.2908,140.1062,3.1083,1.0
2026-03-30T17:00:00.0,108.3764,10.3609,98.0155,45.5416,1.0
2026-03-30T18:00:00.0,34.4797,2.3183,32.1614,26.2992,0.7917
2026-03-30T19:00:00.0,0.0,0.0,0.0,0.0,1.0
2026-03-30T20:00:00.0,0.0,0.0,0.0,0.0,1.0
2026-03-30T21:00:00.0,0.0,0.0,0.0,0.0,1.0
2026-03-30T22:00:00.0,0.0,0.0,0.0,0.0,1.0
2026-03-30T23:00:00.0,0.0,0.0,0.0,0.0,1.0
2026-03-31T00:00:00.0,0.0,0.0,0.0,0.0,1.0
2026-03-31T01:00:00.0,0.0,0.0,0.0,0.0,1.0
2026-03-31T02:00:00.0,0.0,0.0,0.0,0.0,1.0
2026-03-31T03:00:00.0,0.0,0.0,0.0,0.0,1.0
2026-03-31T04:00:00.0,0.0,0.0,0.0,0.0,1.0
2026-03-31T05:00:00.0,0.0,0.0,0.0,0.0,1.0
2026-03-31T06:00:00.0,23.4372,9.4938,13.9434,118.0437,0.6417
2026-03-31T07:00:00.0,158.0371,102.9308,55.1063,509.3015,0.9667
2026-03-31T08:00:00.0,257.8072,136.6542,121.153,425.1863,1.0
2026-03-31T09:00:00.0,239.9564,15.9368,224.0197,33.6113,1.0
2026-03-31T10:00:00.0,265.1562,12.4218,252.7345,22.134,1.0
2026-03-31T11:00:00.0,270.7669,8.477,262.2899,13.0007,1.0
2026-03-31T12:00:00.0,344.2336,25.5635,318.6701,38.0416,1.0
2026-03-31T13:00:00.0,365.1963,40.0067,325.1896,60.99,1.0
2026-03-31T14:00:00.0,255.0869,6.9151,248.1718,11.3531,1.0
2026-03-31T15:00:00.0,217.457,14.9675,202.4895,28.7848,1.0
2026-03-31T16:00:00.0,155.4393,12.9042,142.5352,30.2776,1.0
2026-03-31T17:00:00.0,102.0612,1.8294,100.2319,7.2325,1.0
2026-03-31T18:00:00.0,26.6189,6.6909,19.928,82.6057,0.7833
2026-03-31T19:00:00.0,0.0,0.0,0.0,0.0,0.9917
2026-03-31T20:00:00.0,0.0,0.0,0.0,0.0,1.0
2026-03-31T21:00:00.0,0.0,0.0,0.0,0.0,1.0
2026-03-31T22:00:00.0,0.0,0.0,0.0,0.0,1.0
2026-03-31T23:00:00.0,0.0,0.0,0.0,0.0,1.0
2026-04-01T00:00:00.0,0.0,0.0,0.0,0.0,1.0
2026-04-01T01:00:00.0,0.0,0.0,0.0,0.0,1.0
2026-04-01T02:00:00.0,0.0,0.0,0.0,0.0,1.0
2026-04-01T03:00:00.0,0.0,0.0,0.0,0.0,1.0
2026-04-01T04:00:00.0,0.0,0.0,0.0,0.0,1.0
2026-04-01T05:00:00.0,0.0,0.0,0.0,0.0,1.0
2026-04-01T06:00:00.0,3.4447,0.0,3.4447,0.0,0.7167
2026-04-01T07:00:00.0,26.2497,0.0,26.2497,0.0,1.0
2026-04-01T08:00:00.0,100.2986,7.0071,93.2916,17.2362,1.0
2026-04-01T09:00:00.0,196.9888,20.2226,176.7663,45.4294,1.0
2026-04-01T10:00:00.0,146.3769,0.9134,145.4635,1.5193,1.0
2026-04-01T11:00:00.0,239.9031,6.0365,233.8666,9.0746,1.0
2026-04-01T12:00:00.0,330.027,29.6499,300.3771,43.7827,1.0
2026-04-01T13:00:00.0,390.086,61.4666,328.6194,92.7123,1.0
2026-04-01T14:00:00.0,513.1967,292.3456,220.8511,489.1085,1.0
2026-04-01T15:00:00.0,509.716,390.9008,118.8152,753.2621,1.0
2026-04-01T16:00:00.0,378.1797,293.55,84.6297,756.8933,1.0
2026-04-01T17:00:00.0,221.1739,168.1223,53.0516,680.0673,1.0
2026-04-01T18:00:00.0,61.2593,37.7196,23.5397,345.5393,0.7833
2026-04-01T19:00:00.0,0.0354,0.0031,0.0323,0.0,0.9833
2026-04-01T20:00:00.0,0.0,0.0,0.0,0.0,1.0
2026-04-01T21:00:00.0,0.0,0.0,0.0,0.0,1.0
2026-04-01T22:00:00.0,0.0,0.0,0.0,0.0,1.0
2026-04-01T23:00:00.0,0.0,0.0,0.0,0.0,1.0
2026-04-02T00:00:00.0,0.0,0.0,0.0,0.0,1.0
2026-04-02T01:00:00.0,0.0,0.0,0.0,0.0,1.0
2026-04-02T02:00:00.0,0.0,0.0,0.0,0.0,1.0
2026-04-02T03:00:00.0,0.0,0.0,0.0,0.0,1.0
2026-04-02T04:00:00.0,0.0,0.0,0.0,0.0,1.0
2026-04-02T05:00:00.0,0.0,0.0,0.0,0.0,1.0
2026-04-02T06:00:00.0,21.8341,0.2436,21.5905,2.7971,0.7
2026-04-02T07:00:00.0,61.4728,0.9413,60.5315,3.8097,1.0
2026-04-02T08:00:00.0,94.2718,0.8043,93.4675,2.3367,1.0
2026-04-02T09:00:00.0,340.6111,115.0217,225.5894,226.8557,1.0
2026-04-02T10:00:00.0,312.3392,29.5616,282.7776,51.7306,1.0
2026-04-02T11:00:00.0,419.5511,199.7276,219.8235,298.9177,1.0
2026-04-02T12:00:00.0,527.2394,271.5586,255.6808,398.7596,1.0
2026-04-02T13:00:00.0,217.9277,1.879,216.0487,2.7772,1.0
2026-04-02T14:00:00.0,177.0884,0.3306,176.7578,0.5277,1.0
2026-04-02T15:00:00.0,119.0548,0.0162,119.0386,0.0298,1.0
2026-04-02T16:00:00.0,101.7362,0.7694,100.9668,2.2608,1.0
2026-04-02T17:00:00.0,88.3224,0.6673,87.6551,2.5449,1.0
2026-04-02T18:00:00.0,37.6779,0.539,37.1389,4.4784,0.7833
2026-04-02T19:00:00.0,0.0728,0.0,0.0728,0.0,0.9667
2026-04-02T20:00:00.0,0.0,0.0,0.0,0.0,1.0
2026-04-02T21:00:00.0,0.0,0.0,0.0,0.0,1.0
2026-04-02T22:00:00.0,0.0,0.0,0.0,0.0,1.0
2026-04-02T23:00:00.0,0.0,0.0,0.0,0.0,1.0
2026-04-03T00:00:00.0,0.0,0.0,0.0,0.0,1.0
2026-04-03T01:00:00.0,0.0,0.0,0.0,0.0,1.0
2026-04-03T02:00:00.0,0.0,0.0,0.0,0.0,1.0
2026-04-03T03:00:00.0,0.0,0.0,0.0,0.0,1.0
2026-04-03T04:00:00.0,0.0,0.0,0.0,0.0,1.0
2026-04-03T05:00:00.0,0.0,0.0,0.0,0.0,1.0
2026-04-03T06:00:00.0,30.4136,12.4359,17.9777,134.9592,0.6833
2026-04-03T07:00:00.0,33.6139,3.8356,29.7783,26.6229,1.0
2026-04-03T08:00:00.0,126.0871,12.4253,113.6618,31.3982,1.0
2026-04-03T09:00:00.0,336.1389,77.144,258.9948,155.0556,1.0
2026-04-03T10:00:00.0,417.3661,132.7633,284.6029,221.129,1.0
2026-04-03T11:00:00.0,552.7426,266.8837,285.8588,407.2792,1.0
2026-04-03T12:00:00.0,570.6946,220.8925,349.8021,321.5128,1.0
2026-04-03T13:00:00.0,520.4052,160.3325,360.0728,238.8344,1.0
2026-04-03T14:00:00.0,372.8768,77.5373,295.3395,127.4416,1.0
2026-04-03T15:00:00.0,341.4633,91.7542,249.709,173.9418,1.0
2026-04-03T16:00:00.0,303.2886,134.0858,169.2029,348.6972,1.0
2026-04-03T17:00:00.0,205.1139,128.868,76.2458,494.9194,1.0
2026-04-03T18:00:00.0,57.3243,23.775,33.5493,210.5317,0.7833
2026-04-03T19:00:00.0,0.2219,0.0092,0.2127,0.0,0.95
2026-04-03T20:00:00.0,0.0,0.0,0.0,0.0,1.0
2026-04-03T21:00:00.0,0.0,0.0,0.0,0.0,1.0
2026-04-03T22:00:00.0,0.0,0.0,0.0,0.0,1.0
2026-04-03T23:00:00.0,0.0,0.0,0.0,0.0,1.0
2026-04-04T00:00:00.0,0.0,0.0,0.0,0.0,1.0
2026-04-04T01:00:00.0,0.0,0.0,0.0,0.0,1.0
2026-04-04T02:00:00.0,0.0,0.0,0.0,0.0,1.0
2026-04-04T03:00:00.0,0.0,0.0,0.0,0.0,1.0
2026-04-04T04:00:00.0,0.0,0.0,0.0,0.0,1.0
2026-04-04T05:00:00.0,0.0,0.0,0.0,0.0,1.0
2026-04-04T06:00:00.0,4.2051,0.0,4.2051,0.0,0.6583
2026-04-04T07:00:00.0,20.8444,0.0,20.8444,0.0,1.0
2026-04-04T08:00:00.0,55.7207,0.03,55.6907,0.071,1.0
2026-04-04T09:00:00.0,134.7097,0.0728,134.637,0.149,1.0
2026-04-04T10:00:00.0,194.4346,0.8464,193.5882,1.3909,1.0
2026-04-04T11:00:00.0,299.8037,16.6678,283.1359,24.6192,1.0
2026-04-04T12:00:00.0,269.1455,9.4866,259.6589,13.7672,1.0
2026-04-04T13:00:00.0,165.3424,0.1868,165.1556,0.2761,1.0
2026-04-04T14:00:00.0,137.9517,3.2523,134.6994,5.5962,1.0
2026-04-04T15:00:00.0,302.5289,134.0666,168.4623,246.6955,1.0
2026-04-04T16:00:00.0,352.3987,229.9283,122.4704,585.5126,1.0
2026-04-04T17:00:00.0,205.9011,128.6401,77.261,480.8822,1.0
2026-04-04T18:00:00.0,58.5841,25.7015,32.8826,221.1254,0.9083
2026-04-04T19:00:00.0,0.4114,0.0413,0.3701,0.0,0.9333
2026-04-04T20:00:00.0,0.0,0.0,0.0,0.0,1.0
2026-04-04T21:00:00.0,0.0,0.0,0.0,0.0,1.0
2026-04-04T22:00:00.0,0.0,0.0,0.0,0.0,1.0
2026-04-04T23:00:00.0,0.0,0.0,0.0,0.0,1.0
2026-04-05T00:00:00.0,0.0,0.0,0.0,0.0,1.0
2026-04-05T01:00:00.0,0.0,0.0,0.0,0.0,1.0
2026-04-05T02:00:00.0,0.0,0.0,0.0,0.0,1.0
2026-04-05T03:00:00.0,0.0,0.0,0.0,0.0,1.0
2026-04-05T04:00:00.0,0.0,0.0,0.0,0.0,1.0
2026-04-05T05:00:00.0,0.0,0.0,0.0,0.0,1.0
2026-04-05T06:00:00.0,40.7399,18.3315,22.4084,182.1079,0.6417
2026-04-05T07:00:00.0,192.1801,129.808,62.3722,563.388,1.0
2026-04-05T08:00:00.0,353.643,262.55,91.093,704.7214,1.0
2026-04-05T09:00:00.0,416.0375,235.7133,180.3241,453.2648,1.0
2026-04-05T10:00:00.0,514.5889,253.5792,261.0098,417.0979,1.0
2026-04-05T11:00:00.0,577.4799,311.8305,265.6494,465.8146,1.0
2026-04-05T12:00:00.0,714.8466,560.7673,154.0792,804.8375,1.0
2026-04-05T13:00:00.0,593.8379,318.484,275.3539,469.4279,1.0
2026-04-05T14:00:00.0,485.1028,225.0309,260.0719,364.5348,1.0
2026-04-05T15:00:00.0,451.7319,211.4242,240.3077,394.7975,1.0
2026-04-05T16:00:00.0,323.5358,174.4763,149.0596,411.6144,1.0
2026-04-05T17:00:00.0,199.4458,104.7326,94.7132,404.8056,1.0
2026-04-05T18:00:00.0,66.6857,30.7874,35.8983,244.9696,0.9083
2026-04-05T19:00:00.0,0.6041,0.0386,0.5655,0.5573,0.9167
2026-04-05T20:00:00.0,0.0,0.0,0.0,0.0,1.0
2026-04-05T21:00:00.0,0.0,0.0,0.0,0.0,1.0
2026-04-05T22:00:00.0,0.0,0.0,0.0,0.0,1.0
2026-04-05T23:00:00.0,0.0,0.0,0.0,0.0,1.0
2026-04-06T00:00:00.0,0.0,0.0,0.0,0.0,1.0
2026-04-06T01:00:00.0,0.0,0.0,0.0,0.0,1.0
2026-04-06T02:00:00.0,0.0,0.0,0.0,0.0,1.0
2026-04-06T03:00:00.0,0.0,0.0,0.0,0.0,1.0
2026-04-06T04:00:00.0,0.0,0.0,0.0,0.0,1.0
2026-04-06T05:00:00.0,0.0,0.0,0.0,0.0,1.0
2026-04-06T06:00:00.0,37.38,10.1789,27.2011,95.0067,0.625
2026-04-06T07:00:00.0,27.9222,3.054,24.8682,18.8652,1.0
2026-04-06T08:00:00.0,56.6852,0.0166,56.6686,0.0381,1.0
2026-04-06T09:00:00.0,159.3858,0.2657,159.1201,0.5259,1.0
2026-04-06T10:00:00.0,172.736,0.1437,172.5923,0.2308,1.0
2026-04-06T11:00:00.0,216.5069,3.2955,213.2115,4.7701,1.0
2026-04-06T12:00:00.0,370.2706,31.2139,339.0567,44.4969,1.0
2026-04-06T13:00:00.0,284.4566,8.0137,276.443,11.5662,1.0
2026-04-06T14:00:00.0,214.0645,1.4928,212.5717,2.4267,1.0
2026-04-06T15:00:00.0,131.7061,0.5359,131.1702,0.9346,1.0
2026-04-06T16:00:00.0,54.7275,0.0007,54.7268,0.0015,1.0
2026-04-06T17:00:00.0,62.0744,0.0021,62.0723,0.0089,1.0
2026-04-06T18:00:00.0,28.9747,0.0253,28.9494,0.3408,0.9083
2026-04-06T19:00:00.0,0.5845,0.0003,0.5842,0.0084,0.9083
2026-04-06T20:00:00.0,0.0,0.0,0.0,0.0,1.0
2026-04-06T21:00:00.0,0.0,0.0,0.0,0.0,1.0
2026-04-06T22:00:00.0,0.0,0.0,0.0,0.0,1.0
2026-04-06T23:00:00.0,0.0,0.0,0.0,0.0,1.0
2026-04-07T00:00:00.0,0.0,0.0,0.0,0.0,1.0
2026-04-07T01:00:00.0,0.0,0.0,0.0,0.0,1.0
2026-04-07T02:00:00.0,0.0,0.0,0.0,0.0,1.0
2026-04-07T03:00:00.0,0.0,0.0,0.0,0.0,1.0
2026-04-07T04:00:00.0,0.0,0.0,0.0,0.0,1.0
2026-04-07T05:00:00.0,0.0,0.0,0.0,0.0,1.0
2026-04-07T06:00:00.0,4.6448,0.0,4.6448,0.0,0.6083
2026-04-07T07:00:00.0,57.8353,0.3372,57.4982,1.1968,1.0
2026-04-07T08:00:00.0,117.3355,8.9208,108.4147,26.0311,1.0
2026-04-07T09:00:00.0,73.716,0.0073,73.7087,0.0152,1.0
2026-04-07T10:00:00.0,272.2086,106.2293,165.9792,173.5214,1.0
2026-04-07T11:00:00.0,289.475,15.4897,273.9853,22.5947,1.0
2026-04-07T12:00:00.0,280.1371,11.1503,268.9867,15.7836,1.0
2026-04-07T13:00:00.0,380.743,58.036,322.7069,85.0032,1.0
2026-04-07T14:00:00.0,487.0844,169.7097,317.3746,270.332,1.0
2026-04-07T15:00:00.0,275.728,34.7689,240.9591,61.338,1.0
2026-04-07T16:00:00.0,74.0571,0.1977,73.8593,0.4174,1.0
2026-04-07T17:00:00.0,90.1871,1.0691,89.118,4.2069,1.0
2026-04-07T18:00:00.0,42.1198,3.0813,39.0385,36.7017,0.9083
2026-04-07T19:00:00.0,1.0561,0.0445,1.0116,1.3584,0.8917
2026-04-07T20:00:00.0,0.0,0.0,0.0,0.0,1.0
2026-04-07T21:00:00.0,0.0,0.0,0.0,0.0,1.0
2026-04-07T22:00:00.0,0.0,0.0,0.0,0.0,1.0
2026-04-07T23:00:00.0,0.0,0.0,0.0,0.0,1.0
2026-04-08T00:00:00.0,0.0,0.0,0.0,0.0,1.0
2026-04-08T01:00:00.0,0.0,0.0,0.0,0.0,1.0
2026-04-08T02:00:00.0,0.0,0.0,0.0,0.0,1.0
2026-04-08T03:00:00.0,0.0,0.0,0.0,0.0,1.0
2026-04-08T04:00:00.0,0.0,0.0,0.0,0.0,1.0
2026-04-08T05:00:00.0,0.0009,0.0,0.0009,0.0,0.9917
2026-04-08T06:00:00.0,5.532,0.0,5.532,0.0,0.5917
2026-04-08T07:00:00.0,55.0186,0.0594,54.9591,0.1966,1.0
2026-04-08T08:00:00.0,101.8343,0.3471,101.4872,0.8011,1.0
2026-04-08T09:00:00.0,242.3411,13.7224,228.6187,25.2549,1.0
2026-04-08T10:00:00.0,340.6989,39.2284,301.4706,62.136,1.0
2026-04-08T11:00:00.0,562.9763,222.3465,340.6298,322.857,1.0
2026-04-08T12:00:00.0,538.716,164.3502,374.3658,231.4759,1.0
2026-04-08T13:00:00.0,509.2718,162.9577,346.3141,234.7918,1.0
2026-04-08T14:00:00.0,477.308,119.3864,357.9217,186.7636,1.0
2026-04-08T15:00:00.0,448.0095,191.5113,256.4981,352.5335,1.0
2026-04-08T16:00:00.0,322.4929,126.4443,196.0486,299.4366,1.0
2026-04-08T17:00:00.0,203.2679,91.3415,111.9264,340.5485,1.0
2026-04-08T18:00:00.0,73.938,32.1365,41.8014,244.2694,0.9083
2026-04-08T19:00:00.0,1.6125,0.2211,1.3914,6.8085,0.8833
2026-04-08T20:00:00.0,0.0,0.0,0.0,0.0,1.0
2026-04-08T21:00:00.0,0.0,0.0,0.0,0.0,1.0
2026-04-08T22:00:00.0,0.0,0.0,0.0,0.0,1.0
2026-04-08T23:00:00.0,0.0,0.0,0.0,0.0,1.0
2026-04-09T00:00:00.0,0.0,0.0,0.0,0.0,1.0
2026-04-09T01:00:00.0,0.0,0.0,0.0,0.0,1.0
2026-04-09T02:00:00.0,0.0,0.0,0.0,0.0,1.0
2026-04-09T03:00:00.0,0.0,0.0,0.0,0.0,1.0
2026-04-09T04:00:00.0,0.0,0.0,0.0,0.0,1.0
2026-04-09T05:00:00.0,0.0709,0.0012,0.0698,0.0,0.975
2026-04-09T06:00:00.0,53.059,20.4887,32.5703,173.9374,0.7167
2026-04-09T07:00:00.0,144.328,16.9424,127.3856,70.5988,1.0
2026-04-09T08:00:00.0,229.2537,40.288,188.9657,102.2433,1.0
2026-04-09T09:00:00.0,265.2239,71.0551,194.1688,132.1319,1.0
2026-04-09T10:00:00.0,479.5779,242.4304,237.1474,377.0146,1.0
2026-04-09T11:00:00.0,633.2662,446.8716,186.3945,649.2795,1.0
2026-04-09T12:00:00.0,742.4492,604.089,138.3602,844.4538,1.0
2026-04-09T13:00:00.0,661.7513,441.1193,220.632,628.3652,1.0
2026-04-09T14:00:00.0,605.3856,410.1288,195.2567,635.1209,1.0
2026-04-09T15:00:00.0,562.7908,448.378,114.4128,820.8215,1.0
2026-04-09T16:00:00.0,371.6029,238.8463,132.7566,556.7578,1.0
2026-04-09T17:00:00.0,241.4073,162.6786,78.7286,568.2988,1.0
2026-04-09T18:00:00.0,85.8831,46.1808,39.7022,332.6591,0.9083
2026-04-09T19:00:00.0,2.1504,0.2769,1.8735,7.6403,0.8667
2026-04-09T20:00:00.0,0.0,0.0,0.0,0.0,1.0
2026-04-09T21:00:00.0,0.0,0.0,0.0,0.0,1.0
2026-04-09T22:00:00.0,0.0,0.0,0.0,0.0,1.0
2026-04-09T23:00:00.0,0.0,0.0,0.0,0.0,1.0
2026-04-10T00:00:00.0,0.0,0.0,0.0,0.0,1.0
2026-04-10T01:00:00.0,0.0,0.0,0.0,0.0,1.0
2026-04-10T02:00:00.0,0.0,0.0,0.0,0.0,1.0
2026-04-10T03:00:00.0,0.0,0.0,0.0,0.0,1.0
2026-04-10T04:00:00.0,0.0,0.0,0.0,0.0,1.0
2026-04-10T05:00:00.0,0.0835,0.0,0.0835,0.0,0.9583
2026-04-10T06:00:00.0,16.4987,0.0,16.4987,0.0,0.7167
2026-04-10T07:00:00.0,18.8618,0.0,18.8618,0.0,1.0
2026-04-10T08:00:00.0,29.0775,0.0,29.0775,0.0,1.0
2026-04-10T09:00:00.0,41.3315,0.0,41.3315,0.0,1.0
2026-04-10T10:00:00.0,99.7513,0.0205,99.7307,0.031,1.0
2026-04-10T11:00:00.0,190.7299,0.2603,190.4697,0.3784,1.0
2026-04-10T12:00:00.0,168.4139,0.0791,168.3348,0.1101,1.0
2026-04-10T13:00:00.0,233.8789,1.7524,232.1266,2.4881,1.0
2026-04-10T14:00:00.0,173.6246,3.9557,169.669,6.4389,1.0
2026-04-10T15:00:00.0,194.3052,110.7162,83.589,189.2635,1.0
2026-04-10T16:00:00.0,137.4708,78.0588,59.412,178.5761,1.0
2026-04-10T17:00:00.0,104.3236,36.4335,67.8901,143.4762,1.0
2026-04-10T18:00:00.0,33.0142,0.1296,32.8846,0.6658,0.9083
2026-04-10T19:00:00.0,1.533,0.0,1.533,0.0005,0.85
2026-04-10T20:00:00.0,0.0,0.0,0.0,0.0,1.0
2026-04-10T21:00:00.0,0.0,0.0,0.0,0.0,1.0
2026-04-10T22:00:00.0,0.0,0.0,0.0,0.0,1.0
2026-04-10T23:00:00.0,0.0,0.0,0.0,0.0,1.0
2026-04-11T00:00:00.0,0.0,0.0,0.0,0.0,1.0
2026-04-11T01:00:00.0,0.0,0.0,0.0,0.0,1.0
2026-04-11T02:00:00.0,0.0,0.0,0.0,0.0,1.0
2026-04-11T03:00:00.0,0.0,0.0,0.0,0.0,1.0
2026-04-11T04:00:00.0,0.0,0.0,0.0,0.0,1.0
2026-04-11T05:00:00.0,0.1878,0.0,0.1878,0.0,0.9417
2026-04-11T06:00:00.0,20.8343,0.0,20.8343,0.0,0.7167
2026-04-11T07:00:00.0,125.2036,17.7175,107.4861,59.8173,1.0
2026-04-11T08:00:00.0,172.1852,16.6204,155.5647,42.9484,1.0
2026-04-11T09:00:00.0,360.0605,112.5484,247.5122,203.1493,1.0
2026-04-11T10:00:00.0,358.9375,186.159,172.7785,302.9206,1.0
2026-04-11T11:00:00.0,214.9388,9.31,205.6287,13.1379,1.0
2026-04-11T12:00:00.0,356.1845,52.747,303.4375,72.7839,1.0
2026-04-11T13:00:00.0,612.4687,329.6943,282.7744,468.6429,1.0
2026-04-11T14:00:00.0,491.9512,213.3978,278.5535,325.3511,1.0
2026-04-11T15:00:00.0,326.5003,115.6744,210.8259,214.5105,1.0
2026-04-11T16:00:00.0,141.5046,1.8886,139.616,4.5547,1.0
2026-04-11T17:00:00.0,202.667,91.7887,110.8783,320.9245,1.0
2026-04-11T18:00:00.0,64.5994,12.8216,51.7777,102.0892,0.9083
2026-04-11T19:00:00.0,3.0308,0.2538,2.7769,6.0826,0.8333
2026-04-11T20:00:00.0,0.0,0.0,0.0,0.0,1.0
2026-04-11T21:00:00.0,0.0,0.0,0.0,0.0,1.0
2026-04-11T22:00:00.0,0.0,0.0,0.0,0.0,1.0
2026-04-11T23:00:00.0,0.0,0.0,0.0,0.0,1.0
2026-04-12T00:00:00.0,0.0,0.0,0.0,0.0,1.0
2026-04-12T01:00:00.0,0.0,0.0,0.0,0.0,1.0
2026-04-12T02:00:00.0,0.0,0.0,0.0,0.0,1.0
2026-04-12T03:00:00.0,0.0,0.0,0.0,0.0,1.0
2026-04-12T04:00:00.0,0.0,0.0,0.0,0.0,1.0
2026-04-12T05:00:00.0,0.096,0.0,0.096,0.0,0.9167
2026-04-12T06:00:00.0,26.3959,8.659,17.7369,51.0139,0.7167
2026-04-12T07:00:00.0,226.4813,148.823,77.6583,549.7021,1.0
2026-04-12T08:00:00.0,386.1503,278.9163,107.234,680.071,1.0
2026-04-12T09:00:00.0,502.2178,343.091,159.1268,631.4255,1.0
2026-04-12T10:00:00.0,562.1803,331.2296,230.9507,515.9921,1.0
2026-04-12T11:00:00.0,623.4167,349.8885,273.5282,492.0197,1.0
2026-04-12T12:00:00.0,723.3047,530.6326,192.6721,728.4648,1.0
2026-04-12T13:00:00.0,542.7152,235.4844,307.2307,334.9835,1.0
2026-04-12T14:00:00.0,491.6025,235.8798,255.7227,358.96,1.0
2026-04-12T15:00:00.0,513.0294,327.0559,185.9735,582.3497,1.0
2026-04-12T16:00:00.0,351.8181,192.6365,159.1816,429.7783,1.0
2026-04-12T17:00:00.0,229.2796,120.0306,109.2489,397.5483,1.0
2026-04-12T18:00:00.0,71.4754,14.1046,57.3708,79.6635,1.0
2026-04-12T19:00:00.0,2.0074,0.0,2.0074,0.0,0.8583
2026-04-12T20:00:00.0,0.0,0.0,0.0,0.0,1.0
2026-04-12T21:00:00.0,0.0,0.0,0.0,0.0,1.0
2026-04-12T22:00:00.0,0.0,0.0,0.0,0.0,1.0
2026-04-12T23:00:00.0,0.0,0.0,0.0,0.0,1.0
2026-04-13T00:00:00.0,0.0,0.0,0.0,0.0,1.0
2026-04-13T01:00:00.0,0.0,0.0,0.0,0.0,1.0
2026-04-13T02:00:00.0,0.0,0.0,0.0,0.0,1.0
2026-04-13T03:00:00.0,0.0,0.0,0.0,0.0,1.0
2026-04-13T04:00:00.0,0.0,0.0,0.0,0.0,1.0
2026-04-13T05:00:00.0,1.2247,0.2123,1.0124,6.6049,0.9
2026-04-13T06:00:00.0,78.7642,47.0266,31.7376,368.6735,0.7167
2026-04-13T07:00:00.0,242.3469,182.0846,60.2624,666.674,1.0
2026-04-13T08:00:00.0,413.2898,336.944,76.3458,804.3795,1.0
2026-04-13T09:00:00.0,396.9137,205.9007,191.013,395.7043,1.0
2026-04-13T10:00:00.0,437.7139,116.9864,320.7276,179.9501,1.0
2026-04-13T11:00:00.0,490.3429,133.6882,356.6548,188.0741,1.0
2026-04-13T12:00:00.0,534.1479,175.3933,358.7546,239.3585,1.0
2026-04-13T13:00:00.0,438.4781,75.1668,363.3113,105.0962,1.0
2026-04-13T14:00:00.0,356.6512,40.5037,316.1475,62.3117,1.0
2026-04-13T15:00:00.0,274.7899,21.7752,253.0148,37.0284,1.0
2026-04-13T16:00:00.0,185.9922,26.2466,159.7456,65.4088,1.0
2026-04-13T17:00:00.0,195.4749,56.0261,139.4488,186.2467,1.0
2026-04-13T18:00:00.0,84.0367,28.5985,55.4382,201.1876,1.0
2026-04-13T19:00:00.0,4.4878,0.7803,3.7075,17.3581,0.8417
2026-04-13T20:00:00.0,0.0,0.0,0.0,0.0,1.0
2026-04-13T21:00:00.0,0.0,0.0,0.0,0.0,1.0
2026-04-13T22:00:00.0,0.0,0.0,0.0,0.0,1.0
2026-04-13T23:00:00.0,0.0,0.0,0.0,0.0,1.0
2026-04-14T00:00:00.0,0.0,0.0,0.0,0.0,1.0
2026-04-14T01:00:00.0,0.0,0.0,0.0,0.0,1.0
2026-04-14T02:00:00.0,0.0,0.0,0.0,0.0,1.0
2026-04-14T03:00:00.0,0.0,0.0,0.0,0.0,1.0
2026-04-14T04:00:00.0,0.0,0.0,0.0,0.0,1.0
2026-04-14T05:00:00.0,0.1946,0.0,0.1946,0.0,0.8833
2026-04-14T06:00:00.0,17.5841,0.0006,17.5835,0.0034,0.7167
2026-04-14T07:00:00.0,45.6405,0.0007,45.6399,0.0027,1.0
2026-04-14T08:00:00.0,67.0467,0.0642,66.9825,0.1348,1.0
2026-04-14T09:00:00.0,128.5657,0.0831,128.4826,0.1532,1.0
2026-04-14T10:00:00.0,203.5842,0.7612,202.823,1.148,1.0
2026-04-14T11:00:00.0,219.548,0.7866,218.7614,1.0968,1.0
2026-04-14T12:00:00.0,264.9464,3.0532,261.8932,4.1434,1.0
2026-04-14T13:00:00.0,252.0774,2.5499,249.5276,3.5229,1.0
2026-04-14T14:00:00.0,146.4145,0.0388,146.3757,0.0569,1.0
2026-04-14T15:00:00.0,108.8438,0.0258,108.8181,0.0429,1.0
2026-04-14T16:00:00.0,55.0146,0.0001,55.0145,0.0001,1.0
2026-04-14T17:00:00.0,42.9817,0.02,42.9617,0.0887,1.0
2026-04-14T18:00:00.0,56.8441,0.6524,56.1917,3.5898,1.0
2026-04-14T19:00:00.0,3.0124,0.0,3.0124,0.0,0.825
2026-04-14T20:00:00.0,0.0,0.0,0.0,0.0,1.0
2026-04-14T21:00:00.0,0.0,0.0,0.0,0.0,1.0
2026-04-14T22:00:00.0,0.0,0.0,0.0,0.0,1.0
2026-04-14T23:00:00.0,0.0,0.0,0.0,0.0,1.0
2026-04-15T00:00:00.0,0.0,0.0,0.0,0.0,1.0
2026-04-15T01:00:00.0,0.0,0.0,0.0,0.0,1.0
2026-04-15T02:00:00.0,0.0,0.0,0.0,0.0,1.0
2026-04-15T03:00:00.0,0.0,0.0,0.0,0.0,1.0
2026-04-15T04:00:00.0,0.0,0.0,0.0,0.0,1.0
2026-04-15T05:00:00.0,2.2679,0.3349,1.9331,9.2375,0.8667
2026-04-15T06:00:00.0,60.4499,28.3312,32.1186,233.7339,0.7167
2026-04-15T07:00:00.0,68.5277,0.0715,68.4562,0.263,1.0
2026-04-15T08:00:00.0,186.4221,35.7504,150.6717,78.4992,1.0
2026-04-15T09:00:00.0,325.9493,44.2952,281.6541,79.3139,1.0
2026-04-15T10:00:00.0,447.8015,118.4856,329.3159,179.6552,1.0
2026-04-15T11:00:00.0,478.4032,113.5962,364.807,158.6582,1.0
2026-04-15T12:00:00.0,567.3384,239.8143,327.5241,323.6678,1.0
2026-04-15T13:00:00.0,540.9229,212.8086,328.1143,291.6306,1.0
2026-04-15T14:00:00.0,503.4806,211.9719,291.5086,323.1214,1.0
2026-04-15T15:00:00.0,446.0269,223.2638,222.7631,387.3355,1.0
2026-04-15T16:00:00.0,226.6141,144.1061,82.508,318.4646,1.0
2026-04-15T17:00:00.0,266.1267,175.6587,90.468,570.3279,1.0
2026-04-15T18:00:00.0,85.8074,25.3118,60.4956,173.7175,1.0
2026-04-15T19:00:00.0,6.1501,1.0142,5.1359,19.5171,0.825
2026-04-15T20:00:00.0,0.0,0.0,0.0,0.0,1.0
2026-04-15T21:00:00.0,0.0,0.0,0.0,0.0,1.0
2026-04-15T22:00:00.0,0.0,0.0,0.0,0.0,1.0
2026-04-15T23:00:00.0,0.0,0.0,0.0,0.0,1.0
2026-04-16T00:00:00.0,0.0,0.0,0.0,0.0,1.0
2026-04-16T01:00:00.0,0.0,0.0,0.0,0.0,1.0
2026-04-16T02:00:00.0,0.0,0.0,0.0,0.0,1.0
2026-04-16T03:00:00.0,0.0,0.0,0.0,0.0,1.0
2026-04-16T04:00:00.0,0.0,0.0,0.0,0.0,1.0
2026-04-16T05:00:00.0,0.3505,0.0,0.3505,0.0,0.85
2026-04-16T06:00:00.0,10.2362,0.0,10.2362,0.0,0.7167
2026-04-16T07:00:00.0,127.9244,18.2268,109.6976,61.5187,1.0
2026-04-16T08:00:00.0,143.2718,5.1121,138.1597,10.406,1.0
2026-04-16T09:00:00.0,531.0988,371.1789,159.9199,658.3558,1.0
2026-04-16T10:00:00.0,335.4332,50.4675,284.9658,79.4172,1.0
2026-04-16T11:00:00.0,519.1301,260.3073,258.8228,364.1632,1.0
2026-04-16T12:00:00.0,555.0978,286.0468,269.051,383.1737,1.0
2026-04-16T13:00:00.0,510.0926,244.4328,265.6598,336.3432,1.0
2026-04-16T14:00:00.0,677.852,513.6304,164.2216,767.0137,1.0
2026-04-16T15:00:00.0,568.7182,424.0167,144.7015,735.3142,1.0
2026-04-16T16:00:00.0,420.9359,290.3371,130.5989,638.6385,1.0
2026-04-16T17:00:00.0,87.7495,16.9712,70.7783,47.643,1.0
2026-04-16T18:00:00.0,32.3008,0.5189,31.7819,2.3575,1.0
2026-04-16T19:00:00.0,4.7751,0.0002,4.7749,0.0036,0.8
2026-04-16T20:00:00.0,0.0,0.0,0.0,0.0,1.0
2026-04-16T21:00:00.0,0.0,0.0,0.0,0.0,1.0
2026-04-16T22:00:00.0,0.0,0.0,0.0,0.0,1.0
2026-04-16T23:00:00.0,0.0,0.0,0.0,0.0,1.0
2026-04-17T00:00:00.0,0.0,0.0,0.0,0.0,1.0
2026-04-17T01:00:00.0,0.0,0.0,0.0,0.0,1.0
2026-04-17T02:00:00.0,0.0,0.0,0.0,0.0,1.0
2026-04-17T03:00:00.0,0.0,0.0,0.0,0.0,1.0
2026-04-17T04:00:00.0,0.0,0.0,0.0,0.0,1.0
2026-04-17T05:00:00.0,1.8719,0.0,1.8719,0.0003,0.8333
2026-04-17T06:00:00.0,37.8881,0.9101,36.978,4.4143,0.8417
2026-04-17T07:00:00.0,194.801,64.1098,130.6912,233.4275,1.0
2026-04-17T08:00:00.0,325.9594,126.9215,199.0379,290.5391,1.0
2026-04-17T09:00:00.0,341.7064,71.3299,270.3765,123.2841,1.0
2026-04-17T10:00:00.0,514.038,215.5674,298.4706,326.4043,1.0
2026-04-17T11:00:00.0,636.0111,348.3785,287.6326,481.2429,1.0
2026-04-17T12:00:00.0,547.3672,179.1948,368.1725,239.2345,1.0
2026-04-17T13:00:00.0,656.7194,417.2122,239.5071,567.0817,1.0
2026-04-17T14:00:00.0,470.0632,183.7821,286.2811,276.9031,1.0
2026-04-17T15:00:00.0,439.1483,232.613,206.5352,410.4134,1.0
2026-04-17T16:00:00.0,426.6768,320.0382,106.6386,686.7248,1.0
2026-04-17T17:00:00.0,257.2732,165.6634,91.6097,525.2273,1.0
2026-04-17T18:00:00.0,115.821,70.5987,45.2223,425.1989,1.0
2026-04-17T19:00:00.0,8.6622,2.5929,6.0693,46.7629,0.7833
2026-04-17T20:00:00.0,0.0,0.0,0.0,0.0,1.0
2026-04-17T21:00:00.0,0.0,0.0,0.0,0.0,1.0
2026-04-17T22:00:00.0,0.0,0.0,0.0,0.0,1.0
2026-04-17T23:00:00.0,0.0,0.0,0.0,0.0,1.0
2026-04-18T00:00:00.0,0.0,0.0,0.0,0.0,1.0
2026-04-18T01:00:00.0,0.0,0.0,0.0,0.0,1.0
2026-04-18T02:00:00.0,0.0,0.0,0.0,0.0,1.0
2026-04-18T03:00:00.0,0.0,0.0,0.0,0.0,1.0
2026-04-18T04:00:00.0,0.0,0.0,0.0,0.0,1.0
2026-04-18T05:00:00.0,4.7977,0.9713,3.8264,21.1026,0.8167
2026-04-18T06:00:00.0,98.9651,55.9029,43.0622,365.7545,0.8417
2026-04-18T07:00:00.0,264.6215,192.9955,71.626,644.3117,1.0
2026-04-18T08:00:00.0,413.1708,307.9662,105.2046,699.6285,1.0
2026-04-18T09:00:00.0,446.4632,223.3706,223.0926,403.3431,1.0
2026-04-18T10:00:00.0,517.0903,257.2774,259.813,393.3354,1.0
2026-04-18T11:00:00.0,562.7605,217.3527,345.4077,297.898,1.0
2026-04-18T12:00:00.0,624.2678,294.2621,330.0057,390.3879,1.0
2026-04-18T13:00:00.0,569.7827,229.6412,340.1415,311.1053,1.0
2026-04-18T14:00:00.0,568.0324,300.1427,267.8897,446.5555,1.0
2026-04-18T15:00:00.0,583.5357,456.6833,126.8524,778.1855,1.0
2026-04-18T16:00:00.0,439.7476,324.4149,115.3327,704.6613,1.0
2026-04-18T17:00:00.0,258.6737,158.2086,100.4651,495.8765,1.0
2026-04-18T18:00:00.0,109.2736,53.5802,55.6935,311.3299,1.0
2026-04-18T19:00:00.0,8.9151,1.9043,7.0108,32.6165,0.775
2026-04-18T20:00:00.0,0.0,0.0,0.0,0.0,1.0
2026-04-18T21:00:00.0,0.0,0.0,0.0,0.0,1.0
2026-04-18T22:00:00.0,0.0,0.0,0.0,0.0,1.0
2026-04-18T23:00:00.0,0.0,0.0,0.0,0.0,1.0
2026-04-19T00:00:00.0,0.0,0.0,0.0,0.0,1.0
2026-04-19T01:00:00.0,0.0,0.0,0.0,0.0,1.0
2026-04-19T02:00:00.0,0.0,0.0,0.0,0.0,1.0
2026-04-19T03:00:00.0,0.0,0.0,0.0,0.0,1.0
2026-04-19T04:00:00.0,0.0,0.0,0.0,0.0,1.0
2026-04-19T05:00:00.0,5.617,1.2939,4.3231,26.6153,0.7917
2026-04-19T06:00:00.0,78.7769,20.9513,57.8256,165.3299,0.8417
2026-04-19T07:00:00.0,238.7637,125.3784,113.3853,402.152,1.0
2026-04-19T08:00:00.0,385.4698,205.8986,179.5712,462.7159,1.0
2026-04-19T09:00:00.0,513.5108,267.7036,245.8072,466.7933,1.0
2026-04-19T10:00:00.0,597.301,274.0523,323.2487,408.9883,1.0
2026-04-19T11:00:00.0,592.4789,173.026,419.4529,235.7848,1.0
2026-04-19T12:00:00.0,608.0846,188.5267,419.5579,248.8928,1.0
2026-04-19T13:00:00.0,653.5505,291.4331,362.1174,396.4738,1.0
2026-04-19T14:00:00.0,644.4932,382.558,261.9352,557.5365,1.0
2026-04-19T15:00:00.0,573.1664,397.0881,176.0783,680.7951,1.0
2026-04-19T16:00:00.0,445.771,324.3686,121.4024,697.4352,1.0
2026-04-19T17:00:00.0,279.6235,186.6647,92.9588,578.7297,1.0
2026-04-19T18:00:00.0,116.5058,62.3196,54.1861,357.3655,1.0
2026-04-19T19:00:00.0,10.5427,2.8075,7.7351,46.4487,0.7583
2026-04-19T20:00:00.0,0.0,0.0,0.0,0.0,1.0
2026-04-19T21:00:00.0,0.0,0.0,0.0,0.0,1.0
2026-04-19T22:00:00.0,0.0,0.0,0.0,0.0,1.0
2026-04-19T23:00:00.0,0.0,0.0,0.0,0.0,1.0
2026-04-20T00:00:00.0,0.0,0.0,0.0,0.0,1.0
2026-04-20T01:00:00.0,0.0,0.0,0.0,0.0,1.0
2026-04-20T02:00:00.0,0.0,0.0,0.0,0.0,1.0
2026-04-20T03:00:00.0,0.0,0.0,0.0,0.0,1.0
2026-04-20T04:00:00.0,0.0,0.0,0.0,0.0,1.0
2026-04-20T05:00:00.0,7.3277,2.1482,5.1795,41.4206,0.775
2026-04-20T06:00:00.0,109.8645,65.2072,44.6573,406.6853,0.8417
2026-04-20T07:00:00.0,267.6591,188.4016,79.2575,608.0101,1.0
2026-04-20T08:00:00.0,431.3674,324.5457,106.8216,718.2495,1.0
2026-04-20T09:00:00.0,578.4263,452.0617,126.3646,781.4594,1.0
2026-04-20T10:00:00.0,715.9293,605.3287,110.6006,894.7872,1.0
2026-04-20T11:00:00.0,791.0055,678.024,112.9814,918.01,1.0
2026-04-20T12:00:00.0,750.922,544.6735,206.2485,715.4366,1.0
2026-04-20T13:00:00.0,758.1647,602.4882,155.6765,808.4703,1.0
2026-04-20T14:00:00.0,706.9387,575.5082,131.4304,841.9367,1.0
2026-04-20T15:00:00.0,606.4747,496.2278,110.2469,839.0146,1.0
2026-04-20T16:00:00.0,458.6285,360.0345,98.594,768.0543,1.0
2026-04-20T17:00:00.0,290.7608,210.8295,79.9313,646.4395,1.0
2026-04-20T18:00:00.0,124.6573,74.8286,49.8287,422.9713,1.0
2026-04-20T19:00:00.0,12.3183,4.1245,8.1938,65.1944,0.8667
2026-04-20T20:00:00.0,0.0,0.0,0.0,0.0,1.0
2026-04-20T21:00:00.0,0.0,0.0,0.0,0.0,1.0
2026-04-20T22:00:00.0,0.0,0.0,0.0,0.0,1.0
2026-04-20T23:00:00.0,0.0,0.0,0.0,0.0,1.0
2026-04-21T00:00:00.0,0.0,0.0,0.0,0.0,1.0
2026-04-21T01:00:00.0,0.0,0.0,0.0,0.0,1.0
2026-04-21T02:00:00.0,0.0,0.0,0.0,0.0,1.0
2026-04-21T03:00:00.0,0.0,0.0,0.0,0.0,1.0
2026-04-21T04:00:00.0,0.0,0.0,0.0,0.0,1.0
2026-04-21T05:00:00.0,4.2795,0.0032,4.2763,0.0571,0.7583
2026-04-21T06:00:00.0,84.4146,30.581,53.8337,152.9203,0.8417
2026-04-21T07:00:00.0,195.4774,61.951,133.5264,206.6302,1.0
2026-04-21T08:00:00.0,313.4653,87.964,225.5013,195.9566,1.0
2026-04-21T09:00:00.0,367.0907,58.8468,308.2439,101.8304,1.0
2026-04-21T10:00:00.0,451.2943,145.3759,305.9184,207.4929,1.0
2026-04-21T11:00:00.0,663.9696,382.0819,281.8877,518.7482,1.0
2026-04-21T12:00:00.0,542.9379,207.1868,335.7511,271.0081,1.0
2026-04-21T13:00:00.0,356.6569,19.9115,336.7455,26.6018,1.0
2026-04-21T14:00:00.0,448.7722,160.837,287.9352,232.5771,1.0
2026-04-21T15:00:00.0,339.3655,85.0215,254.344,151.644,1.0
2026-04-21T16:00:00.0,437.1827,291.7961,145.3866,616.2799,1.0
2026-04-21T17:00:00.0,227.6077,79.8679,147.7398,237.5756,1.0
2026-04-21T18:00:00.0,83.4086,7.6784,75.7302,37.7449,1.0
2026-04-21T19:00:00.0,10.5502,1.2011,9.3491,19.5109,0.8583
2026-04-21T20:00:00.0,0.0,0.0,0.0,0.0,1.0
2026-04-21T21:00:00.0,0.0,0.0,0.0,0.0,1.0
2026-04-21T22:00:00.0,0.0,0.0,0.0,0.0,1.0
2026-04-21T23:00:00.0,0.0,0.0,0.0,0.0,1.0
2026-04-22T00:00:00.0,0.0,0.0,0.0,0.0,1.0
2026-04-22T01:00:00.0,0.0,0.0,0.0,0.0,1.0
2026-04-22T02:00:00.0,0.0,0.0,0.0,0.0,1.0
2026-04-22T03:00:00.0,0.0,0.0,0.0,0.0,1.0
2026-04-22T04:00:00.0,0.0,0.0,0.0,0.0,1.0
2026-04-22T05:00:00.0,2.4976,0.0,2.4976,0.0,0.7417
2026-04-22T06:00:00.0,18.4609,0.0,18.4609,0.0,0.8417
2026-04-22T07:00:00.0,59.7553,1.7723,57.983,4.6974,1.0
2026-04-22T08:00:00.0,312.2964,93.1275,219.169,191.9064,1.0
2026-04-22T09:00:00.0,477.3854,211.5521,265.8333,367.9412,1.0
2026-04-22T10:00:00.0,525.8594,145.3089,380.5505,213.5695,1.0
2026-04-22T11:00:00.0,425.6119,54.7954,370.8166,73.5064,1.0
2026-04-22T12:00:00.0,272.0861,6.2143,265.8717,8.0998,1.0
2026-04-22T13:00:00.0,282.3861,5.0322,277.3539,6.7539,1.0
2026-04-22T14:00:00.0,281.9315,10.1379,271.7937,14.8887,1.0
2026-04-22T15:00:00.0,215.8682,7.2209,208.6473,11.4538,1.0
2026-04-22T16:00:00.0,132.9304,0.3858,132.5446,0.919,1.0
2026-04-22T17:00:00.0,182.7102,24.7242,157.986,74.7096,1.0
2026-04-22T18:00:00.0,98.0718,18.0509,80.0209,110.5375,1.0
2026-04-22T19:00:00.0,14.1249,3.8375,10.2874,55.5466,0.8417
2026-04-22T20:00:00.0,0.0,0.0,0.0,0.0,1.0
2026-04-22T21:00:00.0,0.0,0.0,0.0,0.0,1.0
2026-04-22T22:00:00.0,0.0,0.0,0.0,0.0,1.0
2026-04-22T23:00:00.0,0.0,0.0,0.0,0.0,1.0
2026-04-23T00:00:00.0,0.0,0.0,0.0,0.0,1.0
2026-04-23T01:00:00.0,0.0,0.0,0.0,0.0,1.0
2026-04-23T02:00:00.0,0.0,0.0,0.0,0.0,1.0
2026-04-23T03:00:00.0,0.0,0.0,0.0,0.0,1.0
2026-04-23T04:00:00.0,0.0,0.0,0.0,0.0,1.0
2026-04-23T05:00:00.0,9.8845,1.7284,8.156,27.5535,0.725
2026-04-23T06:00:00.0,90.6807,25.2964,65.3842,160.5865,0.8417
2026-04-23T07:00:00.0,134.5122,14.9805,119.5318,43.3344,1.0
2026-04-23T08:00:00.0,331.6736,99.7672,231.9065,219.3758,1.0
2026-04-23T09:00:00.0,451.0277,139.7329,311.2948,232.3699,1.0
2026-04-23T10:00:00.0,630.5539,341.0836,289.4702,494.5474,1.0
2026-04-23T11:00:00.0,708.9053,402.7365,306.1688,536.6204,1.0
2026-04-23T12:00:00.0,731.3576,408.1114,323.2462,528.1928,1.0
2026-04-23T13:00:00.0,694.4073,358.7728,335.6345,474.7378,1.0
2026-04-23T14:00:00.0,574.0453,205.6028,368.4425,294.1435,1.0
2026-04-23T15:00:00.0,421.7769,82.6817,339.0952,136.949,1.0
2026-04-23T16:00:00.0,323.9392,67.8059,256.1333,146.5777,1.0
2026-04-23T17:00:00.0,230.5504,67.9705,162.5799,202.9167,1.0
2026-04-23T18:00:00.0,119.155,46.0139,73.1411,237.2627,1.0
2026-04-23T19:00:00.0,16.7609,5.8222,10.9386,82.3313,0.825
2026-04-23T20:00:00.0,0.0,0.0,0.0,0.0,1.0
2026-04-23T21:00:00.0,0.0,0.0,0.0,0.0,1.0
2026-04-23T22:00:00.0,0.0,0.0,0.0,0.0,1.0
2026-04-23T23:00:00.0,0.0,0.0,0.0,0.0,1.0
2026-04-24T00:00:00.0,0.0,0.0,0.0,0.0,1.0
2026-04-24T01:00:00.0,0.0,0.0,0.0,0.0,1.0
2026-04-24T02:00:00.0,0.0,0.0,0.0,0.0,1.0
2026-04-24T03:00:00.0,0.0,0.0,0.0,0.0,1.0
2026-04-24T04:00:00.0,0.0,0.0,0.0,0.0,1.0
2026-04-24T05:00:00.0,4.1352,0.0,4.1352,0.0,0.7083
2026-04-24T06:00:00.0,61.8011,2.2586,59.5424,9.7922,0.8417
2026-04-24T07:00:00.0,136.9216,4.6673,132.2543,14.4123,1.0
2026-04-24T08:00:00.0,205.2994,6.163,199.1364,13.7207,1.0
2026-04-24T09:00:00.0,470.6458,201.6711,268.9748,326.6448,1.0
2026-04-24T10:00:00.0,653.5802,394.9047,258.6755,572.3148,1.0
2026-04-24T11:00:00.0,711.8806,413.0887,298.7919,546.894,1.0
2026-04-24T12:00:00.0,796.0275,611.8812,184.1463,788.0616,1.0
2026-04-24T13:00:00.0,766.3912,564.7122,201.679,745.9198,1.0
2026-04-24T14:00:00.0,714.1044,559.9672,154.1371,800.9761,1.0
2026-04-24T15:00:00.0,598.9266,450.5528,148.3738,743.1497,1.0
2026-04-24T16:00:00.0,365.1336,162.2473,202.8863,316.4563,1.0
2026-04-24T17:00:00.0,104.905,4.721,100.184,13.071,1.0
2026-04-24T18:00:00.0,108.6597,45.3508,63.3089,239.1082,0.6583
2026-04-24T19:00:00.0,15.1725,2.7933,12.3793,36.9264,0.65
2026-04-24T20:00:00.0,0.0,0.0,0.0,0.0,1.0
2026-04-24T21:00:00.0,0.0,0.0,0.0,0.0,1.0
2026-04-24T22:00:00.0,0.0,0.0,0.0,0.0,1.0
2026-04-24T23:00:00.0,0.0,0.0,0.0,0.0,1.0
2026-04-25T00:00:00.0,0.0,0.0,0.0,0.0,1.0
2026-04-25T01:00:00.0,0.0,0.0,0.0,0.0,1.0
2026-04-25T02:00:00.0,0.0,0.0,0.0,0.0,1.0
2026-04-25T03:00:00.0,0.0,0.0,0.0,0.0,1.0
2026-04-25T04:00:00.0,0.0,0.0,0.0,0.0,1.0
2026-04-25T05:00:00.0,7.7753,0.0207,7.7546,0.2981,0.6917
2026-04-25T06:00:00.0,42.5651,0.9914,41.5736,4.449,0.9667
2026-04-25T07:00:00.0,149.8365,17.5352,132.3013,47.0714,1.0
2026-04-25T08:00:00.0,367.9021,176.1561,191.746,372.9525,1.0
2026-04-25T09:00:00.0,502.3826,261.3799,241.0027,436.7773,1.0
2026-04-25T10:00:00.0,506.8423,168.6369,338.2054,243.5151,1.0
2026-04-25T11:00:00.0,567.2417,193.6604,373.5813,255.202,1.0
2026-04-25T12:00:00.0,655.6028,291.4685,364.1344,373.6472,1.0
2026-04-25T13:00:00.0,617.6822,209.9776,407.7046,275.2745,1.0
2026-04-25T14:00:00.0,492.1974,99.5688,392.6286,141.074,1.0
2026-04-25T15:00:00.0,359.063,51.3114,307.7516,83.1586,1.0
2026-04-25T16:00:00.0,260.625,22.3471,238.2779,47.4686,1.0
2026-04-25T17:00:00.0,216.1635,69.6632,146.5004,221.6865,1.0
2026-04-25T18:00:00.0,107.2044,28.6097,78.5947,121.0784,1.0
2026-04-25T19:00:00.0,14.7649,0.1666,14.5982,2.3294,0.8
2026-04-25T20:00:00.0,0.0,0.0,0.0,0.0,1.0
2026-04-25T21:00:00.0,0.0,0.0,0.0,0.0,1.0
2026-04-25T22:00:00.0,0.0,0.0,0.0,0.0,1.0
2026-04-25T23:00:00.0,0.0,0.0,0.0,0.0,1.0
2026-04-26T00:00:00.0,0.0,0.0,0.0,0.0,1.0
2026-04-26T01:00:00.0,0.0,0.0,0.0,0.0,1.0
2026-04-26T02:00:00.0,0.0,0.0,0.0,0.0,1.0
2026-04-26T03:00:00.0,0.0,0.0,0.0,0.0,1.0
2026-04-26T04:00:00.0,0.0,0.0,0.0,0.0,1.0
2026-04-26T05:00:00.0,7.3375,0.0,7.3375,0.0,0.675
2026-04-26T06:00:00.0,54.4929,0.2347,54.2582,0.9825,0.9667
2026-04-26T07:00:00.0,116.5719,7.1,109.4719,18.4806,1.0
2026-04-26T08:00:00.0,239.0137,20.5143,218.4994,45.5632,1.0
2026-04-26T09:00:00.0,273.8275,11.7031,262.1244,18.9909,1.0
2026-04-26T10:00:00.0,334.8227,19.3524,315.4703,27.6264,1.0
2026-04-26T11:00:00.0,404.2817,39.6035,364.6782,51.8973,1.0
2026-04-26T12:00:00.0,449.2657,62.4395,386.8261,79.69,1.0
2026-04-26T13:00:00.0,334.0436,19.6809,314.3628,25.4395,1.0
2026-04-26T14:00:00.0,240.6427,2.3599,238.2828,3.2802,1.0
2026-04-26T15:00:00.0,218.6321,2.4893,216.1428,4.239,1.0
2026-04-26T16:00:00.0,210.9951,5.5284,205.4667,11.2205,1.0
2026-04-26T17:00:00.0,126.452,2.743,123.709,8.9476,1.0
2026-04-26T18:00:00.0,121.0576,43.2202,77.8374,241.6779,1.0
2026-04-26T19:00:00.0,14.3612,1.5281,12.8332,14.754,0.7833
2026-04-26T20:00:00.0,0.0,0.0,0.0,0.0,1.0
2026-04-26T21:00:00.0,0.0,0.0,0.0,0.0,1.0
2026-04-26T22:00:00.0,0.0,0.0,0.0,0.0,1.0
2026-04-26T23:00:00.0,0.0,0.0,0.0,0.0,1.0
2026-04-27T00:00:00.0,0.0,0.0,0.0,0.0,1.0
2026-04-27T01:00:00.0,0.0,0.0,0.0,0.0,1.0
2026-04-27T02:00:00.0,0.0,0.0,0.0,0.0,1.0
2026-04-27T03:00:00.0,0.0,0.0,0.0,0.0,1.0
2026-04-27T04:00:00.0,0.0,0.0,0.0,0.0,1.0
2026-04-27T05:00:00.0,11.782,0.0516,11.7304,0.6961,0.6583
2026-04-27T06:00:00.0,71.6249,2.8074,68.8175,11.7453,0.9667
2026-04-27T07:00:00.0,264.6765,158.3583,106.3181,443.1841,1.0
2026-04-27T08:00:00.0,474.0818,381.8141,92.2676,787.8335,1.0
2026-04-27T09:00:00.0,610.6455,496.4928,114.1527,812.9227,1.0
2026-04-27T10:00:00.0,737.8167,631.7424,106.0742,896.9098,1.0
2026-04-27T11:00:00.0,784.509,622.0497,162.4593,814.8901,1.0
2026-04-27T12:00:00.0,666.7716,260.9966,405.7751,331.8203,1.0
2026-04-27T13:00:00.0,676.4722,393.2842,283.188,509.7452,1.0
2026-04-27T14:00:00.0,534.7853,183.2252,351.5601,257.6839,1.0
2026-04-27T15:00:00.0,358.2191,58.8566,299.3625,93.9886,1.0
2026-04-27T16:00:00.0,307.6831,40.0138,267.6693,80.8331,1.0
2026-04-27T17:00:00.0,208.1409,24.5191,183.6217,67.8415,1.0
2026-04-27T18:00:00.0,77.4446,2.6053,74.8393,11.0416,1.0
2026-04-27T19:00:00.0,15.6235,0.0074,15.6161,0.0952,0.775
2026-04-27T20:00:00.0,0.0,0.0,0.0,0.0,1.0
2026-04-27T21:00:00.0,0.0,0.0,0.0,0.0,1.0
2026-04-27T22:00:00.0,0.0,0.0,0.0,0.0,1.0
2026-04-27T23:00:00.0,0.0,0.0,0.0,0.0,1.0
2026-04-28T00:00:00.0,0.0,0.0,0.0,0.0,1.0
2026-04-28T01:00:00.0,0.0,0.0,0.0,0.0,1.0
2026-04-28T02:00:00.0,0.0,0.0,0.0,0.0,1.0
2026-04-28T03:00:00.0,0.0,0.0,0.0,0.0,1.0
2026-04-28T04:00:00.0,0.0,0.0,0.0,0.0,1.0
2026-04-28T05:00:00.0,21.9698,9.6978,12.272,126.7731,0.6417
2026-04-28T06:00:00.0,150.4739,102.0912,48.3827,523.0183,0.9667
2026-04-28T07:00:00.0,318.9711,248.2954,70.6757,718.7368,1.0
2026-04-28T08:00:00.0,486.3896,401.1183,85.2713,820.8559,1.0
2026-04-28T09:00:00.0,633.8207,539.4252,94.3955,880.6808,1.0
2026-04-28T10:00:00.0,746.6694,645.5098,101.1596,911.8815,1.0
2026-04-28T11:00:00.0,579.2709,220.2604,359.0106,288.4221,1.0
2026-04-28T12:00:00.0,687.1481,383.8118,303.3363,485.6905,1.0
2026-04-28T13:00:00.0,759.3127,572.8173,186.4954,745.0706,1.0
2026-04-28T14:00:00.0,742.6711,611.7001,130.9711,857.9074,1.0
2026-04-28T15:00:00.0,613.3104,469.3835,143.9268,754.2335,1.0
2026-04-28T16:00:00.0,433.9741,276.7348,157.2393,560.9084,1.0
2026-04-28T17:00:00.0,312.3519,210.959,101.3929,592.1637,1.0
2026-04-28T18:00:00.0,147.4776,81.5884,65.8892,394.6986,1.0
2026-04-28T19:00:00.0,24.4951,8.1417,16.3534,97.2409,0.7667
2026-04-28T20:00:00.0,0.0,0.0,0.0,0.0,1.0
2026-04-28T21:00:00.0,0.0,0.0,0.0,0.0,1.0
2026-04-28T22:00:00.0,0.0,0.0,0.0,0.0,1.0
2026-04-28T23:00:00.0,0.0,0.0,0.0,0.0,1.0
2026-04-29T00:00:00.0,0.0,0.0,0.0,0.0,1.0
2026-04-29T01:00:00.0,0.0,0.0,0.0,0.0,1.0
2026-04-29T02:00:00.0,0.0,0.0,0.0,0.0,1.0
2026-04-29T03:00:00.0,0.0,0.0,0.0,0.0,1.0
2026-04-29T04:00:00.0,0.0,0.0,0.0,0.0,1.0
2026-04-29T05:00:00.0,22.4563,8.5783,13.878,107.0419,0.625
2026-04-29T06:00:00.0,148.1173,93.6297,54.4876,466.0688,0.9667
2026-04-29T07:00:00.0,317.1876,238.4113,78.7763,680.6478,1.0
2026-04-29T08:00:00.0,486.688,395.0688,91.6192,801.3795,1.0
2026-04-29T09:00:00.0,635.6375,538.0626,97.5749,872.8937,1.0
2026-04-29T10:00:00.0,750.6299,650.8739,99.756,914.5168,1.0
2026-04-29T11:00:00.0,823.6169,724.6972,98.9198,938.5632,1.0
2026-04-29T12:00:00.0,847.3024,744.1766,103.1257,937.8459,1.0
2026-04-29T13:00:00.0,820.0259,707.5693,112.4566,913.6697,1.0
2026-04-29T14:00:00.0,745.5848,627.691,117.8938,876.4318,1.0
2026-04-29T15:00:00.0,628.9958,510.0611,118.9348,818.8383,1.0
2026-04-29T16:00:00.0,469.2302,348.5629,120.6673,691.1223,1.0
2026-04-29T17:00:00.0,250.731,102.2908,148.4402,292.7442,1.0
2026-04-29T18:00:00.0,118.0454,28.9385,89.1069,133.0727,1.0
2026-04-29T19:00:00.0,20.7722,2.4709,18.3014,34.4739,0.8667
2026-04-29T20:00:00.0,0.0,0.0,0.0,0.0,1.0
2026-04-29T21:00:00.0,0.0,0.0,0.0,0.0,1.0
2026-04-29T22:00:00.0,0.0,0.0,0.0,0.0,1.0
2026-04-29T23:00:00.0,0.0,0.0,0.0,0.0,1.0
2026-04-30T00:00:00.0,0.0,0.0,0.0,0.0,1.0
2026-04-30T01:00:00.0,0.0,0.0,0.0,0.0,1.0
2026-04-30T02:00:00.0,0.0,0.0,0.0,0.0,1.0
2026-04-30T03:00:00.0,0.0,0.0,0.0,0.0,1.0
2026-04-30T04:00:00.0,0.0,0.0,0.0,0.0,1.0
2026-04-30T05:00:00.0,2.9308,0.0,2.9308,0.0,0.6083
2026-04-30T06:00:00.0,15.2553,0.0,15.2553,0.0,0.9667
2026-04-30T07:00:00.0,25.4002,0.0,25.4002,0.0,1.0
2026-04-30T08:00:00.0,35.8157,0.0,35.8157,0.0,1.0
2026-04-30T09:00:00.0,70.9935,0.0,70.9935,0.0,1.0
2026-04-30T10:00:00.0,114.4052,0.004,114.4012,0.0054,1.0
2026-04-30T11:00:00.0,174.4541,4.1497,170.3044,5.2387,1.0
2026-04-30T12:00:00.0,386.9874,140.2802,246.7072,176.2169,1.0
2026-04-30T13:00:00.0,209.4211,0.5616,208.8595,0.7184,1.0
2026-04-30T14:00:00.0,158.5076,3.3665,155.1411,4.9457,1.0
2026-04-30T15:00:00.0,192.8746,108.7225,84.1521,165.1368,1.0
2026-04-30T16:00:00.0,50.4204,0.0,50.4204,0.0,1.0
2026-04-30T17:00:00.0,63.9497,0.1884,63.7613,0.6251,1.0
2026-04-30T18:00:00.0,26.5296,0.0651,26.4644,0.2374,1.0
2026-04-30T19:00:00.0,6.9309,0.0,6.9309,0.0,0.8583
2026-04-30T20:00:00.0,0.0,0.0,0.0,0.0,1.0
2026-04-30T21:00:00.0,0.0,0.0,0.0,0.0,1.0
2026-04-30T22:00:00.0,0.0,0.0,0.0,0.0,1.0
2026-04-30T23:00:00.0,0.0,0.0,0.0,0.0,1.0
2026-05-01T00:00:00.0,0.0,0.0,0.0,0.0,1.0
2026-05-01T01:00:00.0,0.0,0.0,0.0,0.0,1.0
2026-05-01T02:00:00.0,0.0,0.0,0.0,0.0,1.0
2026-05-01T03:00:00.0,0.0,0.0,0.0,0.0,1.0
2026-05-01T04:00:00.0,0.0,0.0,0.0,0.0,1.0
2026-05-01T05:00:00.0,3.047,0.0,3.047,0.0,0.5917
2026-05-01T06:00:00.0,18.4958,0.0,18.4958,0.0,0.9667
2026-05-01T07:00:00.0,70.9068,0.1048,70.8019,0.2518,1.0
2026-05-01T08:00:00.0,269.5711,37.6733,231.8977,71.961,1.0
2026-05-01T09:00:00.0,409.3854,111.7629,297.6225,181.621,1.0
2026-05-01T10:00:00.0,247.1658,11.5676,235.5982,16.8549,1.0
2026-05-01T11:00:00.0,330.9999,17.4902,313.5097,22.2057,1.0
2026-05-01T12:00:00.0,436.2164,49.7929,386.4235,62.2455,1.0
2026-05-01T13:00:00.0,369.9283,28.7278,341.2005,36.569,1.0
2026-05-01T14:00:00.0,300.5783,9.2036,291.3746,12.8589,1.0
2026-05-01T15:00:00.0,182.1011,2.0065,180.0946,3.2742,1.0
2026-05-01T16:00:00.0,214.4591,20.084,194.3751,36.8941,1.0
2026-05-01T17:00:00.0,162.5172,13.4098,149.1074,41.0857,1.0
2026-05-01T18:00:00.0,82.4435,4.2991,78.1444,17.2139,1.0
2026-05-01T19:00:00.0,19.8417,4.912,14.9297,46.9,0.8417
2026-05-01T20:00:00.0,0.0,0.0,0.0,0.0,1.0
2026-05-01T21:00:00.0,0.0,0.0,0.0,0.0,1.0
2026-05-01T22:00:00.0,0.0,0.0,0.0,0.0,1.0
2026-05-01T23:00:00.0,0.0,0.0,0.0,0.0,1.0
2026-05-02T00:00:00.0,0.0,0.0,0.0,0.0,1.0
2026-05-02T01:00:00.0,0.0,0.0,0.0,0.0,1.0
2026-05-02T02:00:00.0,0.0,0.0,0.0,0.0,1.0
2026-05-02T03:00:00.0,0.0,0.0,0.0,0.0,1.0
2026-05-02T04:00:00.0,0.0,0.0,0.0,0.0,1.0
2026-05-02T05:00:00.0,3.2316,0.0,3.2316,0.0,0.5833
2026-05-02T06:00:00.0,27.9946,0.0276,27.967,0.0984,0.9667
2026-05-02T07:00:00.0,229.9868,92.6291,137.3577,246.4816,1.0
2026-05-02T08:00:00.0,244.7583,76.975,167.7833,139.6289,1.0
2026-05-02T09:00:00.0,554.0618,337.3047,216.757,540.321,1.0
2026-05-02T10:00:00.0,692.7941,482.6635,210.1305,672.5916,1.0
2026-05-02T11:00:00.0,719.2177,437.0546,282.1631,558.7935,1.0
2026-05-02T12:00:00.0,610.516,226.167,384.3491,281.8347,1.0
2026-05-02T13:00:00.0,542.95,129.2092,413.7408,164.7213,1.0
2026-05-02T14:00:00.0,471.4586,96.44,375.0186,132.5378,1.0
2026-05-02T15:00:00.0,415.4257,73.2828,342.1429,114.0855,1.0
2026-05-02T16:00:00.0,347.2071,70.4314,276.7757,139.6441,1.0
2026-05-02T17:00:00.0,247.44,82.9493,164.4907,225.6622,1.0
2026-05-02T18:00:00.0,86.9216,4.8259,82.0957,17.6189,1.0
2026-05-02T19:00:00.0,23.9224,2.7301,21.1923,41.2407,0.825
2026-05-02T20:00:00.0,0.0,0.0,0.0,0.0,1.0
2026-05-02T21:00:00.0,0.0,0.0,0.0,0.0,1.0
2026-05-02T22:00:00.0,0.0,0.0,0.0,0.0,1.0
2026-05-02T23:00:00.0,0.0,0.0,0.0,0.0,1.0
2026-05-03T00:00:00.0,0.0,0.0,0.0,0.0,1.0
2026-05-03T01:00:00.0,0.0,0.0,0.0,0.0,1.0
2026-05-03T02:00:00.0,0.0,0.0,0.0,0.0,1.0
2026-05-03T03:00:00.0,0.0,0.0,0.0,0.0,1.0
2026-05-03T04:00:00.0,0.0,0.0,0.0,0.0,1.0
2026-05-03T05:00:00.0,3.5686,0.0,3.5686,0.0,0.5667
2026-05-03T06:00:00.0,74.3824,5.7379,68.6445,24.0242,0.9667
2026-05-03T07:00:00.0,79.7991,0.0807,79.7183,0.2545,1.0
2026-05-03T08:00:00.0,41.7793,0.0055,41.7738,0.0097,1.0
2026-05-03T09:00:00.0,205.5963,1.5226,204.0738,2.3304,1.0
2026-05-03T10:00:00.0,250.2345,2.6663,247.5683,3.7543,1.0
2026-05-03T11:00:00.0,220.7604,0.5388,220.2216,0.6823,1.0
2026-05-03T12:00:00.0,296.2376,3.7581,292.4795,4.6607,1.0
2026-05-03T13:00:00.0,245.0795,1.0889,243.9906,1.3737,1.0
2026-05-03T14:00:00.0,224.3202,0.7233,223.5969,0.9961,1.0
2026-05-03T15:00:00.0,179.3177,1.0332,178.2845,1.6065,1.0
2026-05-03T16:00:00.0,66.6406,0.0002,66.6404,0.0003,1.0
2026-05-03T17:00:00.0,73.2261,0.2883,72.9378,0.9038,1.0
2026-05-03T18:00:00.0,93.1177,3.9885,89.1291,15.797,1.0
2026-05-03T19:00:00.0,10.3612,0.0001,10.3611,0.0009,0.8167
2026-05-03T20:00:00.0,0.0,0.0,0.0,0.0,1.0
2026-05-03T21:00:00.0,0.0,0.0,0.0,0.0,1.0
2026-05-03T22:00:00.0,0.0,0.0,0.0,0.0,1.0
2026-05-03T23:00:00.0,0.0,0.0,0.0,0.0,1.0
2026-05-04T00:00:00.0,0.0,0.0,0.0,0.0,1.0
2026-05-04T01:00:00.0,0.0,0.0,0.0,0.0,1.0
2026-05-04T02:00:00.0,0.0,0.0,0.0,0.0,1.0
2026-05-04T03:00:00.0,0.0,0.0,0.0,0.0,1.0
2026-05-04T04:00:00.0,0.0,0.0,0.0,0.0,1.0
2026-05-04T05:00:00.0,15.6009,0.0006,15.6003,0.0064,0.55
2026-05-04T06:00:00.0,139.4102,73.8228,65.5874,296.1846,0.9667
2026-05-04T07:00:00.0,266.2107,142.1074,124.1033,409.347,1.0
2026-05-04T08:00:00.0,279.5854,32.1934,247.3919,64.5344,1.0
2026-05-04T09:00:00.0,333.1374,35.0178,298.1196,56.2166,1.0
2026-05-04T10:00:00.0,250.2017,4.5519,245.6498,6.4202,1.0
2026-05-04T11:00:00.0,436.3605,59.6421,376.7184,75.0592,1.0
2026-05-04T12:00:00.0,614.2203,221.5852,392.6351,273.8218,1.0
2026-05-04T13:00:00.0,463.8971,95.8326,368.0645,120.0746,1.0
2026-05-04T14:00:00.0,314.2431,10.8058,303.4373,14.8643,1.0
2026-05-04T15:00:00.0,191.4666,1.6491,189.8176,2.6102,1.0
2026-05-04T16:00:00.0,199.2203,2.3131,196.9072,4.5295,1.0
2026-05-04T17:00:00.0,150.117,3.2169,146.9001,7.9394,1.0
2026-05-04T18:00:00.0,69.622,0.0206,69.6014,0.0801,1.0
2026-05-04T19:00:00.0,20.0806,0.0001,20.0805,0.0016,0.8
2026-05-04T20:00:00.0,0.0,0.0,0.0,0.0,1.0
2026-05-04T21:00:00.0,0.0,0.0,0.0,0.0,1.0
2026-05-04T22:00:00.0,0.0,0.0,0.0,0.0,1.0
2026-05-04T23:00:00.0,0.0,0.0,0.0,0.0,1.0
2026-05-05T00:00:00.0,0.0,0.0,0.0,0.0,1.0
2026-05-05T01:00:00.0,0.0,0.0,0.0,0.0,1.0
2026-05-05T02:00:00.0,0.0,0.0,0.0,0.0,1.0
2026-05-05T03:00:00.0,0.0,0.0,0.0,0.0,1.0
2026-05-05T04:00:00.0,0.0,0.0,0.0,0.0,1.0
2026-05-05T05:00:00.0,5.1323,0.0,5.1323,0.0,0.625
2026-05-05T06:00:00.0,97.8165,29.4502,68.3663,113.2396,1.0
2026-05-05T07:00:00.0,217.9469,48.0718,169.875,126.6545,1.0
2026-05-05T08:00:00.0,275.37,31.9753,243.3947,63.8853,1.0
2026-05-05T09:00:00.0,320.1918,29.2073,290.9846,47.2452,1.0
2026-05-05T10:00:00.0,365.0457,27.9915,337.0542,37.6446,1.0
2026-05-05T11:00:00.0,538.3065,141.591,396.7156,179.4576,1.0
2026-05-05T12:00:00.0,388.3762,31.3562,357.0201,38.6534,1.0
2026-05-05T13:00:00.0,340.9226,12.4227,328.4999,15.6466,1.0
2026-05-05T14:00:00.0,425.0231,62.0139,363.0092,84.5836,1.0
2026-05-05T15:00:00.0,229.5653,4.9976,224.5677,7.3748,1.0
2026-05-05T16:00:00.0,165.4921,0.3579,165.1342,0.6842,1.0
2026-05-05T17:00:00.0,149.0901,1.6176,147.4726,4.5155,1.0
2026-05-05T18:00:00.0,99.8176,2.1752,97.6424,9.1776,1.0
2026-05-05T19:00:00.0,33.2183,5.9506,27.2678,82.1752,0.7917
2026-05-05T20:00:00.0,0.0,0.0,0.0,0.0,1.0
2026-05-05T21:00:00.0,0.0,0.0,0.0,0.0,1.0
2026-05-05T22:00:00.0,0.0,0.0,0.0,0.0,1.0
2026-05-05T23:00:00.0,0.0,0.0,0.0,0.0,1.0
2026-05-06T00:00:00.0,0.0,0.0,0.0,0.0,1.0
2026-05-06T01:00:00.0,0.0,0.0,0.0,0.0,1.0
2026-05-06T02:00:00.0,0.0,0.0,0.0,0.0,1.0
2026-05-06T03:00:00.0,0.0,0.0,0.0,0.0,1.0
2026-05-06T04:00:00.0,0.0,0.0,0.0,0.0,1.0
2026-05-06T05:00:00.0,5.5516,0.0,5.5516,0.0,0.6083
2026-05-06T06:00:00.0,31.5912,0.0,31.5911,0.0002,1.0
2026-05-06T07:00:00.0,110.1381,0.0788,110.0593,0.1892,1.0
2026-05-06T08:00:00.0,222.0383,6.9385,215.0997,12.8183,1.0
2026-05-06T09:00:00.0,215.5441,5.7197,209.8244,9.4429,1.0
2026-05-06T10:00:00.0,87.9771,0.0032,87.9739,0.0043,1.0
2026-05-06T11:00:00.0,242.0244,1.2949,240.7295,1.6161,1.0
2026-05-06T12:00:00.0,303.1125,4.1873,298.9253,5.1379,1.0
2026-05-06T13:00:00.0,277.0567,3.2412,273.8156,4.0479,1.0
2026-05-06T14:00:00.0,279.4331,6.3654,273.0678,8.9017,1.0
2026-05-06T15:00:00.0,269.3496,9.4981,259.8515,14.2012,1.0
2026-05-06T16:00:00.0,147.4124,0.3575,147.0549,0.6621,1.0
2026-05-06T17:00:00.0,105.9468,0.0356,105.9112,0.1035,1.0
2026-05-06T18:00:00.0,79.0658,0.0517,79.0142,0.2152,1.0
2026-05-06T19:00:00.0,22.3347,0.0005,22.3342,0.0038,0.7833
2026-05-06T20:00:00.0,0.0,0.0,0.0,0.0,0.9917
2026-05-06T21:00:00.0,0.0,0.0,0.0,0.0,1.0
2026-05-06T22:00:00.0,0.0,0.0,0.0,0.0,1.0
2026-05-06T23:00:00.0,0.0,0.0,0.0,0.0,1.0
2026-05-07T00:00:00.0,0.0,0.0,0.0,0.0,1.0
2026-05-07T01:00:00.0,0.0,0.0,0.0,0.0,1.0
2026-05-07T02:00:00.0,0.0,0.0,0.0,0.0,1.0
2026-05-07T03:00:00.0,0.0,0.0,0.0,0.0,1.0
2026-05-07T04:00:00.0,0.0,0.0,0.0,0.0,1.0
2026-05-07T05:00:00.0,27.0843,0.3183,26.766,3.1447,0.6
2026-05-07T06:00:00.0,125.5778,31.1526,94.4253,119.2963,1.0
2026-05-07T07:00:00.0,283.4704,144.0481,139.4223,371.6454,1.0
2026-05-07T08:00:00.0,417.4201,222.7836,194.6364,418.1342,1.0
2026-05-07T09:00:00.0,626.831,457.3042,169.5268,715.5073,1.0
2026-05-07T10:00:00.0,431.1646,98.8036,332.3609,137.9276,1.0
2026-05-07T11:00:00.0,432.7591,53.0849,379.6742,66.9613,1.0
2026-05-07T12:00:00.0,359.6754,15.2059,344.4695,18.6138,1.0
2026-05-07T13:00:00.0,369.9521,28.9613,340.9908,35.9976,1.0
2026-05-07T14:00:00.0,327.0455,16.8986,310.1469,23.209,1.0
2026-05-07T15:00:00.0,165.5157,1.6298,163.8859,2.4441,1.0
2026-05-07T16:00:00.0,307.2084,52.595,254.6135,102.9605,1.0
2026-05-07T17:00:00.0,250.5974,67.1739,183.4235,168.0022,1.0
2026-05-07T18:00:00.0,138.2646,33.3742,104.8904,139.3096,1.0
2026-05-07T19:00:00.0,43.4152,14.6337,28.7815,159.8573,0.7833
2026-05-07T20:00:00.0,0.0292,0.0029,0.0263,0.0,0.975
2026-05-07T21:00:00.0,0.0,0.0,0.0,0.0,1.0
2026-05-07T22:00:00.0,0.0,0.0,0.0,0.0,1.0
2026-05-07T23:00:00.0,0.0,0.0,0.0,0.0,1.0
2026-05-08T00:00:00.0,0.0,0.0,0.0,0.0,1.0
2026-05-08T01:00:00.0,0.0,0.0,0.0,0.0,1.0
2026-05-08T02:00:00.0,0.0,0.0,0.0,0.0,1.0
2026-05-08T03:00:00.0,0.0,0.0,0.0,0.0,1.0
2026-05-08T04:00:00.0,0.0088,0.0,0.0088,0.0,0.9917
2026-05-08T05:00:00.0,32.2457,0.2005,32.0451,1.8009,0.5917
2026-05-08T06:00:00.0,142.611,26.659,115.952,106.244,1.0
2026-05-08T07:00:00.0,263.6653,64.8594,198.8059,169.0878,1.0
2026-05-08T08:00:00.0,430.2587,191.7751,238.4836,361.0836,1.0
2026-05-08T09:00:00.0,479.3875,124.4854,354.9022,196.9028,1.0
2026-05-08T10:00:00.0,406.3563,44.3678,361.9885,60.4833,1.0
2026-05-08T11:00:00.0,451.7993,57.7377,394.0617,71.7969,1.0
2026-05-08T12:00:00.0,549.2849,127.2491,422.0358,155.0848,1.0
2026-05-08T13:00:00.0,564.6315,127.2822,437.3494,158.8677,1.0
2026-05-08T14:00:00.0,555.2494,123.7712,431.4782,166.073,1.0
2026-05-08T15:00:00.0,389.1328,44.9566,344.1762,68.0279,1.0
2026-05-08T16:00:00.0,345.4668,63.5744,281.8924,124.1302,1.0
2026-05-08T17:00:00.0,228.9842,28.126,200.8583,68.0791,1.0
2026-05-08T18:00:00.0,125.9481,10.2202,115.728,45.4236,1.0
2026-05-08T19:00:00.0,41.3426,8.2979,33.0447,89.6207,0.7833
2026-05-08T20:00:00.0,0.078,0.0009,0.0772,0.0,0.9667
2026-05-08T21:00:00.0,0.0,0.0,0.0,0.0,1.0
2026-05-08T22:00:00.0,0.0,0.0,0.0,0.0,1.0
2026-05-08T23:00:00.0,0.0,0.0,0.0,0.0,1.0
2026-05-09T00:00:00.0,0.0,0.0,0.0,0.0,1.0
2026-05-09T01:00:00.0,0.0,0.0,0.0,0.0,1.0
2026-05-09T02:00:00.0,0.0,0.0,0.0,0.0,1.0
2026-05-09T03:00:00.0,0.0,0.0,0.0,0.0,1.0
2026-05-09T04:00:00.0,0.0239,0.0,0.0239,0.0,0.975
2026-05-09T05:00:00.0,17.8604,0.0022,17.8582,0.014,0.5917
2026-05-09T06:00:00.0,113.6689,4.6725,108.9964,18.7478,1.0
2026-05-09T07:00:00.0,135.6601,2.978,132.6821,8.7856,1.0
2026-05-09T08:00:00.0,211.4418,8.8195,202.6223,15.4357,1.0
2026-05-09T09:00:00.0,397.39,71.065,326.325,110.9068,1.0
2026-05-09T10:00:00.0,415.8118,50.8868,364.925,68.3381,1.0
2026-05-09T11:00:00.0,489.2689,86.3772,402.8917,107.3019,1.0
2026-05-09T12:00:00.0,608.5257,152.7648,455.7609,185.6222,1.0
2026-05-09T13:00:00.0,652.3728,204.5292,447.8436,253.9418,1.0
2026-05-09T14:00:00.0,570.5356,145.2406,425.295,194.4387,1.0
2026-05-09T15:00:00.0,414.5564,75.555,339.0014,114.6122,1.0
2026-05-09T16:00:00.0,324.6898,57.2039,267.486,111.251,1.0
2026-05-09T17:00:00.0,273.6669,78.377,195.2899,199.5902,1.0
2026-05-09T18:00:00.0,161.7102,56.862,104.8482,252.1762,1.0
2026-05-09T19:00:00.0,51.1758,22.0034,29.1724,224.0223,0.9083
2026-05-09T20:00:00.0,0.1825,0.0155,0.1669,0.0,0.95
2026-05-09T21:00:00.0,0.0,0.0,0.0,0.0,1.0
2026-05-09T22:00:00.0,0.0,0.0,0.0,0.0,1.0
2026-05-09T23:00:00.0,0.0,0.0,0.0,0.0,1.0
2026-05-10T00:00:00.0,0.0,0.0,0.0,0.0,1.0
2026-05-10T01:00:00.0,0.0,0.0,0.0,0.0,1.0
2026-05-10T02:00:00.0,0.0,0.0,0.0,0.0,1.0
2026-05-10T03:00:00.0,0.0,0.0,0.0,0.0,1.0
2026-05-10T04:00:00.0,0.1511,0.014,0.1372,0.0,0.9667
2026-05-10T05:00:00.0,56.369,33.1486,23.2204,317.2697,0.5917
2026-05-10T06:00:00.0,205.5077,153.9761,51.5316,638.753,1.0
2026-05-10T07:00:00.0,375.8772,306.7127,69.1644,785.114,1.0
2026-05-10T08:00:00.0,541.004,459.615,81.3889,864.7366,1.0
2026-05-10T09:00:00.0,686.7224,599.8667,86.8557,918.5922,1.0
2026-05-10T10:00:00.0,801.3388,715.402,85.9368,958.5471,1.0
2026-05-10T11:00:00.0,874.4697,792.3607,82.1089,984.046,1.0
2026-05-10T12:00:00.0,898.7262,816.5247,82.2015,989.0458,1.0
2026-05-10T13:00:00.0,872.4162,785.7855,86.6306,974.7986,1.0
2026-05-10T14:00:00.0,799.5184,710.6524,88.866,949.9473,1.0
2026-05-10T15:00:00.0,634.7993,485.8264,148.9729,732.4335,1.0
2026-05-10T16:00:00.0,529.7128,434.6322,95.0806,816.0354,1.0
2026-05-10T17:00:00.0,284.764,142.9255,141.8385,340.5325,1.0
2026-05-10T18:00:00.0,131.2567,28.2697,102.987,100.8068,1.0
2026-05-10T19:00:00.0,43.1676,6.6777,36.4899,86.7224,0.9083
2026-05-10T20:00:00.0,0.3046,0.0232,0.2814,0.0,0.9333
2026-05-10T21:00:00.0,0.0,0.0,0.0,0.0,1.0
2026-05-10T22:00:00.0,0.0,0.0,0.0,0.0,1.0
2026-05-10T23:00:00.0,0.0,0.0,0.0,0.0,1.0
2026-05-11T00:00:00.0,0.0,0.0,0.0,0.0,1.0
2026-05-11T01:00:00.0,0.0,0.0,0.0,0.0,1.0
2026-05-11T02:00:00.0,0.0,0.0,0.0,0.0,1.0
2026-05-11T03:00:00.0,0.0,0.0,0.0,0.0,1.0
2026-05-11T04:00:00.0,0.1071,0.0,0.1071,0.0,0.95
2026-05-11T05:00:00.0,22.2259,0.0,22.2259,0.0,0.5917
2026-05-11T06:00:00.0,83.1773,6.5678,76.6096,23.5322,1.0
2026-05-11T07:00:00.0,117.5973,1.008,116.5893,3.0404,1.0
2026-05-11T08:00:00.0,182.4247,1.1294,181.2953,2.0028,1.0
2026-05-11T09:00:00.0,309.7095,19.8883,289.8212,30.039,1.0
2026-05-11T10:00:00.0,381.471,42.5302,338.9408,55.5546,1.0
2026-05-11T11:00:00.0,528.4695,127.1155,401.354,157.1122,1.0
2026-05-11T12:00:00.0,468.7686,77.5617,391.2068,93.736,1.0
2026-05-11T13:00:00.0,461.3813,125.8904,335.4909,154.3048,1.0
2026-05-11T14:00:00.0,307.1138,27.6174,279.4963,37.6055,1.0
2026-05-11T15:00:00.0,292.6934,59.1955,233.4979,92.3856,1.0
2026-05-11T16:00:00.0,204.7879,10.5758,194.2121,19.9905,1.0
2026-05-11T17:00:00.0,221.9109,44.1878,177.7231,114.8568,1.0
2026-05-11T18:00:00.0,113.7192,10.6479,103.0713,52.422,1.0
2026-05-11T19:00:00.0,43.5566,9.0719,34.4848,100.6305,0.9083
2026-05-11T20:00:00.0,0.4584,0.0387,0.4197,0.0,0.925
2026-05-11T21:00:00.0,0.0,0.0,0.0,0.0,1.0
2026-05-11T22:00:00.0,0.0,0.0,0.0,0.0,1.0
2026-05-11T23:00:00.0,0.0,0.0,0.0,0.0,1.0
2026-05-12T00:00:00.0,0.0,0.0,0.0,0.0,1.0
2026-05-12T01:00:00.0,0.0,0.0,0.0,0.0,1.0
2026-05-12T02:00:00.0,0.0,0.0,0.0,0.0,1.0
2026-05-12T03:00:00.0,0.0,0.0,0.0,0.0,1.0
2026-05-12T04:00:00.0,0.0526,0.0,0.0526,0.0,0.9333
2026-05-12T05:00:00.0,7.3521,0.0,7.3521,0.0002,0.5917
2026-05-12T06:00:00.0,78.7547,3.4235,75.3313,11.1775,1.0
2026-05-12T07:00:00.0,273.6083,112.9576,160.6507,288.4124,1.0
2026-05-12T08:00:00.0,192.3699,4.1442,188.2258,8.4746,1.0
2026-05-12T09:00:00.0,468.6548,194.8313,273.8235,288.8327,1.0
2026-05-12T10:00:00.0,685.1922,415.0064,270.1859,548.6481,1.0
2026-05-12T11:00:00.0,847.4797,675.8036,171.6761,833.1595,1.0
2026-05-12T12:00:00.0,875.1412,705.2476,169.8935,849.0569,1.0
2026-05-12T13:00:00.0,857.3927,697.3519,160.0409,860.1079,1.0
2026-05-12T14:00:00.0,789.7579,638.1307,151.6272,847.073,1.0
2026-05-12T15:00:00.0,659.8608,496.8763,162.9845,750.0559,1.0
2026-05-12T16:00:00.0,535.2808,408.1903,127.0906,754.9451,1.0
2026-05-12T17:00:00.0,372.5149,267.4553,105.0595,666.8411,1.0
2026-05-12T18:00:00.0,204.5373,128.9053,75.632,509.1353,1.0
2026-05-12T19:00:00.0,59.3853,25.6714,33.7139,217.5372,0.9083
2026-05-12T20:00:00.0,0.6627,0.0346,0.6281,0.7539,0.9167
2026-05-12T21:00:00.0,0.0,0.0,0.0,0.0,1.0
2026-05-12T22:00:00.0,0.0,0.0,0.0,0.0,1.0
2026-05-12T23:00:00.0,0.0,0.0,0.0,0.0,1.0
2026-05-13T00:00:00.0,0.0,0.0,0.0,0.0,1.0
2026-05-13T01:00:00.0,0.0,0.0,0.0,0.0,1.0
2026-05-13T02:00:00.0,0.0,0.0,0.0,0.0,1.0
2026-05-13T03:00:00.0,0.0,0.0,0.0,0.0,1.0
2026-05-13T04:00:00.0,0.4501,0.0046,0.4455,0.062,0.925
2026-05-13T05:00:00.0,43.8077,6.7385,37.0692,55.4176,0.5917
2026-05-13T06:00:00.0,172.0518,77.11,94.9417,314.7032,1.0
2026-05-13T07:00:00.0,272.5717,101.3044,171.2673,245.8023,1.0
2026-05-13T08:00:00.0,402.3783,166.7583,235.62,308.9904,1.0
2026-05-13T09:00:00.0,566.9509,318.7906,248.1603,482.2291,1.0
2026-05-13T10:00:00.0,408.9038,98.9753,309.9285,130.4256,1.0
2026-05-13T11:00:00.0,645.5766,329.649,315.9276,407.802,1.0
2026-05-13T12:00:00.0,734.7083,460.9895,273.7188,553.6202,1.0
2026-05-13T13:00:00.0,781.9349,540.5768,241.3581,663.8503,1.0
2026-05-13T14:00:00.0,629.3126,285.8891,343.4234,376.5935,1.0
2026-05-13T15:00:00.0,547.0699,296.4597,250.6102,450.0328,1.0
2026-05-13T16:00:00.0,450.726,256.0096,194.7165,467.8482,1.0
2026-05-13T17:00:00.0,323.0093,187.0381,135.9711,475.4562,1.0
2026-05-13T18:00:00.0,193.0856,113.7863,79.2993,445.6661,1.0
2026-05-13T19:00:00.0,59.3936,25.4975,33.8961,212.8178,0.9083
2026-05-13T20:00:00.0,0.8489,0.0564,0.7925,1.5072,0.9
2026-05-13T21:00:00.0,0.0,0.0,0.0,0.0,1.0
2026-05-13T22:00:00.0,0.0,0.0,0.0,0.0,1.0
2026-05-13T23:00:00.0,0.0,0.0,0.0,0.0,1.0
2026-05-14T00:00:00.0,0.0,0.0,0.0,0.0,1.0
2026-05-14T01:00:00.0,0.0,0.0,0.0,0.0,1.0
2026-05-14T02:00:00.0,0.0,0.0,0.0,0.0,1.0
2026-05-14T03:00:00.0,0.0,0.0,0.0,0.0,1.0
2026-05-14T04:00:00.0,0.1006,0.0,0.1006,0.0,0.9083
2026-05-14T05:00:00.0,7.9564,0.008,7.9484,0.0466,0.5917
2026-05-14T06:00:00.0,94.7334,3.2469,91.4865,12.3436,1.0
2026-05-14T07:00:00.0,224.8151,13.0247,211.7904,32.0253,1.0
2026-05-14T08:00:00.0,207.6876,3.4366,204.251,6.5997,1.0
2026-05-14T09:00:00.0,316.7995,19.2439,297.5557,28.3431,1.0
2026-05-14T10:00:00.0,390.5964,33.1385,357.4579,43.6201,1.0
2026-05-14T11:00:00.0,489.8803,81.3,408.5804,99.8396,1.0
2026-05-14T12:00:00.0,513.7728,82.5466,431.2262,98.841,1.0
2026-05-14T13:00:00.0,528.6577,101.9271,426.7306,125.2665,1.0
2026-05-14T14:00:00.0,567.7679,130.0935,437.6744,171.1531,1.0
2026-05-14T15:00:00.0,489.2427,156.7483,332.4945,242.1394,1.0
2026-05-14T16:00:00.0,378.146,105.1718,272.9742,182.9145,1.0
2026-05-14T17:00:00.0,241.6479,25.0421,216.6058,61.274,1.0
2026-05-14T18:00:00.0,169.6803,52.6333,117.047,220.6618,1.0
2026-05-14T19:00:00.0,63.5898,27.113,36.4768,234.0858,0.9083
2026-05-14T20:00:00.0,1.1708,0.1271,1.0437,3.9143,0.8833
2026-05-14T21:00:00.0,0.0,0.0,0.0,0.0,1.0
2026-05-14T22:00:00.0,0.0,0.0,0.0,0.0,1.0
2026-05-14T23:00:00.0,0.0,0.0,0.0,0.0,1.0
